/*
 Navicat Premium Dump SQL

 Source Server         : 8.210.210.255_3306
 Source Server Type    : MySQL
 Source Server Version : 80016 (8.0.16)
 Source Host           : 8.210.210.255:3306
 Source Schema         : beverage_platform

 Target Server Type    : MySQL
 Target Server Version : 80016 (8.0.16)
 File Encoding         : 65001

 Date: 03/01/2026 23:49:04
*/

SET NAMES utf8mb4;
SET FOREIGN_KEY_CHECKS = 0;

-- ----------------------------
-- Table structure for announcement
-- ----------------------------
DROP TABLE IF EXISTS `announcement`;
CREATE TABLE `announcement`  (
  `id` bigint(20) NOT NULL AUTO_INCREMENT,
  `seller_id` bigint(20) NOT NULL,
  `title` varchar(200) CHARACTER SET utf8mb4 COLLATE utf8mb4_unicode_ci NOT NULL,
  `content` text CHARACTER SET utf8mb4 COLLATE utf8mb4_unicode_ci NOT NULL,
  `event_type` varchar(50) CHARACTER SET utf8mb4 COLLATE utf8mb4_unicode_ci NULL DEFAULT NULL,
  `location` varchar(200) CHARACTER SET utf8mb4 COLLATE utf8mb4_unicode_ci NULL DEFAULT NULL,
  `event_date` timestamp NULL DEFAULT NULL,
  `cover_image_id` bigint(20) NULL DEFAULT NULL,
  `status` enum('PENDING','APPROVED','REJECTED') CHARACTER SET utf8mb4 COLLATE utf8mb4_unicode_ci NULL DEFAULT 'PENDING',
  `reviewed_by` bigint(20) NULL DEFAULT NULL,
  `reviewed_at` timestamp NULL DEFAULT NULL,
  `reject_reason` text CHARACTER SET utf8mb4 COLLATE utf8mb4_unicode_ci NULL,
  `created_at` timestamp NULL DEFAULT CURRENT_TIMESTAMP,
  `updated_at` timestamp NULL DEFAULT CURRENT_TIMESTAMP ON UPDATE CURRENT_TIMESTAMP,
  `is_active` tinyint(1) NULL DEFAULT 1,
  `view_count` int(11) NULL DEFAULT 0,
  PRIMARY KEY (`id`) USING BTREE,
  INDEX `cover_image_id`(`cover_image_id` ASC) USING BTREE,
  INDEX `reviewed_by`(`reviewed_by` ASC) USING BTREE,
  INDEX `idx_seller_id`(`seller_id` ASC) USING BTREE,
  INDEX `idx_status`(`status` ASC) USING BTREE,
  INDEX `idx_event_date`(`event_date` ASC) USING BTREE,
  CONSTRAINT `announcement_ibfk_1` FOREIGN KEY (`seller_id`) REFERENCES `user` (`id`) ON DELETE CASCADE ON UPDATE RESTRICT,
  CONSTRAINT `announcement_ibfk_2` FOREIGN KEY (`cover_image_id`) REFERENCES `image` (`id`) ON DELETE SET NULL ON UPDATE RESTRICT,
  CONSTRAINT `announcement_ibfk_3` FOREIGN KEY (`reviewed_by`) REFERENCES `user` (`id`) ON DELETE SET NULL ON UPDATE RESTRICT
) ENGINE = InnoDB AUTO_INCREMENT = 1 CHARACTER SET = utf8mb4 COLLATE = utf8mb4_unicode_ci COMMENT = '公告表' ROW_FORMAT = DYNAMIC;

-- ----------------------------
-- Records of announcement
-- ----------------------------

-- ----------------------------
-- Table structure for avatar_image_data
-- ----------------------------
DROP TABLE IF EXISTS `avatar_image_data`;
CREATE TABLE `avatar_image_data`  (
  `image_id` bigint(20) NOT NULL,
  `image_data` longblob NOT NULL,
  PRIMARY KEY (`image_id`) USING BTREE,
  CONSTRAINT `avatar_image_data_ibfk_1` FOREIGN KEY (`image_id`) REFERENCES `image` (`id`) ON DELETE CASCADE ON UPDATE RESTRICT
) ENGINE = InnoDB CHARACTER SET = utf8mb4 COLLATE = utf8mb4_unicode_ci COMMENT = '头像图片数据表' ROW_FORMAT = DYNAMIC;

-- ----------------------------
-- Records of avatar_image_data
-- ----------------------------
INSERT INTO `avatar_image_data` VALUES (2, 0xFFD8FFE000104A46494600010100000100010000FFDB0043000A07070807060A0808080B0A0A0B0E18100E0D0D0E1D15161118231F2524221F2221262B372F26293429212230413134393B3E3E3E252E4449433C48373D3E3BFFDB0043010A0B0B0E0D0E1C10101C3B2822283B3B3B3B3B3B3B3B3B3B3B3B3B3B3B3B3B3B3B3B3B3B3B3B3B3B3B3B3B3B3B3B3B3B3B3B3B3B3B3B3B3B3B3B3B3B3B3B3B3BFFC000110801DA01DA03012200021101031101FFC4001F0000010501010101010100000000000000000102030405060708090A0BFFC400B5100002010303020403050504040000017D01020300041105122131410613516107227114328191A1082342B1C11552D1F02433627282090A161718191A25262728292A3435363738393A434445464748494A535455565758595A636465666768696A737475767778797A838485868788898A92939495969798999AA2A3A4A5A6A7A8A9AAB2B3B4B5B6B7B8B9BAC2C3C4C5C6C7C8C9CAD2D3D4D5D6D7D8D9DAE1E2E3E4E5E6E7E8E9EAF1F2F3F4F5F6F7F8F9FAFFC4001F0100030101010101010101010000000000000102030405060708090A0BFFC400B51100020102040403040705040400010277000102031104052131061241510761711322328108144291A1B1C109233352F0156272D10A162434E125F11718191A262728292A35363738393A434445464748494A535455565758595A636465666768696A737475767778797A82838485868788898A92939495969798999AA2A3A4A5A6A7A8A9AAB2B3B4B5B6B7B8B9BAC2C3C4C5C6C7C8C9CAD2D3D4D5D6D7D8D9DAE2E3E4E5E6E7E8E9EAF2F3F4F5F6F7F8F9FAFFDA000C03010002110311003F00F622E431F4A4DED43FDEC51400073D7D69771F5A4FC781CD21EFD2801DB8FAFE946E6FD693FAFA573DA87899A4BD934BF0FDA8D4B5243894E7105A9FFA68E3B8FEE8CB7D3AD006178BF53863D4E69679D218A05119773803BFF335434ED275DF1080D6B19D32C5B1FE97751E649077F2E33D33EAD8FA1AE9748F065B5ADE7F69EB137F6A6A6496F3245C45113CFEED3A0FF78E4FBD6DDC6A31C7955F9DBD49E056DCEDA4A22D8A3E1EF0C697E14B6923B2126F98EE9A795F2643EA7B0FC00AB936A8A9C440B9F53C0ACF96E2499BF7ADC751E951F1E87EBEB49416EC57259AEE49892ED9F6C74A87CC6FBBC75CE314D2FDC75CE29BBCE4F273D338CD68925B087177E7B1A42E769E73DB14C2FF002E3A0E3A734D24EE001E9F866980F1211C671C71DE9BE637041F63C66A327F887073D3B5373F2F43C1F5A7626E4A656C1191CF1D2A3327CC391F8F6A8DCAF270704F4ED4127B907D6AAC21C64CAE33C0E4714DDEC396CF1D463AD30BFCDD8607AD35DF1DFA8E0F4A603CBB03BBB9EF4CC90A00C0C9E7BE6984839C679381DE9A7B73F30EB8A007798DC827AF27D699BC86C83EFC0E693F87271C75F7A4191918E838E298084F5E78C53792DCE720638A71C0EDDFA51B01CE01E7DF34C91A492BEBC633D334D1BB8E808E69D807007A52E0ED27B7738CE28B811E0F4CF39E940E303F0E6A0BAD534EB2CFDAEFADA12A395794023F0ACD9BC5FA3A656DCDCDD90320C30120FD09C0A4E496ECA516F646D64BE7241F5C77F4A53CF5CFAE2B9893C612941F66D1DF1D8CD3AAE0FD066B3AF3C5DAE46A8DB2C2DE267C17556729E99C9E950EAC5752D529763B9D8DBBA138E29D8254F523183C5706FABEB72E59F57743D0F930A281FA1AA8E6EA6C19752BF90F4C1B96507F0152EB2E88A5424CF480841239CF5C7A544F710C78F327853279DEE0135E6E6CA12E4B095C83C9695CE7F5A3EC568001F66881E9CA86A9F6DE452C3BEE7A39BDB319DD796E3B8CCABFE34C3AAE9DD3FB4AD064F24CCBFE35E79F62B50DC5AC381D311834EFB3423A4118E300841C52F6EFB15F57F33D0D351B17C817F6A7B8C4CBFE353EAF6161AEE876B736DAADBC1AA6985CC0E2456041FBCA509E4118F7E3AD7999B5B53856B68BF140690D8D9F39B5848CF1840054CAA5EDA0D506BA9D6A49AF8031169D3803EF2C8EBBBF0C1C7EB572D9EFA4426FADE381D4E008E5DE3F50315C21B0B5DBC43B475011997F9524915DC2A24B2BCB98E453928276C37E75A2ADDC1D268EFAE6E12D6DE59E66DB1C68CEE71D854D61E15BFD62D21BED4F529ACBCD50F15A5BC484C4A795DCCC0E5B1C9C6076AF3D9751D4AFF4D9A11A94D32488C8F1CD1A923DBA641F7AF5CF08EB116B5A05B4CADBA548C2BE4FCC78C67F1C63EA2B9B135E565CBA0E14F5D4E7F52B0D53C35109EEEE1750D30101AE047B25833DDD47057271B8631DC77A937F4C107233B877AED6444943432A2BA382AC846720F1FAD798E937D696B0DC69CD7B103633C90A799200C6353953F82E07E15784AEE578C89A904B54695FDEC3A7594975704ED51C28E4B9EC07B93C573D671CE0CD7577B7ED174DE64AA3A27180A3E8303DE95EE9F58BB4BC6561670F36A8782E7A190FF4F6E6AC1EE01E9EBFAD555A9CCECB635A50B6ACC9D6256926B5B5ED9F39BDB6F03F53FA542770271F4CF7A2E8F99ACDC1C8FDDC688081D3F88FF4A5E31C0C1EFEF59234DDB6347B1EBCE0F14EF6E31E99A4C6307F5C5182477C1EC3A53013279C74F7FD6B4ECA3D96E1BBB1C8AA3146657540739383EA3D6B5C03C05C71C006931A141E3A8F6A40E7B76E8314B8E4E319CE0678A318273D71C0E98A918A4B3E189E9C0E2AA6A08658E180004CF750A05CF272E3FA0AB3EA73D79F7A934AB637DE28D2ED8E4AC2CD76E00EC838FF00C798537A2149D933D28B9F31B1EBDC714BF27BD33E6E7AF4CF3CD3BE7FEE9AC1A39CD0B7D7F4BBAE56E950E7A4836FF3ABD1CB1CAA0C6E8E08FE16CFF2AF343CBE01EA31F5A11DA27DC8CC848EC48AF49D05D198DCF4E03DAA0BABBB6B1B57BABB9D2DE0897749248D80A3DC9AF399BC4177A6A03F6CB925D82C51212EF2B1E8AA3B935BDA4787751D55A2D4BC5B29B896321EDF4E2DBA2B73D8BE3877F73C0ED584E1C9A36171DE76ABE30044267D27436E3CDFB975763FD9CFFAB43EBF78F6C56ED9D9586896096B650476B6F1FDD441D7D7EA4FA9C9A9EE6ED61C8CE643FC3E95912CCD339691B9A231B8364D737AF3700ED8F3F741C13F5AAD9F41924F4348493D3EF6783DCD04FCA7FC715AA8DB624338538E3EA299901BA9048E71D291CF1918FAD30B83F5EBEF55601C5F1D71C9E86999C7A73D79EB4992189EE073CE2A324F273FD29A42B8FCE549F4E83D29BE6281D7DB1D698E78E071EE714CDFDF07039E383ED5562473B9EFE98E69A481EA33EA69AEE79C2F0474EB4CC8E3A6074CD301F9CE7E94CDF8278E3B9032690FB1C93EF49BFD4F1D47AD003B241EA06E38E94DC9FC3BE29BC724E3F1A518DC01F4CE4500079C7236E39E702938385EDDF1D68EB9E3183E9D2B3EF35FD3AD66FB399CDC5C671E45AA99A4FC97A7E38A1B4B70B5CD0C13EC01E7B7D28E7200EA4E302B2E397C417AFF00E8D61069D19E44978FBDFDBE45E9F89A953C37F69C9D5354BCBECFFCB30DE4C5FF007CA73F993594AB456DA9A2A72617BAD69B62DE54F7F0F983811A9DCE7D3E51CD634DE318B691A7E9B75704FF001CC042A7F3E7F4AE824D1ECAD34ABB834DB586D24781C2B44BB581C1C73D739AF3EB493CDB38653CB322924FAE39ACDD66F6358D157B3669C9E21D76E3387B5B356E8228FCC61F8B77F7C567CA971799FB65FDDDC8C73BE6214FE03029E403818CF39CE6908F4A87293DD9BAA715B2218ED6DE251E55BC6B9FE20A327D6A7E791DBA01DA8E78F5F63CD2756C6318E08EF525A496C21C7278F5EB8A695592321D430618208CE7FF00AD4E19E98C76E39CD1FC5D7A71EC68194ADCBDACC2D2425A363FB972724FAA9F71FA8AB847423B74ED51DC429730946C8079041C153EBEC45456D70E1DAD6E08132F21B3C483D7FF00ADDA82569A16761F4C963E980284C73CF4F6EB47CDC01CE4FE228F9BB6067B1E6828403E6C0DA7278C9C13475E4752707BD2E0F63C8E9498C7A918CF27140011D36E33EB9EB4879EC38E9DA9D807E806063F5A4E368E9F4A006FF08CF1EC052E3A7A671C52F4E3B76A5C1EB9E0738340152E2D9FCE3736E76CA060A9FBB20F43FE353E8DAC5DE9331BBD30B152DFBD809C321EF8CF507AE0F1E8697EA41F6E86A09ADA42FF0069B72AB32F1C9E1C7A1FF1ED49A4D5990D75474F71F12F529ADDE1B7B5904C46DC98767E649E31ED5CA1B049ED8A5CE1E4725D9C2E1B71E491F4E9535BCCB708782B229C3A1382A6A7C740700FA9E9531828EC0927B92E9BA9BBB8B2BC0AB700651C70251EDEFED5ABB18F5DBC9C9FE95CFDC5B25CA046CAB03B9594E0A9EC47BD5FD335392573657647DA946437412AFA8F7F5154CA4EDA328B9FF8995FEEC0FDEAF1FF000018A70CF1E98C0EF4B729E5EB774391BD2371EFD41FE549CF3C0F4F5CFA5312170DB47704E0E3F4A4C9DC3B67B8A51F7867078FCA9D81B8E71C7A9A0A2E69D0B043311CB703B62AF8E187DDC1ACC4BE7D802AA85031C0E949F6DB8FF9EBC74E1690D334B078E9F5A5C63BF04E39E49ACC8BED572480ED80796DD802B42DEDD618C8DC58B1C124D0171FCEE1F4EDDE8F0F832DFDE6A40B0527ECD0B06C6557EF1FC5BF9556BF924D91DA5A8C5D5D9D910E9B7FBCE7D9473F956F59DAC563670DAC20F970A051DC9F7FA9EB5D785A7CCF99EC8E7AD2E88B02493FE7B3F0791BB91526F93FE7B37FDF55060F3D727A714FC1F51F957A3CABB1CFA8A7BF6E7A62AB5CDE792F1C10C2D717772DB20B68CFCD29FE80752C7814B7B72D6EE90DBDBB5D5E5C36CB7B743CCADDFE807527B0AEC7C2FE165D111AF2F5D6E754B85C4D7007CA83B4718EC83F5EA7D2B86A54E5D16E222F0BF84BFB2E41AA6A8CB75ABBAE0B81F25B29FE08FDBB16EA7E95BD757AB6FF002AF321FD3FFAF45E5D792BB53FD61FD2B24BE725B927A93CE4D7324DBBB06C1CB3B12C7258F249E4D47C9E7BD193B8E474E7D29A721B924E39C74AD44048DD9269A4F6E9CF4CE0D264923A60F63DFD6985FD00233826A9210E2FED81EB51E7F9E0734D77F98FA1EA00E94DCF7C8CE73EF4D2131C5DBD893CF15193DF3CF4A32431EBC1CD3491DCF19EDC66A842F3CE7A11D7351924B7A13C63A526FCB1E428EC3D29093E99E7A818FA5340293823E5C923239A427E603B118F4A4247206015A304A9181EB4805EB918EDD05273B8019CFD2B3F51D734ED1DB65D5C812B0CAC2837C8DFF011EBEA715CEDDF89757BDE2D235D3A1FEFBE1E63FD17F5A9738ADCA8C252D91D5DEDFDA69B0F9F7B730DBA671991B04FD3B9FC3358D1F8A25D4EED2D745B405981DB71784C4A71D76AFDE6F5ED5CC25AA09BCE72D3CCDC996662EE7F13D3F0AB5632797E23D1DFA0375B0E3BE5581FCEB09566F6D0E85452576CEB07871EEB0758D4A7BD04E7C94FDCC23FE02BC91FEF135AD6B656B61008AD2DA2B68C0FBB12051FA77A97B8DC7A1EF49DB83C93D875AE7726F734514B641C6EC719038A0939C67BE0638A3E6CFF000FAE0F1473DB8C1EFD68283F88003F4C015E5561CE9F0FA60E7271DCE2BD465916282494903CB42C73D3815E5DA703FD9B003C650120F6CF34D02DCB1C73C704F3C51C7F41DA9793F9E28C0E78C81C714CD06F017A64FA1A518F4C1EA68387C7049F4A10138500649EC298098F980C8273D8521185FAF6A5CE723A76C52804A938C85EAC39C500347041C83EF505CDB2DC44304A4A8728E392A7FC3DAACE006E841CE471814D393CAF739C1E28135722B0325E3B42CAA97117DF42D8CFFB43D41AD11A6CA583175008CF1CD50962F31D27824F2E788651C8CE3D8FA83E95AF61A82DEC6C197CBB88F89A3CF2A7B63D41F5A4DB40BB3213A67732F078181C1A7A69B183F333118C7A55CC753DBDF9A5F97078FC3AD4DD95633E4D347FCB027207F11CE6A9C90C911019369FC87BD6EE31C81F5C77A690A720E083D723345C2C609078EDDB27BD03B8C7038C7F2AD29B4E8E4FF54769E9CF22A9C96734791B37AF72A335571588A3085C072541E0B75C55CFECC62A489073C8217AD532081D075FAE2ACD9DE7D9F08DB8C79C7033B7D7F0A1F9015AE746BA2C2E2DB6ACEA303271BC7A1F6F7ED504332CD9528C92C6712230C143FE7BF7AE8B2A406041079183906A8EA5A71BA61716CCA9771AE0123E571FDD6F6F7ED493EE26ADAA28F1C63AFF002A86E2DD6E507CC51D4EE8DD7828DD88A2197CD0E194A48876C91B70C87FC3DEA718DC3F51DEA83468A525E99AFED4DC00976A0C322818DE3AAB2FB1C1FA13573D739C8FF26AADF59FDBA1057E5990EE8D87383FE14FB5B91729F32ED954ED953FBA7FC0D04A767664DB0951D7F9D0475C0F94F4C76A5F53D71D31572D6C52640EED90D9014526EC5955239243B514B1E98AB90E9C430698E79C84157628922F951557E951DD5F5AD9F37370919230016E4FD07534B7D836DC90204C2A855C7A1C62A2BCBA8ECE253286691CE238D172F237A28A6A49A8DF0DB63646DE32302E2EC6C03E8BD4FE38ABFA6E910D8B9BA776B9BB61879E4E4FFC047F08F61F9D6F4F0F39BBBD1194EAA5A21BA469D25BCAF7D7841BD986D2A0E5614EBB07A9EE4F7AD2F73DF9E7BD20CED18E3BE00A7E06D2BF87A57A908A8C6C8E56EFAB0231904FB034BE5C5E87F2A586279A6481705D8E067B7AE7E95B9FD8969FDE6FCC573D5C42A72B0D265CF0B7855B44696FB51B85BCD5661B5E70B85441D1501E80F53EA6B76E6E16DA2CF566E1477352CD22C4A5D8F0A3271D4D61DC4CD71297278CE001DBD2B8526DDD89BB092486472CC412DD49A889CF7E87273DE83B79F6E7A75A613DCFE181D6B64AC481396E4100F3C5349E723A9E69093CF41F5EF4D77E807FF5EA9215C6920E3A81D71D69AEE79C679E00ED48E7E5C1F5C67F95309278FE62A9224767B8E0118E4F26999F9BAFE18E94991C3657F1E334DC9FA67B679A6021F5CFD0E7AD309E801FC4734EFF00272299C9FC7DA801D953C74FAF39A4C617802A0BCBCB5B0B6373773A41181CBBB707D3F1F615CBDF78A2F350CC7A62359438FF008F9957F78FFEEA9FBA3DCE4FB0A529A8EE5463293B23A0D4F5BD3F498C7DAE7FDE37290A0DD23FD147FF005857317DE22D5352F920274CB56E308434CC3DDBA2E7DB27DEA8C56F1C2EEE0B34AE7E795D8B3BFD49A7E719CF51DBA62B9A551BD16875428A5ABD48E2B686266D808763977272CDF5279269FD8E72475E79C52E7A1C0049A0038FE60F3591BA496C263E50C3F1C734B6C0BEB9A3FA8BD4200FA1A3079039F53D735A3E1BD3CEA5E25B089480D1C8655C9C7453FF00D7A052D8EEB8C838ED919ED5343657178BFBA89882796E82B76D747B7B760D2E6793AE58703E82B400C71C6074C714923073EC6243E1F3B81B89B1FECA0FEB59D790A5B5EC91479014E064E48E2BADE7A7B572DAB8C6A5376CE09F7E29B4106DBD4C0F135C7D9BC31A8C83395B67031EA4607F3AE0EDE2F2E185327E5400FA74E2BADF1C4DB3405B7070D77731C4474C8CEE3FA2D72C719C8FCE88EC6B1DC3391DF149FC5818CF7F5AB4F6E4E9C2603043678EF55B24FBF1803BD1B9A0DC7CDDB9AB765102925C36085520647F9E955920695C220F98FBF4AD7923486CDC2F0AA84671D686C118A78C0CF03BFA54B6B22A5C2E71B5BE520D47CED238E4671D73471BCF66ED40166F6C9A27DCB8F2C9E9FDDF4AABC05E3939C73CD6DC2E2E2D83302430C15359D79626DDC91FEAD8E07B509815477EFEE7F4A8A48DF7ACF6EC23B98BEEB9E41F556F507F4A9B1F29E30B4727D7D4D3135734F4ED452FE1231E5DC45C4B0919D87B7D41F5AB4701413D18F435CE490B8996E2D9C47731F2ADEBFECB0EE0D6CE9DA947A8A1054C7711F12C27923E9EA0FAD43409F465AC1C8E3240C74E4FFF00AA9BE8081B7F9D3FA678279E7DE9403D0E3AF4F4A450DCE7A8E71DC6052E3E5EB93DA971F2E71C7718CE6931C63F0EBD6802196DA29B978949F7183503E9A981E5BB0F63CD5EE46323F1C5260ED1D318E8053BB0B1422B5BBB563B76BC7DC6EC67D6AE83DF6E0E39078C53FE831DC0A6FD01E9819E4D2BDC0CDD4B4A378C2E2DC04BB41F29270241FDD6F6F7ED59B0CCB2AB06468E443B648DB8287DFEBEB5D37CD80090091C738ACED4F4C3738BAB52B1DDA0C649C0907F75BEBEBDAA9325AB6A8CFEB838E9DFD7D2AADCC2F1CC2F2DC132A0C3267FD62F71F51D6A6B7984B9F94A48A76BC67AA1EE0FF9E6A6F9463BE6A834688ACFED97F12CD65A6CD246D9C39655071C1EA6B4ADB4ED751081F62B756392598CA47E581546C6F4E897E6562458DC9C4C3AF96DD9FE87A1FCEBAF046DEC5586411CFD2BA69D384ACDEDD4E7729276B992340925E6FF0054B998E394848854FE5CFEB572CB4CD3EC5F7DB5A471BE305F6E58FD49E79AB67A063804F7EA69471CF7278E2BBA34A11D9193937B8ECFCA71DFB1E69A37700119A31C671DBA7A511A348D85DCEC4F455CD539463AB620E73918C63EB4E01E421101666E02819CD5E8745BA970652B02673C9CB7E55AF6B656F6AA442A3791CB93963FFD6AE4AB8B8A5686ACA5121D374E1660BCB832B0F9B1DBD8568E0FAFE951E73E98EFDB34ED9EE3F2AF2A4DC9DCD116350BAF3DF6A6420E71D33FFD6AA448DDC753D314AE707F5C9EF519279C70718C74AF412B2B1CE2971EF827F1A613EA781CD1EFC13DFB6699BF200F5E466A922583EEC7E19C835167AE33CFB74A09F980EB93EBD2985FE6208181ED549085F5E4E7B5464938E4F4EF41203739C6703B53491CE3774E99A60193919EC31C0C629A73C8F7CE09E694127A609E9CD417D7B6BA6DB3DD5DCE21894E0B1E87D87A9F614F6026E80E3A6381D722B0355F15436D29B4D3516F2ED78721B1143FEF37723D073F4AC8D4F5CBDD641862DF6362782A0E25987FB47F801F41CFAD538A3486311C681114602818C573CEAF447453A2DEAC6C827BAB9177A84ED73303C311858FD957B0FD7DEA4249CF183D0719C527E00719E297B771CF00573B6DEE7546292B20E727D863F1A4FCF839A0638CF718E68046D3D7D876A0A01B42818FC451EDF8673464F239C75A4C61C1F41F4A00773C8E38E46062B7BE1FDAFDA7C796F211F2DA5ACB31C0E84E107F36ACBB5B06B801D9B6213C1EA7DEBB3F86762A352D6EF955BCB5315AA316CEE2A0B37E45C0A0CEA3B44F41E68E3776A4FD7D697F84F1DE99CA1CF35CBEAC49D5662380081FA5751CFE15C9EA47CCD4A61EB2118A4CBA7B9C2F8CEE04BACD8D96322DE27B87E72016F957F1C03F9D62E32DCE4678E9525E5D8D475BBFBE524ABCBE54447744F978F62727F1A7D945E6DE46182900E48278A3647445686A7D9FFD0C459FE0C0EF5883D876AE871DFDF9E79AA76D62B0C8F2B0DC41F9307A7FF5EA533462D9DAADBC43701E630E48E714B7E40B3909C1DC7030327FCF1567E6E9C63A8E6A96A6710A275DC73D685B88CA009CFA1E3EB4EE79C8E14D212A801F9768192738CD03E9C119245581A3A649F7A124FA8F7ABCD187C820104F20F35876F298A55707853920719F5ADE04100A9E319045431A322F6C5EDBE7504C64E79EA3FF00AD5509EFDC9E0D7458EBB86770C7AD65DED8F940CB102C84E0FB534C452EB9E00F5ED8A8A5899E549A094C5731FDC900C8FA1F507D2A60086E3A671EDED41C0C9CF3D001DAA84D5CBFA66A697EA61994417718C49167B7F797D41ABE31B4118C9EB9E715CDCD089763233473447314A8394FF107D2B4F4DD58DC916B74AB15E20E547DD907F797FC3B543409F4668F2149FF00EB52601C923DA9C38CFBF607A52ECF97D0E7148A1A777DDF439E0E0D21195C938DBC907BD5EB7482E6211B2ED917856E99A82E2D64B7CE46549E1C0E0D2B8166C12DE48591E352E0E39EE3DAA3B9B031E5E2C94C7201E9FF00D6AAE84C6E1C1E579040E2B5ADEE52E13A6187DE039C7FF5A93D00C6E4A8047207E7464ED38C8EFE95A17364082F0F07392A0F5AA250024118ED914EF7033354D2DEE88BBB52A976AB81938132FF0075BDFD0F6FA566DBDC47711161B95D5B6BA370CA7B83EE2BA520EE1EFEBC5656ABA64B238BDB355FB5A0F9D338132FA1F71D8D5264B56D5147CB4752A7E65618653D08ABFE1CD45A27FEC4BA9370505AD64273BD3FB9F55FE559F0CAB709B86E5E769423054F707DC536E2DDAE220637F2A546DF1483828C3A7E15B539B8CBC889C7995D1DD59C2F793185255470377CD9E6B413423D64BA6E3FBABC5737A1EAC752B35B851E4DD42DB6641FC0E3FA1EBF8D769657A97D6C1D010E0E1D49E87FFAF5A62255216716ECCC124F74451691671F588B9EA77B67156D23589008C2A2E3A28C62972074E84F1E94B8E79F4EF5C2E4DEAD9561083B793DFD3AD281F2E33D072294E368CE79E68E718CF7C7348607B74C76A931FE7351E7E5E3F1A7E6802B1251CE4F51D698493D48E073ED49249863CF3DF1C5444FCB920F3D40AF4D2396E39DB0DC67A726A2DD83FE14A49E4E7AD467E4CF18CF4AA44817EA40E87B734871BB04F53C714D24F39EB9C1269A480C31DC60E3822980139CF23238C52100B7231DCF340C818E381CE2B9ED73C4BF6699ECB4AD92DE0E24908CC707D7D5BFD9FCE8949257638C5B7645FD635FB5D1C08D81B8BC90662B64FBCDEEDFDD1EE7F0CD71F7125CDFDC8BBD46559E65FF00568BC4710F451EBFED1E4D3628846ECE5DA79E53BA49A439690FBFB7B76A93919C750702B92751CB4E876D3A4A3ABDC013D0E738CFF8D1F3751E99208A439FC4FAD2E78231CE7A673599B071CF3CFAE690E0E4FA9C73DE970781DF1C83D68E79FAF7E94007CC580F98E0633498098E3BE697D30781CF3487A739C74E6801DE9FD78FA539233338500E5B8C8E0D331F28EB8EA474C568E9B6E0299CF56E1075FAD0F402F222C5174C22AF27D31D6BB6F87366D6DE0BB59DC0125F3BDDB63BEF6C8FFC7715E7FA9A4971666CADFF00E3E2F1D2DA301B1F339DA7F2049FC2BD92DEDE3B6B686DA2C08E1408A00EC0629230ACF644BC9C1A4E69719FCF1E9471DEA8C04381C9EC326BCF3C4DA9B69DA3DEDDA1FDF302B160E09918E17F2273F857777F2793612B83821703F1E0578FF8C2F16EB58B6D354E63B41E7CB8EEEDC20FA8193F8D26694D18D6F0886D9205EA8B83EA4F7AD5D321C0799872C7033C55008D23600E58E063BD6E42822815171803073C13499D490EEBE9D3E9480639C739E297071D4FCBC9268E4E72791DCF4A81871C63E86B2B52937DC85ECA983CF1FE7A56B0C96C82700F38AC2B890C9348F9CEE391EA29A06576B57D46E2DF4E4DDE65E4EB0018CFCA4F3F92E4D5CD73459FC33AAFD8662EF6529FF42B83CEE1FF003CD8FF00787EA39AD6F0069ED7FE259B50607CBD3A2D8A7A032BF5FC427F3AEFF54D2ED359D3E5B1BE8BCC8651C8E854F6607B11D734DCACEC67AB7747901E7824FA0C70456A69B705E3311EAA3233E9FE155356D2AF3C3FA80D3EFCF98B264DB5C8181328F5F461DC7E22A18A468660EB8CA9CE29EE8A8BBEA6EF5FA1E4519F949033CE32064511C892C61C72186411DA9D8073C71DF1C5494675ED881BA487A8E4A77ACEE377A1FCF15D160EE191C01D7F9553BCB113AEF886D93B80300D34C2C64FCBC60F19A64D6E970A15810C8728EAD86423B83EB52B86420302ACBC1A4031C1C039FC05508B361AB38916D7516412E3114E3859BD8FA37B77ED5AC5086E1474F5E95CF4D0C7344D14AA19186083D3DBF11EB52D96A6FA73AC1A8B3496D9C47724E4A7A07F51DB77E752D093B68F637790C304E47439C11FFEAAD2B6BC4993CA948DC46067F8BFFAF59C795C82082323D3FF00D540FBDC1F7E98A968A2DDC5900ACD02961D0A7A5578E4789C329395EA31572DAF77FC931E7180FEBF5A96E2D526C963B1F1F7C1A57EE03ADEE1654DCA4E7A15351DD59ACA0B2615FAF5EBFF00D7AABFBDB3983151E9C0EB57A2B88EE06E52723A8F4A5B6C33276104E7A83D08A420641FBB57351D9E70C11B80F980AA9C6D38031D7E954232356D2642E6FEC949B80312C79C0987F461EBDFA5508664B98C4919C8271C8C107D0FB835D3E0EDE87F1EF58BAA69B2452BEA1609B989FDFC007FAD1FDE1FED8FD6A9325AB6A8A515C9D23515D440FDCB811DD20EEBD9FEA3F966BB8B3BDFB2CEB3212D1301BC0E430F5FC2B898E48AF200C30D1B8EFDFD4568F866F5A277D1E6725A01BADD8F568FD3EABD3E98AECA52538BA72D9EC613567747A58292207560C8C32181CE69DD7BF4AC5D16F761FB239F94E4C673D0F71FD6B6C11DC753827F9570D483849C5893B8DE78C75EFF00D69DC6093DB81CD1F5079E339A6E4649ED8C8CD40C5C7AFD3EB4EC0F4FD2A3C3633DBA0CF1563E6F53F9D0065BB9DE03633E80530B9E41032A32691C9E79048E7DE9B93B7391B7DEBD6B1C605FBFE551EF3C8C75EB93D69C4F5C838C75C75A692327A60F7A000F3904E7039A4006DEB8CF1E9411851D7D7D6B8FD73C40DAA3C963A74852D14ED9EE10E0CBEA887D3B16FC052949455D8E317276449ADF889EE4BE9DA3CA5514EDB8BC5EDFECA7BFFB5D076E6B1A1863B788431A80A0F427273DCE7D4FAD3A38D23458D155554602818C53BA93CE73D7B571CA4E4EECEF853505A09DBAE33E9C554B8DD0EA16B2670240F1B60F53D47F23573E62D8FC6AA6A242431CE3AC3323673C8C9C1FCC1A92DEC5A032BEBCFD28E38C8E3DB9A5380DF4F7E6874C30273CF23DE8189D181CD2807A75C9C60739A08EB838F4F5AB7A7421DDA46E11067D79FF003CD202A63AF3F4C7E94718233DBF0A307BB724E4FBD3800EC38C93802980FB785AE26080F519247615B51ED8D02A8E00C63B0A8ECEDD6DA22083BD87393D3DBF0A98051C9C01D4923FCF4A96EE345BF0CD90D4FC6F6A301A2D3226BA94F6DEDF2C63F0F98FE15EA3F88AE3FE1A58ECD0E6D61D36CBAACC655CF5112FCB18FC813F8D763F8D52D8E29BBC9B13DFBD2FF9FC293FC9A5CF4A64983E2BD4A0D334B696E182C680C8F9F45E83F13C578DC524B70D35D5CFFC7C5D399A5E7A13D17E80607E15D5FC48D5FF00B475A8F4684E62876C9738EE07DD5FC4E4FD00AE60234920006598E0657935274535A5CB9A6442494CADF7546147AFFF00AAB5FAE58E3D31D6A3861FB3C2B10E70324FAFAD4CF1491B286561B8646475A96EECD88F078201F5C0340073CE4027918CD588ECDE44F332179EE3AD40472739C83C8CD21905ECAD1DB3953CE3681D335837128B785DCFCDB46427A9EC3EA4E0569EAB2832A43FDD1B9BFA54BE12D27FB63C4B1975CDA69B89E6C8E1A4FF00966BF872DF80AA5A2B92DD8EEFC2BA39D0FC3D6F6922A8B971E75CB0EF2B72DF9703F0AD8C9EBC608E9DE83CE3240E73CD193CF7CFE159377256852D5749B3D734F7B0BE8F7C6C32187DE43D994F623D6BCB354D2AF740D40585FF00CC1F26DAE40C2CEBFD18775FC4715EC1FC43D2A96AFA4D96B9A7BD85F45E646FC861C3230E8CA7B11EB54A56179A3CCF4DB921840E405272B93D0FFF005EB4C93C71F41DAB1756D2EF3C3DA80B3BE62EAE49B6BB0B85980EC7D18771F88AD2B3B91711E1803228C38EB9F4AA7AEA8D13B93E0F4EA7D29D93B79E87A8E947CDC903A7033D6AF848EF230C540618071C11486645CDAA5CA827E561FC5E9591716D240E55C753D73C1AE927B568B3C92BD88AAF2C292A10E063A60D5261639E1CE07279A5211C156C1523183DEADDE58BDB9DC80BA75DDDC7E5557F8BB11D00C75F4A62688EDAE6E74770155AE2CB3930839687DD7D47FB3F956FDBDC4175024F6F22C9138C861FE7AD6263A119C8EA338A89127B299EE74F655663BA585BEE4BFE07DC50D5C4B43A519E39C1279C1AB56F74D131560590F39EB8ACAD3753835242B16E49D3FD642FC327F88F719ABD83C6319A868A4EFB1A64477084E03A9E6A85C422DA53B0B608C8E70452472346D95257D71DE9AE5E4C6E6CB0E99E295AC033049C9CEECF24739A300F7E71DE9C70383C718C0A0E3A9EE303D6980D20F3EBD89EA28209EA7A1C6470053F07AFB64F14983C0FFF005D00616AB60D6733EA16684C4DF35CC03AFBBAFBFA8EFF005AA133B948750B36CCD01F32261D1C775FA11915D68FBC7391DB8E6B9CD4EC5F4991AEEDC66C9DB32C639F249EACBEC7B8EDD6AE32B3B9128E9E474B657B1DF59C3796CDF2480321E841FF001078FC2BABB1BCFB6DB09081BC1DB22FA1FF00EBD799F87EE859EA4DA71C79177996DC83C2B7F12FE3D7F3AEBEC6E8D9DD8739F2DFE593D00F5FC2BB2B47DAD3535BADCE55EEBB33A6C90D9A4E4E7A60F4ED4A7B7BF23BD30739FC8115E69A0FE4647191DB14EF9BDFF3A602DC0393C67EB5373FE4500613921F9C03D0F7CD2171F972573D6909C92473DB8A6FAE476C7A62BD638C7E43E3A74E32339A401B8C8E7D452273D3F0AE53C47ADB5CCD268FA74FB5546DBBB853CAFF00D3353EA7B9EDD3AD2949455D8E29C9D911EBBAF3EA9349A769EE56CD0EDB99D1B1E69EE8A7D3B123E82B363458D42A00A8A30117A0A48C2431AC71AAAA270001D29704371900F3EE6B8E527277677D38282B0A437D71DE83C638EA7820E290E481C7434BC73C6727B0C549A00038E727A6076AABAAA674CB81D084C9FC39FE9568738E98CE326A3BB532D94C98FBD1B039EA78A04F6352CAC44891CD37218060A0F269BA9A0122302412B8C1E2AE69AEB269568E391E4A139FF74557D5400B11C7009E71537D47D0A1146D2CA8880E49EB9E95B1205B5B170070A98C9EA4FF00FACD2595B2C3186C2B3B0C9CF6A8F5397642883AB1C91EDFE19A1EAC0CBC9F51827A7F3AD2D3ACF0BE6C83E63CA7A8F7A8EC6C89C4F282140F957B9F7FA56A721B3818FE5437D0684C0EB9CE3DAAB5E452DFBDBE936EDFBFD4A6100DBD510F2EDF8266AD609F4CE723B56CFC3FD30DEEA975E2195731419B4B227A100FEF1C7D48DB9F63492BB22A3B23BC8218EDADE3B78542C71284451D0003007E5520FD6947D4D15A1C62566788F5A83C3FA0DD6A77078893E45EECE780A3DC9AD4F4AF22F1E6BC3C41E201636EFBB4FD2DC8241C896E3B9F70A38FA9340E29B7639C8BCE7792E6ED835D5CB99266F73DBE80607E15A9A6DB1FF8F8209C1C2FAD54B584DCCC101CE4E493C6056E471818450718C01D87A54B676C5589ECE2F3260720851923A66A6B9FDE5CAA0EDD4E738FF3C54A805B5B927860371CF19A6DAA7FCB46C6F6E79ACEE3272E224C804051900D63C8E42191F185193C735A17B26C8420FBCC391D45616AB73B504208CB72C01EDDA9C50332AF2EBCBDF70CACCD9E140E5C9E001EE7815E9BE12D13FB03418E09706EE6266BA61DE46EA3E80607E15C7782F473ABEBC6FE4526CB4B2083DA59FB0F70A39FA915E99EA7A679E289BE8677BBB87FFAC1EF40E83FCFD28E7D80A00EBEE78A81871CFF00851FC47A0EE68EB8E41F4A38EFF4FA50054D574CB3D62C24B1BF844B048391D083D883D88F515E65AA6997FE15BF48EE9FCEB790E2DEF08C0907F71FD1BF43DABD639F5C7A8F4A82FACAD752B596CEF6159A09576C91B0C83FFD71D73DAAA2EC2F3479FC3325CA065E727B9E41EF534723C526E523838231C1F5AA3AAE9177E0EB9F34B3DC690E76A5C1E5A13FDD93F906FC0F356D1E39143A1CAB0C86AA65A77356378EE1495E57BAFA554B8B329831F2A393DCFBD4292796E1D7BF2455E8A44930C0F4EDE951B0CCED878E33C9CF6FA550B9D3564CB5B603F523A035B5756D84322FDE03903806AA9079CF51C73C55260738F19472194A9070411487B0C8EB8CFA56F5C5AC5728438F987018751595736525B9070590F3B80CE3EB569DC56284B02BBA4C8ED0CF11CC7321F997FC47B1E2AED86BFBEEBEC3A898E2B9206C71C24BF4CFDD3C74A871C0E40CFE954352850DC5BCF2229889F26552BC00DD3F2207E74DAB92EEB54763CE4804E7B8C5281C608E735CE59EA377A4A88E4F32EECD7FE052C43FF6603D3A8F7AE82DAE60BC844F6F324F131C87439FC3D8FB5434D149A7A0F27E6E7071CE48A319EB904761CD2E00183D7AE3BFBD18247B039FA548C41DB9CF39C74A0F19E8368E077A5E030FCC639C5280075C7E59A006E0F201EA38A429904119041C82339A7756C7A74069483F877A00E435AD366D28092D8916AB20781FFE7DA4EC0FFB2791ED9C74AEA34DBE4D4B4E86E94712AE4E463047DE1F50722A592349A2785D55E2618643C823BD61E9717F60EA6FA5CAEDF63BB6325A3B73B5FBA13EA7823D7F1AEBC3D469DBB9CF5616D51DFE8F7466B630CA499621804F75FF00EB74AD1E38CE3238AE56DAE5AD6E526EBB4E1F1DC77AEA72AE0383953C8C7A76AC6BC3925A6CC84EE870F4EDEDDE9F86F45A88F439C6DA9BF13F9D6051C9D8EB30EAEEEA6D1AC6EE203CEB466CEDCF4607B8231CFAE455DE7710327D4FA573FA8AC32DFDBC16F39B7D59433DBC817700A3EF093FD827039EFD39AB7ADEB1FD9160842AC97B3FC90C233867EE4FFB23AFE95EADF956BD0E5E5BBD0A9E24D724B5DBA669EE05E4AB99241CF9087BFF00BC7B0FC6B91D22158ED1D909DAF2B30C9C923381CFBE339A7DC17B5B0BAB867325C4A0B492B75773C0FC3B63B54D6D6E2DA08A01D23400E47E75C939B93B9D94E9F27A92E4F71CE3A520C27B027A834A71819E3B6734991EE72703B541B0640048E3E828E79C0E18F20F7A96185EE2608A325B924F18F7A7DE4496EE2150D954196F53480808529E808CE33414DE1B38230474FCE8C03F78700F23D691C908C093F2A9EB4C4CD4D04FFC48ECB83FEA179CF069753C9F2539F99B1CF3468285341B2CFF00CF15F7A926412EA36EA31851B88F4F4A8EA35B22DE360FD003DAA9FD945C5C79D383E5A8C2211D47BD5DE411C0CE7B504E7A0383D7BE68189C7A743814A70539C1C1FA1A31DC743D6932A99676015464B138C7AD2020B91737325BE9B6448BDBF93C98C819D9FDE7FA2AE4E7E95EADA5E9B6FA4E976DA6DA2ED82DA311A7E1DFEA7AFD4D723F0FB496B8697C4B74841B81E558AB75483BBE3B17233F403D6BB93DBF4AD22AC725495D87D7F951CFBFF8D2E6B2F5FD72D3C3BA3CDA8DE13B63F952307E695CFDD45F727F2EBD2999989F103C50DA269E34EB0931A95F2908472618FA349F8741EF5E5D6F1A431AC11825546D00F24FFF005CF5A9E7B9BBD4AFE7D4B5160D797472F83958D7B46BEC07EB935A1A759E317128C13F71476A4DD8EAA70B2BB2C5ADAFD9A1C1237B7249EA2B46CE20EFB88C2A9FD6A0D8368233963C62AE922DED88190DDB3D01AC9BB9A8C9BFD22710853B472E47EB568E0608E807A5416F11442E7259B92339FA517521484A8E377F9FFEB548CA7732A92F23711AF439EC2B9C98DD5F5E476D68BBAF6EDFCB8508FBBEAC7D028C9FC2AF6AD7891C4537E1146E91BD3DABA2F01E86F0C2FAF5F4656E2ED316E8E39861EBF816EBF4C0AD168AE449F4474DA2E976DA1E93069B6A7290AE0B9EB231E4B1F72726AEE31DFF003A323D73C76A3F138EB59EE4EC1C6EEDE868E771EE3AFA507BFE429523677DA0673CE4F51403D058E269324638EBDE9B8238C7E1DAAFC68B1AE0638EA6992C2B2720E1BB7BD572E866AA6A53E39A3A67F4E334A50A12AC31CD271EF52697239628E585E19D5648DD76BA3AE4383D723D2B80D63C3773E1876BBD2E392EB482774B6C32D25AFBA77641E9D47B8AF42EABC67D297A723AD34EC16D6E8F3AB7B88EE6059E291648DF95653C62A58CBA3EE5386C7157B5BF08CB67349A9F87231B9CEEB8D38B6125FF00693FBAFEDD0FB1AC9B5BD8AF919E12C194ED911C6D789BB861D88A7BAB95195F465E372E50AE073C120726A003AF3DFD3A52E48C0E79E87AD18E32303D7271414200303AE3B7B52ECF948DA30C39F7ACBB9F11E996E7CA495AE651D52DD77E3F1E83F3ACD9B5BD52E72B0471D9275DC7F78FF97DD1FAD03577B2B9A77BA7471A34EAEB1851C872028FC4F4AE6EF2F6DEEEDA6B5B7492E19C63720F950F63B8F1C1A924B659650F76F25DC8392D3B6E03E83A0FC2A6C0DA157A7008E94F9EC5AA2DEEEC43637EF7133DBDC422399501203643FBD5911496D31B9D3E4104DFC698CC72FF00BC3D7DC735977F9B7BD86E549051C64F6C1E0FF3FD2B6F8C907B7AF5AB4EE8CA51B3B1A1A76B715ECC6DEE11AD6EC0E6263F7FFDD3FC43F5F6AD4C0DD8E381819E715CBDC431DC445264DE01C8E7041EC47A1F7A9AD755BDD370B77BEF2D471E68199631EE3F887BF5FAD4B42BB5B9D0E06E1FA10714AFC2F39C1ED515BDCC17B6EB716F2ACB13746539FF00F51F6A94E78279CF5A9284209C71DF231401D78C1C63AD3BAB1C70073C520E3A1FAF7A06273C9EF9CE3AD45796505F5ABDBDC45BE36E4E38208E847A11539181D8034A77073F9914C4D2666D85CCD15C7F65DFB6E9953304C4605C20FF00D9C7423F1AEBB44B9F36D9AD9BEF4472A3B953FE15CC5FD825FC1B3718E546DF0CCBF7A271D187F877A7689ABCFE7B24DB52FAD4813C63EEB8FEF2FF00B2DFA1AE9BFB68D9EE8E6945C1DFA1DBFCA5B1C9C1C735363DC7E5556D6E23B9843C5D3382A48383E87E956B78FF0026B91AB6E079EC36F0E87697379A85D34F311BAE2E5970580E1401E838181DCD73DE64D7B72FA85D644B20C227FCF28FB2FD7B93EB53EA3A8A6B775198096B0B72190918F364F5FA2F4FAD331D307DC122BB6ACD3D16C14A1D594EF47993DADA83F7E4F31C7B273FA9C55CEDD4F5CE7AD54B76171A95C5C60ED8C08533C648E4FEA40FC2AD84C2FD3F4AC0DD7704C75DB8F514F8A279A5088B966E0E78C7FF005A88D1DD822AE589C0AD9B3B65B6871D5D872D8EB43761D875B4296F10418271C9EE6B2AF5CBDE3907201C7AE6B5E4758A2DCC48DA327BD617980B1C83F31E474C54ADC6C41DF27DB00531D43A14627046D201EBEB56A2B567B69A7380146133DFD6AA4D325BC46670CCAA4640EF93C7E26988E8E28E38618E2404471A8500F6C0A86205EF269FD008C7F5A9E422342E4105467EB490C652200E73C93EE7AD48121F4F5191DA9367CDDC679C53803BB9233F4A3AA8C0C67B1E714861D7AF03A1C9C532D34B97C49ADC7A24591691812EA2E38C47DA31EEFD3E99351DD4B2AF936F69119AF6E5BCBB6801FBEC7AE7D00E493D857A37863408BC3BA42DA2BF9D712379B733779642393F4E800EC00AA4AFA98D59D9591AB1C69146B1C6A11100555030001C01F874A93AFF002A3F98A64B347042F2CCEA91C60B3331C0503A93EC2ACE623BDBBB7B0B396EEF25586DE15DF248C78502BC5F5ED7AE7C55AB0D4660F0D9C248B2B66E36AF79187F7987E438AB5E2CF1449E2FBE10C1BD344B77CC6BD0DDB8E8EC3FBA3B0EFD6A958D9BDE3EE23110393EA7E949B37A70EAC75858999C4928CC6A72327AD6C03D7D33F4A0613E555185E3038C52F031C74E0566DDCE842A1D8C181C10714E924695C17F4C8C0C0FF2699EA31C138CF4C528CF6C1F4CF7A405F13461376474E2B36F2E9635799C1E380B9EBE9F8D3F8E7D3BD64C90DDF887588F49D3CED38DD34D8E218FBBFD4F403B9E68481BB226F0D688FE27D59A6B91BB4CB39374D91C4F28E447F41C13F80AF50FF24555D374EB6D274F874DB14F2EDE15DA80F24FB9F524F39F7AB3CF3D38EE0D0DDCCD77629FC4F6268E368F7E99E28C74F7FD295033BED5079F4ED5202005CED5E49ABD144B12F62DDCE39A218844BEAC472714FC927F1AD12B184E57D107AE68FF0038E9460EE3F9F147D077CFD2A881AE8B27041C1E38ED552585A224F5527AD5DCD071CF1C639F4352D26529346774C724E28E0F3D2ACCB6DFC51E7DC556E8D823D8E7B5435637524F6138EB9EBF9D607887C2B16AF2FDBACA4165AAA0DAB70172B28FEEC83F887BF51FA56FFE74EFA67D0524EC36AE78F5DEB7AB41733D89B286DAEAD5BCB9DA493780DD7E503A820E727D6B3668A4BD606FEEA6BA2390AC76C63FE023FF00AF5D87C42D0E5B6BC1E21B68D9E074097C106766385931E98E0FA601AE265D4AD6100975DA7A1DD8CD53F237A6A0D5DEE8B51A246A16250AAA71803029C02F538E3D4E3354E27D46FF001F61B396443C87DBB54FFC09BFA55E83C2DA9DCF377791DBAF40918DE7F33C7F3A2DDCD1D58A5A6A4325CC3164B301819E0648AAB1DF3DD394B2B792E1BBEC52D8FE82BA5B6F0AE97090CF035DC9FDE9DB77E9D2B5D2248942AAAA81D150600A2C88751BD958E1A5D1B529A5B34BF54B58AE6611862DB997B8E070338C75EF5D7DC69D14D92331BE71BBFC6A2D7E22FA3DC3200658009D3BE4A1DDFD0D5D8665B9B78E789818E550E31DF2323F9D3B995DB7A9812DBBDBB95946DDDD30720D30921863B1C0EF5D1CB0A5C21465254F518E45615C5AB5ACBB7AA9E437AD52770291B6921B83736331B69D87CCC06524FF00797BFD7835A963E2047916D75141693B1C2B1398E4FF0075BD7D8F3F5AA7BFF23C018CD23C6932343246AF1B0C15619AA6AE2B5B63A5FC07271C5271B8F277139AE62D67D4349702D1FED36C0736D2B6597FDC73D3E86B6EC357B4D494885CACEA3E7B79176BA7D47F519ACDAB0D3E8CB838E848E7B8A767E62037A64E6939E076CF43474E3A8C77EF48626147F2AA3A8D8BCC23BCB22A97D6E098988C071DD1BD8FE879AD0F9766467A7AD19E85B1CF07DA9C64E2EE824935663743D69654177186009DB7101E19187507DC7F2AEA3FB5F4DFF9EC7F235C26A30C9A75D36B1691B32E31770A8E6541FC63FDA5FD47153FFC247A0FFD04E0FF00BEABB54615BDEEA71C938BB180238D061000A3A003005366916DA19276FBB1A96FF3FA0A90E39E413EA0553BE1F689ADED3A2BBEF9067AAAF27F33815CC753D112584261B38C39FDE30DF2761B8F3FD715671F2E00E48E281D98FE0056869B6A4E6E1C1C0FB808FF003D287A0244F6366B6F107704C8DD4019DB56864E09C7A63D694039230319C0C74A31F3007B7A8EB50F528A5A9CA12D828CE5CE2B3E185A69422E739E4F6C53AEA5FB4DD9201619DA8077AD2B3B516D1608CBB724E33F4A7B20DC9C4682311827CBC6D1C7F3AE6DE3F3750B2B3C0F9E7F31F07A04E4FEB8AE9B2719C03EBE959161106F125ECC30C96C823538C80CDF31FC40007E34264B3630AF8DD80339F5A5C77E8075A08C6075CF23DA8007273DF038A9285E467803233D7AD4175731595B35C4C711A8C00064B13D001DC93C63BD4935C436F0C93DC4A1238C64B1E00ADDF07F85E5BDB9875FD66064119DD616720C18F3FF002D1C7F7CF61FC23DE9C55C89CF957997BC15E1A9ECB7EB5AAC61753B95DB1C44E7ECB17641FED1EAC7D78ED5D7FF00172292A2BBB9B7B2B596EAEA74820897749239C2A8AD0E46DB7763A59A386169A67548D016676380A07727D2BC8BC5FE2C97C5B3358583BC7A2C6C03374378C3F9463D3BF5A678A7C5D73E2E95ADADB7C1A2236421F95EEF1DDBD13D17BF53556C74E3361994A443800753E9F8526EC6B4E9DF5632CEC8DCBF20A46BC123B7D2B6923489422F0074142058902200157A0038A76318C673D783D2A1BB9D2B41B8F9BA1C83F81A5C8E380477CF414B8E99EAA339E99A3076F3D7A7A5480648C63D7041147F175DD918E0726820951D4E0F38AAF7978B6AA812369EE267D905BA72D239EC3F9E7B500DDB5641A95C4C5E2D3F4F89A7BEBB3B628C761DD89ECA3B9AEDFC39E1F83C39A68B75227B99487BAB83FF002D1FFC07403B0AAFE17F0DFF0064A3DE5F959B54BA1FBE71F7625ED1A7A28F5EE79ADFC7CDD450DF433DDDD87A03D71CFB5001F6F4C0A4FAFF002A9A3B7693058E17F9D4A5713696AC6471B4BD071D09F4AB91C6B18217193D4F734E1845C280052F033FCBD6B44AC62E4D89CF18A5FC7FA51EFDFA51CF5FC2A880FE5F5A303A77F514B49C723DBF2A0618CE723DA9327E9DBD694E6909014938000C93E9400BD003E83273C62B9BBCF18E9325E359E9B05DEB374870E9A745E604FF0079CE147E7515D699A9F8BEE192FDE5D3F411C2DB212935E8F590FF00021FEEF523AE3A5745636369A6D9A5A58DB476D020F962897681FF00D7A2C98936B5473925DF89987C9A0DADBA1E8D757DCE3DC229C1FC699F6AF1647F33E95A5CE075586F5D5BDBEF262BACC6739F4E73CD432DB0EA8707A15A86ADB1AC677DCE61BC45756D95D4BC39A8C69B7E778156E53FF1D3920FD2AAE8F1781E499974DB6D352E1B21E29220B2F3D46D7E47D0574EE191B9047F5AAB7DA569DABA6CD46C2DEE940FF96B18623E87A8FC2A6E696B9CA6A5E13BAD159EE7428DA7B263BE4D399BE64F7849FF00D04FE06A8DADF417D097818FCA76C88576BC6DDD594F208F7AE93FE11EBAB0CB687ACCF6EA3916B79FE9107B019F9947D0FE1589ADC292C8B73ADD9BE89A829C2EAD663CEB693DA4EF8F66031D8D527704DA1879EBD7AF3DA94EEE4F383D462A97DB64B1744D596280480986F227DD6D703D51FB13FDD6C1FAD67DC78A2DF95D36DDAED87490FC918FC4F5FC052B1AA69EC6E101D0861C11820F39F5AE5F4EF1041A7E9C34F8E292F2EED9DE1DA830814310096EC318F5AAD732DE5FFF00C842E99A2E86087E48C7D7BB7E342C71C282344545072005C0A2F62D536DDDE836F27D47514637B70557195B7809551E993D49FF000AD4F0FDE3EABA7496776C5EE2D4801CF2594FDD6FA8E47E158D35F436E42EEDEE78540324FF00F5FF003AD3F0C6997F6D7EF7F3C3F668648B608DCE5DB9CE48ED8E7DF9A136C2A28AB25B92491B42EC8C307383EB4CF7F5EC4D6A6AD6BF20B850411C3E3D3B1ACB2416F6EC315AA773361E9D483C8CF7F5A826B682E1C33065917949518ABA7D08E956075C71D3BF6A3D7767079E9D6815AE3EDF5BBBB0012FD4DDC03813C43F78BFEF28EB8F51F956E59DC5BDE422E2DE649626E3721C8FFF005FB560FE5C7AD402D9A29FED565335ADC13F3320CAB8F465E8DFCFDEA5A409B5B1D575C71C8EB9EF4718CF6CE09EF58B67E2158D961D5635B6763859D7985BF1FE127D0FE75B5F296057690C33907AD43562934C390DC7F10C8E33557FB0F4AFFA06DB7FDFB15738E801F5CD49B8FF0074FE740591C87B6DC773EA6A8D885B89EE2F71F239F2E2CFF757BFE273525FCCF1DA148799663E5C67DCFF0080C9FC2A6B7896DE1481012230140F5AD49DD962DADCDC5C84E703966EB8FF00F5D6E80A8A1400A074A82D6DFECF0E31F39397AB07A1E993FAD4377187CBB88C0F43EB55351B868D042BB8C920C003D3FC7B55BC8E319C1F7A822B629299E43BE563D7B28F6A064563646DD43B8FDE11C7A2FF00F5EAEF3BB39EBC0CD2F1CE48EBC52000A9393D7181C526EE0326912185E620045524E7B566F87118E922EDC112DE48F33123AE4F1FA0151F89E768F4F1691644D72E235EFD4E3FC4FE15AF0C496F6C902050B1A2A28E84638A7B216EC7719201CE38E9515CDCC1676ED7134AA91A8F998F1F41F53E945D5E259840CAED2C8DB628625DCF2B7F7557B93F90AE9BC33E0C93CF8B59F1122B5DA1DF6D660EE8ED7D09FEF49EFD076F5A12B913A8A3A752B785FC2936A37516B3AE406382321ECEC64E79ED2483FBDE8BDBA9E6BD03FC9A43E9EBCD733E29F1BD8F873FD1635FB76A6C329691B7DDF42EDFC23EBC9EC2AD2B1CADB6CD7D675BD3FC3FA7B5F6A3388620700632CEDFDD51DC9F415E45E20D7F51F175D06BB8DADAC236DD058039C9ECF27AB7FB3D07EB51CC752F106A5F6FD527FB4DC8E13036C56E3D1076FAF535A76B651DB1DC30D21382C4631FE1437637A74FAB2AD969CA30F373DC20E71F5AD34E31EFD07F2A0E7A8EE73CF14723E53DFA5677B9B80076F1DCE3A75A38D83B7F4A39EA0719CFA54775751595B4B7370C1628C658E324F6C0F524F18A41B11DEDEA59792AC19E49E411C51A8F99BD4FD00E6AC124F190707A8159DA75B4F2DC3EA77ABB2E655DB1C64E7ECF1FF77EA7A93F855CB9BA313C76F6F135CDE4E4AC36D18F99CF73EC0752C7814C49E97632EAE96D510796D2CF2BEC8608F9799CF603FAF415D3786FC36FA748753D4CACBAA4C9B70394B64FF9E69EFEADDCFB51E1CF0B8D2A46D475174B9D5241B4B8FF00570AFF007231E9EA7A9FD2BA119DDF28C9FA66937D110DDF561CF63F9F14A88CFF002A8273C9E6A68AD49F99F8E7EE8AB21163401401E828516C87512D88A3B654396396C679E82A53C0F7EE6979FCF8A327BFE19AD12B18B6DEAC38E074A33FFD7A3D3DFDA8E3BFD7D4D001CF7FD28EBFFD6A07403F1A3F0A003F9D1D7268E4F63ED467AFA77A00318F5FE741CF4E0FA628CF03B76A70E73EFD281067E6E87EB4DE7FC78A083E82B13C53E29B2F0B69C2E2E15A69E562B6F6C870D2B77FA01D49EDF5A02D7369F6842588551C9627007FF5AB9AD47E23785F4E91E1FED0377229C14B48DA539FA8F978FAD794EB7AF6AFE2494B6AB764C59CA5A44C5614F4E3F88F6CB66A900110051B57A003A506AA9BEA7A74DF15B4139034DD4E450339F2917F9B5353E267878BAAB47A8400F259EDB38FAED26BCCF041FA0FAD28DDC9E9CE7E94AC99695B667B15AF8ABC3F7D38820D66D1E63D10CBB49FCEB5720A657055860107208FF0AF0678E3946D9235753D997353D85F6A3A41CE99A85C59F7288DBA33FF00003C7F2A5C9D81BB1D7FC40F0C59DAE9F1EAB636C628E2B80F776E84F944371E66CE808247231C135CA97545C9601471CFF4AE9B4DF8913227D9F5EB05B88D815927B55EA0FF007A33D473FC27F0AB361E02F0B6B7235EE9DAA5CCFA7B1F96DA198011FB127E603FD938C5269F535A75146F6470B25F2194430234F2B1C0455DC7F21FFD6A98693AA4B736915E9FB14574E5148C33E402471D06707D6BB0B8F0AD9E83B209E3682D4395B7D62D576CB6D9FE19C7474270371FC71D6A87896D759D221B76D46D9658E0BA8E54BFB6198C8CE0EE5EA84827D47BD0920755BDF427D3745B0D29736D07EF587333FCCEDF8F61F4C55EE3DFA76A7F1D7F2C0A08C77C8EBC521A5D88DE28E4465201561820F7AE7DE268D9D4F0CA7073DEBA4E338C7D47F9F4AC6D562C5C86E36B8F4EB4D30652E7773C8C7AE33483033BB9C1C1A33D86081D3229464918C727806AC42F3CFAF519A3A6782467207A52DD4D1C9A85C41186CC0551C11C13B4631EDD29A07539FE946E023A128632A1948C608C83504725D68F149369CF9854177B47E5481D769EAA7F4F6AB24FE04763DA9AE824421BA10411EB9A7625A34F4BD6ED3534409BA1999038B79461B07BAFF787B8FD2B5B07FBDFCAB9BD12CADB55F0DDBDADE2167B47684303868CAB606D23A1C62AEFF625DFFD0C3A8FFDF4BFE15BFD526D5E264AB5B74733115BDBF6B85398201B626E8198FDE3F80C0FC6B734DB7F325131FBAA78E3A9EFF9567DA5924412D2D86133818E71DEBA48A210C62241C28C0F7F5AE76EC6C90BC0C74C7BF38A53DBE9F9D1C9EBCF627D697AE7924E7AF5CD66509C9CF1DB8E78A1063E99EBD734BF5F4F5CE68FF208A000FA8381FCE8E0024E30A32491D294ED1818CE38F6ACBD72FD2D2DB6B4B8DF80540C96F4007727DA9AD41BB228C3BB53F144648262B543211D46E3C2FE4326B5FED12DD5E1D3F4D48EE2EC7323B3621B7CF791BB7FBA324D52F0E787356B98659AF0B69B6F74FE6BED3FBF907F0AFF00B000E3D7E95DCE93A2A416E96DA6DB2410AF248E00F727B9F7E4D53463CDA0DF0FE9BA7682E6EB2FA9EAF28DAD74EBB40CFF000A2FF0AFD393DCD756F7AB65A7BDE6A93C16D1A0DCEECDB5507D4F7AE32FFC61A568D23DA68F18D6B531D4C67F7309F77F6F4193F4AE62EE0D4FC41722EF5FBCF3CA9DD1DBA0DB145F45F5F73934EF63350727A1B3AF7C44BCD5DDACFC37BEDADCE435F3A7EF241FF4C94F41FED37E03BD60D8E8B1C2A5A72C598EE7258B339F566EA4D69C50A449FBA55008E481FE78A93047272081C760693773A234D446C6888A1555428E00038A7632C4E339EDE949DB91F2FBF434BC1C939193C8ED505811D3393E99147CBBB23EBEB49D31D48E8292478E147926758E35192EC70063D6810B2491C31BC923848D1773B9380077ACAB68A4D5EE63D42E9192CE13BAD2061824F691BDFD076CE69AA8DADB8BAB9063D322C34513FCA67FF6DF3D147500F5EA6A96A5E27F3A510E9A243007C4B70840623BF959E338CF278A6886EFAB379A6B8BABFF00ECCD2E24B9BD232F9388E007F8A43D87B0E4D75BA0F8720D195A62E6EEFE75C4F76EB867F651FC2A3FBA3F1C9AAFE08D43C317969F61D124104A3E696DE61B6766EECD9FBE7FDA19AEBD2348F0140FEA69D999CAA22B476ACFCB1C2F61DCD5948D23FBA3A73CF7A77BF1C71CD1F5A692464E4DEE00D1F4FD683C74A773CE29886FD73EB4BFD781499EFDBF3CD0411FD334083F8BFC68F5FAF6A31D3BE7F2A38C9A00771F8FB537AE3A7A7D283C2803D2838EF9C7B77A00523A739A07D3DA93F87DFA503340C3AF3C71C7B51C0FF0A3F1FAD1FA73C73408ADA96A36BA4E9B71A85F388EDEDD0BC8D8CE07B7A93C0FA9AF06D6FC452EBDADC9A95E6E12484470C206E16E9D5573D89E49F53ED5EC3E2AF0CC9E2A6B2B59EFDEDB4D8A4325CC517DF9987DD19EC0727BFF005AF35F1BB595BEBE9A26956C96D61A4263620E1A67196627B90B8193CF2682A1B9827BFAE73C76A4CFCB9242AE3924F157348D2350F10EA3F60D2E00F2AF3248E711C20F763FFB28E4FEB5DB5C685E0EF03C51BEB2AFADEAB27CD1C3228627DD63FBA8B9FE26FCCD1E6CD9CD2765A9E6E6FAD5327ED31E0FFB59A44BEB5918E2E539F56C577F71E3EBB8A53168BA1E976B68BCAACD19DFD39CAAE0039C8E3355478EFC4258EF4D22442394366429FF00C7AB1F6F4D751DAA3D6C72314B1CBCC4EAFEBB5B34F0406CFF002EF5D1B78834FBAC7F6D78334AB94C9CC963FB99067D33DFFE042A5B6F0BF877C4395F0CEB93595E0191A7EA6B93F407EF63DD4B56B1A9196CEE66F996E8E5F192178E0E79A75B5C5C585E0BCB0B86B3B9519F3633807D987461EC6ACEADA4EA7A04EB06B166F6C58E12607744FF00EEB8EFEC707DAAA72F8C839E9E95A6E4DEE7A1786FE205BEA2F1D86B491DA5DB9DA930E219BDB9FBA4F1C1E0F63DABA1F12DAB5E786353B5C125ED640A071920647EA0578D3A2488CAEAAC1860A919AE9FC31E339B4855D3758924B8D30FC897049692DF3C73FDE4FD47B8ACDC7AA344FA3346CA6FB669D6D7208FDF448C403DCAE4D4DC05E7A7439E959BE1BD8DA1DBC68E8EB017883A9C83B588CE7D0800FE35A63EE8E39CF38350CDA2EE90703048EDF9D67EAD1EFB657E46D6E38F5ABE719009C9FEF0ED515E26FB3997BEDC838E98A16E366011FC59FBA706A7B28C4D7B183C8CE4FA0C5561B4AF4E3BD69E8F16F692538040DA3DEB47B08CCBE8DA1F125D020059A08E41EF8CAFF414A79CFDEC6724549ADA30F10D9B03F7ED64423D70C0FF005A660E07B7A9E9427A09060E07CDC03E9D690700F032463D2A68A3122B803951B971C671FF00D6A887DD1FC88A2E325F0D1314DAA5B7F76E048173D99473F9835D0617DFF3AE6B4793CBF125D42463CFB54707A7DD623FA8AE93CB5FF2D5ECE165FBB4714E3EF33274CB6540672064F033FAD5FC0E48273DB3574F85B5AFF967AF68D267FBD0BA63F26A51E12D7FA9D5343E3DA4FF001AF15A6CEAF688A04631D7A600C52E303904F19C74AD0FF84375C2081AF6931923A2C0ED8FCDEA68FC0F7AF1E2EFC5F1AB7FD3BDA22E3F32695987B5464FCA3F3A65CDC4369199EEA748901E59DB02B7A3F0468FB40BCF136A570C78F9275887E4AB521F0AF8034F4375776F14C14732DE4CF201FF007D1C51625D5EC8E08F88E3BD72BA7C91C71E70669159DCFAEC897E66C7A9C0ADED1342BCF38DDE9FA05E5E5D3139D435561001FEEA9F9947FBABF8D69CDF113C3FA5C5E4785F4917440DA1E2884102FD588C91DF807EB5811EAFAD78BA17BAD5EF645B495888ACAD58C71320EED8F99B27D4FE1DAAAC9109CA6CE8A4F1069DA429B699D35DD589C9B7D3C6218FD03393818C77393E9591A95E6B3AFAECD52EC5B59918FB058B1443FEFBFDE6EDC703DA96DEDEDEDA1582DE35891780A8A0014E27B750783EF49B358D34B57A915B5A5B5A4223B7812241C00A315281D3D8F19E3E9597ACEBB1697B20853ED37D36161B743C927A13EDFE7DEACE9B6D756F6B9BC9DA7BA98EF91B3C29F451D80E9536EA5A6AF645CC65874C632093C51839190739E4E7AD1CF18E839C75CD2E70A4E7F1A430FE1C7BF4F4A419E73804FE3460F1B7208E9ED59DAAEB965A3C7FE90C1A661948948DCDF9F41EE7F5A01B4B565DB9B982CA069EE6558E24EACDDFFC4FD2B9FBCBE8A4D971AB6F4B72DBADB4E03324C7B338F4EFB4F03BE7A567497BA96A738B90116453985E55CA423FD843D4FF00B4DF8015A7617FA5C31F93AC784AD752561996EA29D8DC93EB96EFEC08A4AA413B36AE672726AE96865DF5F5E6AED8BC6115B678B68CE47B163FC47DBA5547B78E49A29C431BC909055645DC87FD965EE3FCF15DFC7E00D1BC4565F6FF0008EB8E899C35BDC8F3150FF74FF1A1FAE7A572DAC78735BF0F03FDA9A7BAC20E05CC27CD88FB92395FF81015ADADB10A517A33B9F06DAF837C46893C3A1DAD8EAB62CAF245112A50F675208DCA7FFAC6BD073FAFE15F3CD8DF5D585E41A8E9B32A5CC0731B839571DD1BD41E9FFD7AF72F0EEBB6DE23D162D46D97617F964898FCD1483EF21F71FCB06833946CCD4EB473C75C9F4A3FCF14EF4F63412373F8D0338A4FE2E3AE697838FF0022800EBDC5381EE7E94CEABF8518F5FD28017079F6E947F0FF009C5073F874F7A3AFF2A003A0EB40FC3A5031C7347208C9E714000EBFCA83DCE3F3A3A30ED41FD73C714007F9E28FF39A38E3A7D28FF2281115EDD476167717739022B789A4727B05193FCABC2343D3353F17EB2D14076CD72ED71773B8C8815DB39F73D80F6F4AF5DF1CDB6A179E0FBFB3D2EDDA7BABA510A2A103019806249EC066AC7857C376FE18D123B28C896663BEE270306593B9FA0E8076029A1A6D6C66EA73E9DF0E7C2822D32D8199D8456E8FCB4F31EAEE7BF00927D06062BCB9DE69EE25BBBA9DAE2EE73BA69DFAB9FE8074007415D37C4ABB6B9F16C7685F11585A0600B701E42727EA1540FA1AE3CEA36833FBF538EBB41603F115C18994A4F963B1D541452E665AE993DB3413E83A0C7CC3A5321B98A704C52A3807AA1C914F208C9CF04FD6B85A6B4674A77D83A70BF438EF4C68925DA5FEF210C8CA70C87D411C823D6A423A7EB938A69C7AE79C509B4EE81ABAB33AEF0FF8DD7C9FEC5F1704BCB29FE44BC9943633D1651DC7FB5F9FAD37C51F0D66B047BEF0DAB5CDB7DE7B12DB9D07AC4DDC7FB27F03DAB9274574646190C083CE41AF40F0378DE5B8BD4D0F56640ECBFE85381B43E0731B7FB400C83DC7BD7A787AFCFEECB738EAD2E5D56C799248B2024127692086182A7D3D88F4A08E71E9CE2BD67C67E00835DDFA9E9812D754032DD92E7D9FD0FA37E7915E51209629E5B6B985A0B885B6CB0C830D19F7F6F71C1AEB222D337BC1CE3FB26E2155C086E9D7A76386FEB5BE48DBD067B915CD7845CEED4A3E36ACA8C0F6E579FE42BA5E98E5B03D2B296E6F1D83E6DA783D38C1CD34E5C1538F98114F180C383C5264804F7EA7DEA5328E64F7E071C74E6BA0B5885BDAAA919723273593676E67BE2BD514E49C703D07E35B993D89E9D3D6ADB0473FE213B355D2B8C67CE04FFC04543CF039EB91563C47817FA4939FBF28FF00C76A0232C0773DCF4A71D895BB27B2711DE444E704E3D8E692EA0FB3DCBA745CE573D876A8D0EC96323F8581FAD69EAF1874590638F9738E31FE343DC663D91F2FC5366E33FBDB7950FE1835D5653FBABF957220AAF8874A7E36B3C919FC57FF00AD5D6E0FA1AF5F04FF00767254F88D97CEFC0001CF71471839C60F26B9E93C4BA9CB9167A0C919E99BB9D5063E8B93503CDAFDD0226D420B4427056D20CB0FF813FF00302BC837D5F43A725234691CAAA2E4EF63803F3AC7B8F156908CC96CEFA84838F2ECD0BFE6DF747E26B19F4BD3F224D42696F2407EFDDCC64FD3A0FC0539F52861012D611B474C2ED5C7D05035165B9B56D7EF17F710DBE97093C973E74A7FF651FAD61DF5B4124C1A7965BF9F39696E1F781FEEAFDD1F80A7CD7934D9DE7E527EE8E2ABCB2470C2D3C8C15106589E78A690EC96A45346D792C5A645B83CDC48C0FDC8C7DE3F88E3EA6BA98E38E2892340AB1C636A81C600E9597A05849146F7D749B6E6EB9DA7AC71FF000AFD7B9F735A575796D6503DC5D4CB0C4072CC783E807A9F6A96EE35DD9200770E3B76AC1D5BC42B0A4B169EE9943892E0AEE48BD87F79CF4C0E3F9553D4B569AFE363233D8D80EB938966F6FF00641F41C9AB9A2E8AC4C779770AC222E6DED40C88BFDA6F56FE5F5A2D6D5836DE884F0FE886DDFF00B4AF11BED52F31AC8773203DD8FF0078FE83815D063049EE7B9EF40C1C0239C7D3EB54AFB58D3F4E47FB55D28655DC634F99C7E03A0F738A5B8D25145D00F4F5F5A8E69E1B585A5B995228C0E59D82E0D60CBAFEA176A3EC56EB6B1B0C892E3E673F451D33EFF955036A1E6FB45CBBDD4B9FBF31DD8FA0E807D2B09D68474BDC6937B17AFBC437374820D210229EB7932E07FC054F53EE6B320D2E08663713335C5C31CB4B2FCC49FE956B39EBF88A31EA7AD7254AF2968B445AA693BBD58BF2F183D7B74CD267A01BB3DA8040C71C9E727A0A7124672393EF581A1258DF5EE91A826A5A5CC21BB5E08232932FF75C7707D7A8EA2BD8FC39E20B3F13692B796EA54E764F6EFCB44FDD4FF3CF70735E2E076CE703AFA568F8675D6F0DF8862BD2D8B3B82B05EAF60A7EEC9F5527AFA135DB86ACD3517B7439AB534D732DCEEFC41F0CF47D54C973A77FC4AEF5B9DF0AFEEDCFFB49D39F51835CC78563D63C0FE305D3757804765AA9F296743985E503E4607F849191B4E0F23AF5AF5AC82BC60E790477A8A5863B84DB2C4922A90C03A86008E879EE3AE6BD038EEF6019E68E08F7A067BE7DB349EBEBDE90C5EFD338E98ED464FD7E947E3475CF6A004E4FAF069F4DF5FAF5141FF2280173F4A4E39CFE9C53B9C81EF4DC0A0418347033FA5047BFB71DE8C0E7F2E94001FBDFAD1D71FA73460F1E8683400EE39A68FC68E307EB471F975A0078CF1FCE9DCFFF00AA999E9EC7E94FE79F4A6819C54DE05B7D57C6B7FACEA9247756A4C421B3072372A004C83BE3B2F4E735D7470430C4228208E340301110003F015E2DE228E7B3F1BEB32C3733DB5CFDAF72CB0C851B0514AF4EA07BE6ACDAF8D3C55661546AB1DCAAF41756EAC4FD59706B9E55E09B4F43554A4D268F4CD43C31A26A8DBEEB4D80CCA085991023AE463A8F63DF35E4DACE8F3787B5C9B4A9A5699446268273D648C923E6FF00681047BF5AD593E2178AA588A87D36024F0E96CCCC3F066C5725AA6BAABA93CFA95D4F7779363CC9580E17B0C0E001D703D6B2AB28548DA3AB3482941DDE88B873F5C7040EB4A400C7393C718E2A386E23B98C4903ABA11C1152020609EE7926BCF69A76675A77D506473D70790453248CCA31B9918306574386461C823D082334FCE140EFEBD290E7A76EF426D3BA06935667AE7827C4A7C49A207B92A2FED0F957483A16ECE3D9873F98A83C67E09B7F135BFDA6DB6DBEAB02910CF8E1C7F71FD54FAF51D4579EF863596F0FF896DEF49DB6B3916F779E9B18FCAFF55623F026BDB7F1AF6694D4E299E7548F24AC784785C4B6BAE6A7657703413C689E644E3946048FC41C8E7D2BA9C74E067A82383563C5D098FE20C52A803CDD2B071C64ACBFCF06ABFF00182067B0EF4496A6F4DDD5D89C1CF1C1C67D695F8C81D31939E949C648E4027B8EB41E71BB1C9FAD49A15AC6DFC988B1FBF29DC7BFD2AD63BF73DFB5274C37E18ED4739EA79E99FD6981CFF890B7F6AE92A4FF0014A700F4F945463EF77E4F4A7EBE41D7F4E5CF2904AE7B9E4802A2E39E381FE455AD895BB179CFD0E700F26B7EE2232DA3A63AAE463B9ED5CFE7AF38CF15D2A1CC69919214673DE931A395603FB574ACE78BB03A7FB2D5D5FCDE8BF957357B188F5EB05FBA05E0C67FDD6AE9B7B7FB5F9D7AD82BF2338EB7C473C752BA2C4EE51EFB6A17BA9E4FBD33E0F039C63D6A33C76EBD00EB55AFE39AE44565006125D92A48EC83EF1FC071F8D799A1D6DE8490DC25CC42650C5189C1618CFBFD0D4A3B8F5E477FAD597B38ECE25591B0546D4893A81DB3E82AB64E791D4F718C5086000EF9C138C6304D2585A0D5AFC3C833636AD9724FFAD907F0FF00BABC13EFC555D43EDBE5882CE31BE4C86909DBB07F89A05AC92C0905D4FF00E8E830B6B08D918FAF76FC6864BBB7635EF3C431EF6874D4FB54AA705F38850FBB773EC3358F317FB524B76D25F5F39FDD46AB9C7FBABFC23FDA3F9D5C0891C7B220AA00F9428E05634D611A5CC8CD34D248E3F78CCF8CFE03B0F4A4958977366DFF00B3F4D9BED9ACDE40F76A7F776F19DE21FA01D4FF00B5F953AEBC5C52376B5B062A064CB70762E07B753FA563450C717FA98950673C2E335D97C3AF0AFF006E5E8D6AFA3CE9F6927EE108C8B89477F7553F9B7D28B77265269686B7863C177DAD69D1EA3E27BAB8884D874D3EDCF92A13B6F23E6C9EB8C8C563F8CDF4DB5BFF00F846F45B286D2CAD76C97A625C19A4EAA8CDD5828C139CF247A57B003D3D735C3DF7C2ED32EA7BAB98353D42DE7B995A663B95D0331C9E0AF23F1FC6A669B8B51D199C64B9AF2D4F37C8381EA793D8D1EBFA1A9B50B0B9D1F54BAD2EF19249AD587CF1F02446190D8ED91DBB62A1E71D33DB9EF5E3CA2E3269EE8F422D349A14E79C8E48E68E38249E940276F19CF6E7AD4735C476D199A53B5146493FE7AD4A4DBB21B76D592E3AF6E7038CE69B92703A803D2A8D8EB3697D39850B23F550E3EF55EF7EF4E51945D9AB0949357428F5EB8F6EB48EA92068DC168D970C0F71D297D33C739F6A07E98E475A5E83DCF58F87BAB36A9E14B7595CB5C59136B31279253A1FC5706BA6FEA3B5799FC2CBC31EAFAAD8160165863B945030723284FE5B6BD372057B54E5CD14FB9E64D5A4D109FD3A52FA7D2939A3E9EB543B0BF4FAD009149927AF5EC297BFAFD3B50203DFF2A77E5CD348E3D3FAD3BFFD74005379FC7BE28FE5ED47F9FA5001C7B71D3DA8FE234EE7FAD378ED91F5EB40838E7FC6827D28F4E9472185001F4E99A33F3607D7D69DFE79E29B8EF9F6E281873C7A54808E3EB8A6508704E4D084CF24F8876DF64F1CCCF8C2DEDAC73039EA57E43FA015CF00BC6391D7A57A27C55D3CBE9565AC46B96B29B64AC0748E4E0FE01B69AF3CF5E38FD2BCDC546D3BF73BA84AF1B7613F831B7DFA735C76B793ACDC139FBDC67E95EB3E12D1126CEA57481D14E2143C8247527E9D2BCEFC75A549A6F8825DC328E786FE5FA628C234A6D7742AEAF133345D45AC6F029622194ED71E9EFF00515D781807D3DEBCFF00D8FE35E8BE058E1D6DA1B7BB0CC023AB61B04ED1C73F956D8BA6ACA688A13DE2C8BDF9CF4C7AD29EA06074C60735D26A5E0E9E1CCD60FF00695C7FAB61861FE3FA57364346487054838208C107FC6BCF3AC6491A4B1BC6E3E470411D8D7AEF807587D63C256CD70DBAEAD49B69C9EEC9C67F15C1FC6BC908E38E9FCABAFF00861A81B6D7EFB4C627CBBB804EA09FF9689F2B7E6A57F2AECC24ED271EE736223757EC6978CC63C6760467E7D3A51D7D2453FD6B3F9E0E46471E98AD0F1B1FF8AC34CF6B098FAFF1A62B378DBC9C01EDD6BBA5B934BE114118C9238E739EBE94EE770047247E54981BB91DB228E38078A9340C10A339E3B66804FA719E3D28EBC920E4E3278228EBC73EC31F9500733A91593C5073FF002EF68ABD718DCD9FE429493CF1C11C7A0A2E2244D56EEEB70DD3E17A7002F14D19E481F9D68B6250BED8E09C74CFF915D28CE179238C019E95CE4437C8147F13000119EF5D2728B9079F506A645230F578C8D7F49C7F14F9E391C2B67F1ADBCCBFDC5ACBBEC9F10E963008549A523D3E503FAD6C795F4FCEBD6C0DFD99C757E22A8B7891FE58541ED85C66B022BE59B54BCBD4F98A9FB342C7A055E58FE2D91F8569EBD2C96DA54CF13324B80B1AAF25D98ED03F322A945A149676D1C092AB05001CF07DFF0033935E4AF33A9EF62B97791C962598F562739F4A6E48F6C0ED568D85D8E0464FB86069A2CAEFA181B83C0C55DD0C83E6033C73C0E338A0007231EDD6AC9B1BA0C0790D9EBDB152269572586E2ABDF04E4D1740675C4A2186593A2A297CE3D0563D98616718624B14C923D4F3FD6B7B5EB15B6D12E19A463238544503192C71FCB358B2158D0B363620C93D852BDC97B97745D1EE3C43ACDBE8F6AE53CD05A6947262887DE6FA9E83DCD7BDD959DBE9D650D95A46B15BC08123403A015CA7C35F0E1D23433A85D478BDD4B1238230638FF813F00727DCD7647BFB53472C9DD884845C92001C924E2B8FF107C48D2F4D0F6FA501AA5E29DA5626FDD467FDB7E9C7A0C9FA5677C5B984969A4E9C48226B869A443D0AA291CFB6585704811176AA855030140C0AE6AD88F66EC96A6D4A8F3ABB7A0F966B9BBBCB8BDBC9BCCBBB97DF2BE3009E802FA00001F8533F87AF1D722948EB9C818ED48483D80FE9E9F8579929393BBDCED5149590EE0F279E3232735CE78A2E1B30DA83C637903BF61FD6BA23EBC75AE5BC4F91A9AE7FE798C1EBDCD7461527535E86359DA065452B4332CC990C8430AEF21904D0ABA9C8750C00F7AF3FE3D3DBEB5DEF866D9EF60D3A0F98F9A42E075233CFE42BA3191F75332C3BD5A24C63A73EA280471819ED9EE3D2BACBDF066D52DA7DC92F8C8498609FF810AE5A689E199E19D1A3914ED2A46315E71D8745F0E9C2F8DC772F612A93E986435EB44E14FB0AF26F86C8B278D9982E7CAD3DC96E8065D40FCF06BD5A521139EF5EBE1FF868F3EB6B5191E738CF4CD3BDFF005A61FBC3AF5EF4A0FF00F5AB52477E5F8D19A38DB421F7F6E3B50217FC68FF00F551DFA0C7D68CFAFD39A04038FA8E0D19C2D21C9C66971E9D4500031D38E3F0A38EA28F4E7F3A01FAF140067D319E9F5A3E9DA8E3A7B76A3D7FCE681064E73F8D19CFF218A33F2FAE3A518EBEDFAD0C627B1A4E3FC3D69491BBDCD3727F0EB40EC36F6CEDF56D36E2CAE97743731B4720F50463F3AF0BB8B5B8D32FEE34BBCDDF69B37F2D8918DE3F85C7B15C1FCEBDD7251B20F6E95C8FC40F0CBEAD68BAC69B116D46D14868C75B88BA95F761D47E23BD635A9FB48DBAA34A72E477E8C9B4FB65B5D3ADEDC63E4400E0753DFF00AD6278CFC2C3C43A69F240FB5443E438FBDEDF5ABFE1CD523D5F4682E964DEC17639F71FCAB62DA21712ED6C8006783D6BCB8F3464ADB9D6ECD3BEC7CD3736D3595CBDB5CC4D1C8870CA4608AF49F84F6327EFEEDD7118076B118E4F1FC81AF43D6BC25A46A789AEACE39D9792C46187E3E952E95A75A5B27D9ADE3486251908A319EDF9D75D6AAE7150B59B30A71516E49E82F1C671D78AC7D73418F5588CF1054BA41856E81FD8FF008D74D258215FDD92A718C1E73EB549C346E5586D615C6E128EE6F19A7B1E5324524533C32828CA76B29E31577C3F786C3C57A3DD6F0886E842C7AE5641B71F9915D2F8B747FB45B9D42DD7F7D12FEF1718DEBFE23F9570F3C8D6E8970A70D14B1BA11C0C870455D176A8BD42A2BC5A3D07C66C0F8E6D13232BA63920FBCA3F9E2A9F181C8200CF4E9563C59B65F884CE0F31E971A1C762D239FE42AA640EDC63B8CD7AB2DCC297C23F9DA7DFA91CD21E99C753F5CFAD031C67EEFA74C7FF005A82FF00371DF9E948D001E87807AF5A6C8FB11989C6D04FAD1F316383DBD39F6ACFD7E5963D1E54833E7CE560880E32CC703F9E685B8376573339CE49249EF9E4519E063839E3D6AB58C8F258425886754DAE41CFCC383FA8AB3C0EA4E7AE7A62B4253BEA4F62864BC8F041C1DC475E95BFF46E48EDC66B274940F3BBF5DA3191C56A705B1BBF1C5437A948CC40B378AA6620E2D6D16319E99762C7F4515ABF37B7FDF5593A26D992EB50EA2F2E5993DE35F957F3DA7F3AD8F2D3FBC7F215EDE1E3CB4D238A7AC998D7FBAF35EB1B5CEE5B60D75203C631F2A7EA49FC2B4B838E983EBDEB1BC3F2B6A3F6AD59860DD384407B2A0C7FE844D6D74EB8FE405788CEC5AEA3707827BF38E9413D87E1F4A703F30C6323AE7BD3704FAFA7038348A17EFE17DB3F4A5209247B719E68E3919CF718E281B8F6E7EBD2811CFF008BA43F64B2840E24BA078EDB41355BC31A2AF883C4F65A737300267B91EB1A738FF811207E26A4F15480DF69E8738559188F7E07F5AEB3E105B44F2EB37A769955E3B75E7909B777EA4FE9568C66EC99E97FC8F4038C52FAF34746EB47F2E956731E65F14DB77883498FFBB6B336477CB20C7E95C69DDB4E723BD76DF15A175D4F46BAE02149E227BEEF9580FC813F857139DEBC839C75C62BCBC5FF0013E477D0F803E5C0C93EB535AD9CF797020B746776FE11C63DFE94D8617B89D20850B4921C2A8EF5E85A3E9316916C101DF2B81E6C857EF1F4FA0AE5362A691E17B5B0DB25CE2E671CE4F2ABF41DFEA6BCE3E22E8AF6BAA3CE887603B8607F0B1C8FC8E457B17A723A7AD50D63478358B6093E51C728E172467B63B83574A6E1252226949599F3CC71BCB2AA20CBB1C003926BD8FC0FA3F9212ED8111429E5C5C7DE6E84FE59FCEA3D3BE1BDB4379E634910C9C0F294E5BF3E9F857A043A5456F6E90A1F2D5176AA81F28AE8AD51D6B28AD118C22A96EF72AFB607A735CBF8CAC51EDD35145C3A9D9211FC40F4CFD3A7E35D53A18DCA9EA0F27B562F8B1D97C3B70A837CD2BA470C7D0C921601547D4FE99AE48C5B9591BF324AE33E155992DAB6ACD9D924896D1E7B841927F37C7E15DDC8E1C9C745E0566E81A5AF877C3D69A5AB299228F333018DF21E58FE249AB99EBFD2BDA4946292E8716F27264BCFB734A3B83F4A68E319A5E00FC7F1AA01E395FC7E94B8EB8EDEA69BEB9CD28FBD8EF4AC40EEBF9D1C85FAFB7349DFF4A5FC78A6217F0A5FE2F4EDF5A6FF000FF9E681DB9F7A00777A6FF09F5F6A33D7AFB0A33F31EB827F1A003B0C8E7BD1CF393DE8F4A5E0F5FAF340098EB4678C76CE39EA68E7B7E1EF463E6E680421F4FCE9A7F0EBDE94FD7A0EB4DE76FD28290840ED9A6E48EE7F0ED4A7BE7D6987BE7E949B291CB6A3A05C69DA9CDAB685087170737B61BB6898FF007E33D15FBE0F0DEC69DA678874E96F961676B5B91C35B5D298A419F66EBFF01CD7467F9F5AA97F6165A95B1B7BFB58AE63CE764C8180FA7A1FA5613A519BBECCD5376B742F60151D0E466B2849E55DEE43F74918F51DEB3BFE11B96C971A36B57D65181FF1EEEDE7C3F4DAFF00301F46155C9F135A921F4DB1D423CE37DBDC1858FBEC7E33FF0002AC2AD293B38F41C15AE99D62489246190E41E7DEA0BE8C1877F0190F1DEB9B8FC43359664B8D1757B65079FF0046F354FF00DF04D364F1BE973A00CD749EAA6CA607FF0041A96A4E2D34EE251B3BA66AF073FDD239046735E69E26D28DA6A2D610722792310A93FDE6181F5CF1F857623C57A6BB85861D427623858AC6539FCD78AC08ECBC43A8F8A2DB557F0FCBE4412ACCB1DC4C910257EE0E727009CF4CF159D1A52E64DAB1ACA4B95DB535F5AC49E3AD61F764471DB46483D30A49FF00D087E75071B8F3CE6A8D8DC5CDEDE6A97B7623F3A7BF937AC44B2A95C26013D40DBDF1577AA9C73E95E93229AB450BC9CE383D0E3AF14BC1E41E3A73DA908F404FAFB5260FDDF43CFBFAD22EC3CEEE475EE2A1D3AD4EADE2EB48480D0696BF6A989E8643C463EBD4FE14CBCBA8EC6DA4BA933E5C40B11DC9EC07B9E07E35D0F85749974CD28CD7400BDBC7FB45C81FC2C7A27D15703F3A3625EAEC700615B5BCBFB55FBB05E4C8323A0DD9FE468CFCA063F4A9B514F2FC43ACA0E8B7AEC33EE01FEB51C68647545EAC42D6AB612D8D6D323D96DBB182C73E9F4A358BA6B3D2A5687FD74A04310033976E07E59CFE156E31E5A2C608DAAB8CD6639FB76BEB1000C3A78F31FBE656FBA3FE02B93F88A54E0E73490A6F96268D9DAA5958C36A9F7214080F738FF1A9779F43499F9BDF391DFEB52E4FF79BF2AF7968AC7114ECED62B1B44B680058D3380063A9C9FE66A4EBFD314AE7E720FEA334F8A357C9390ABC915F3A7A0958660720631F9D51D4E668E110A1F99FA9F6ABC31B8E401DC71D6B135191A4BB7F9B217818ED8AA4AE0CDB18DA0019C0E79EB46782467D70074A48CE63561D0AE464E28CE3EF67DC8152072BE277075C8223D16D49FCDBFF00AD5D2FC28BE6B6F12DF69EC485BBB512A8C7478CE0FE61FF004ACBB8F0EDFF008835FBA3A6B2FDA2D2C52410B8C79C0BB0C03D8F1C678EDC75ACCF0FEA6DA3F8A74EBF914C26DAE84170920C3206F91830F51907F0CD688C26D34D1F4075E9467DA97FA1A0FB0EB54739C6FC50B0373E155BD4037E9B709707232767DD6FD1B3F857997A0FD41EB5EF1776B0DF59CD697081A19E331C8BEAA4608FD6BC2AE2C67D22FEE74ABACF9B64FB371E37A7556FA15C1FAE6B871706D2923AB0F2B5D33AAF06E9B88DF51917963B22C8E71DCFF4AEA7F8BF91EBF4AA7A3C46DF45B4880C7EE8139E793C9FE75739FD3A8EB5E71D4CBB65103994A8249C0E38F7A7DF22F961B8C83D4F5A6D9DC471DB84660A41EFDEA0B9B8F39F68E117A7727DEBA1B8AA76EE609373BB1F6317EF4B11F7071EBCD68F3B7F95621D6F4AD2212750BF82DDD8E1509CBBFD147CC7F015049ADEB3A982BA3E8E6DA3ED79A98280FBAC43E63FF02C56D460F95344546DCAC59D4EE6DED1A5B9B99D218631F33BB6D02A9689692EA9A8C5AE5FC0D15BC00FF66DAC8B86C9E0CEE3B1238553D01CF534EB5F0CDB9BB4BED5EE64D5AF14EE57B8004519FF006231F28FA9C9F7ADEDF9E49AD69D1506E4F5653BB493D87176273D49E69E0F40476E7351827D7B67DE9DD7F2ADEE4325CF5C1FAFB53860E3B0A60E7D7A76A7FA0E4D34431C3EF63D3D28E79C75239F5A41F7BE879A518AA258EE36D2FE348013CF2294FE18F5E940831F29E9D28FE11CD18FF228C73C8E868100FBA3A53BF1E73CD33F8BF0EB8A5CD020FC3A7147BFA9A3D703B518FF003E940C0FD4507F95193D3AE39031487E809A06843F881ED4D3C7F5A71069A73FE1ED40D0C392B8FC6A33FCF9E6A420E734DE3DE91688CE491E83D4D46E3DB9CD4871E9FD698738C541A4461FFEB9F6A8F9E338A7E176F3EBF95308C376EBDB8A4CD108739F4E38E78A0C8FFDE3C8E99A319C0EDDA9BEBEE3F0A45A149638F99B3FA5325952DE29276E91A176278000193FCA9D9F7AC5F195D1B5F0ADE846C4B72A2DA3F7690EDFE44D08727657395D103368D6F3480892E034F20EB92EC5BFAD6871B7EE9007273D053628D61863823C08D0051819E00C0A518DC07B706A999AD10B9E99C71F8D2641E06324638ED4EEC73938E7355A2B6B9D7F526D26CDDE38E300DEDCAFFCB153FC0A7FBEDFA0E6806EC58D12C7FB7B5617728074DD3A4FDD83D279C77F754FD5BE95DB63E6273C75350DB5941A7DB45696C8B1C10A848D471803FAD4C3D3B91498D2B23CBB5839F13EB1C8C7DAF1EBFC099A9B4A87CC94CE41DAA3008EE6AA5E9797C41AB10A0B35FC8A3DF181FD2B662F2ED2D86E62AAA32495C935A3D895B097D7A9A7D9C972CA599462341C1773C05FC4E05334AB392C6C424C4B5CC8C659DC73976EBF80E9F85677DA3FB4BC4565091FBA863926443D378C00C7DC64D6EE00CE3B9CE4D7A183A692727B9CD5A5776018183D31C8F4A7E17D0FE744713CB20441F3B9C0C56CFF0060A7FCFC7E95B55C4469CAC649181F301C0E7E98AB52FEEAD02E0E58E091C83EB55E14F3245CF3CF38E9535E11BD78E8338E95E31E815C9017B7D3D3D6B9D721E566278639E79ADF9C810C8464E10919E2B9EE739208E2A9099BF6AC5ECE13E831CF3ED52E0EE1E9D86719AA5A53B1B62B9C946C1E7D6AE1C6D0C3B75C0FCE93DC68BDE0C931E3BD41003F36991B7E529FF1AD0F1D78162F12DBC97961B21D5026DDC7859D7FBAFEE3B376FA567784DD62F1D73FF2F1A6BA83FEE48A7FF66AF4027B63AF154B63925BB327C23AADD5F786AD1F528258AF615F22E5255DADE627CA4FB8380723D6B74489FDE191C63A556FE2CE7DBD6ABDD3CC2DA56B58D24B8D84C69236D52DDB247414EE4F2A6683CA91A17775441C1666C0AE2BC79E1A1AF5BA6ABA3B4536A36CA54C68E09B88BA95FF0078751F88EF56A3F0D5BCDBEF7C46EBAADCED2CCAE998211DD638FD3DCE58FAF6ACDD23C3565A8CEDA9DC68F6F616722325B58AC0A8CC87FE5A4A473B88FE1E300F39349D9A6994A2D3BA1BA56BFA6BE896D3CF7F040563DAEB34AAAC8470410790411D29DFF0946972305B2FB46A0D8E0595BBCA0FFC080DBFAD6D43E1DD12CDC3C1A358C6DD370B7527F3ABFC01B546140C040318FA571FD5A09DDB67529499CD0B8F10DD63EC9A2C766ADCEFD42700E3FDC4C9CFD48A78F0F5FDE20FED5D76761D5A0B15FB3A1FF8172C47E22BA1393CF4FE94C3FCBBF5AD634E11D90B57B94AC344D2F49E6CACA28E43D64C6E90FD5CFCC4FD4D6875F5FE79A671CFF9CD3B03919E83A5683B58775F4EBD3D69DCFF004A68F6E3EBC5380F97F5A0962FA739F5F6A907DEE9ED4CE8474F534EE7767269A2192027F0CFA74A763F4ED4D19FF0F5A7E47079E4D3443147DEEDF9D387EB4D1F4A70EDC5510C5C761F5C74A5FE2E9471D4E31EBDC5033D3A7F5A042D27E1C0FC682718FD69C3B9E322810DE3AFB7AD1EF9FCE933FE269720D021727FC8A4C9F5FD68EB4B4021BF98A0FDEFAD1FE7DA83414263FF00AFEF4D23E5E29C71F9521C16F5A06861239FF1A61EA7D3DAA42179E87FAD31C74C7E348B44441E320534E7D29E7F1F7A691F2FE9D6A0B4C8881F877A67F11CFF00FAAA523DB9EFDE9081FD4D06888B1E9DBAE7AD27AD388EB8FF001A38DDFE1DA958AB8C03E527A7AFAD725E2EB8173AC69BA60C91006BD940E718F953F3249C7B575E7014B13855E493C002BCEEDAE7FB5AFEF75A230B7726D873DA24E17F3E4FE34D2EA26EFA17323B9C7AFF005A4E4678F7F5CD36596386269A69552351977738007E349A6E957FE253BA3325869278370576CB71ED183F754FF78FE02989BB0C823BED72FDF4ED25B6796717578C3296E3D07F79C8EDDBA9AEEB48D26D344D3D2CAC90A46A72C4B659D8F5663DC9F5A7E9DA75A695671D958C0904118C2228E3F1F527AE4F5AB601E9EFE9410FBB193C79407182066A04C6E1D71D715739E73DB8AC7D72EBFB3B44D46EB38F22DE4618E0E769C7EB8A4D0E2F4679A69B74A166D467CB4B3DC4B22A6724E5CE0FB5171732DC4A58B7CA070A0F4AA76519B7B3863CE76A004FAF1CD4F9E08E724F1DB35A586B4449A390FE2493924C7678191D72FF00FD615D1FF11E31EC6B9BD0FF00E465B9EA716680FF00DF66BA6CFCB8C1C75AF570DFC34724FE265CD2067514C755463C1C7B7F8D747B13D0D73FA20C6A2D9C7FAB38E3DEBA3F97D0D79B8B7FBD638EC7236A33231DBDB00E714CBC07CD3C01800907B54B6B83131F53819E6A0BA24CE0632081C75AC3A9DA56BA3FB8978E887A75AE789F97A8CE307BE6BA19429864E0E769CE3E95CF8C0EE08CF3815684C5D2EE2E22D6256724D9C8EB6DBBB24BB37A8FF810C8FA8AE8C763D33C556F09D841ADDAF887469B28D30826490758D8021587D0A834DB3B99E58E48AED3CBBC81CC37098C6D71FD08C107D0D27B9116EED32F69171F65F1B68B31076CE66B6381FDE5C8FD52BD28E7FCF19AF26D426368B69A80CE6C2F22B83838CA86C37E84D7AD1C7F090476229A329AB4861EC38A8CF7F7E2A43CE077EBC76A6919C75C9A0488CFD7EB4D3EE739F5A79C8E29AE074FC38152CD131849F5FAD34F7EBC53CF6CF38A69C0F5CF538E948B4379EBFD69BEFC0E334FFE2F6C63205200493D7D79A0620E39C75F5E714BDB8E9D327B51CF7C7AE0D2F3C64F4F6E4D0018033C73DA9D8E9DB1ED4800FCBA669C07EBD68131700B7E14F4FD3F9D34638381D79CD380C1E9F9D3466C9003E9D7DA9463BFD73E94899FD714F1FCF9CD344301F43FE34A33CFBF7A400EE1E83D69FF00E7DAA8962D1CFAE3F9D4724D14263596454321DAA19B1B8FB549D3B0C1E69225871DE8C8A3D79FEB47BFE3C53107A8E28C67233ED47A7D3F3A47210658A819E4938C5003BF3EB49F9F06A1FB759676FDB201F59549A51796873FE930E3AE7CC068B8ECC9F1ED4DEB8E9552E356D3ADD732DEC2BFF03073F9566C9E27499C45A559CD7AE7A301B507D4D26D14A127D0DA91E3419765504800938FF2683F80ED59965A75D4B3ADE6AF2AC92A9CC50A0F921FF13EF5A847CBFE3421D92D2E30E770E69A40E4FE9521C1FAF5E69A79C9EDF5EB4C69919E73E94C20F23D3DAA5C7A7AE0FA1A6118E7F2A929323C7CA3F3F734C201E7815291D3F5F4A6E318E2A4B4C6143E9FD69B83BB91D7A8F4A931938C63B5214F9867FC0D055CE57C6DA8B47A7268D6EE45CEA7946653CC708FBEFF0088F97EA6B9B82E0DCCC34ED16CDEFE58C05DB11DB144071F349D001E9C9F6AE967F0341A96B977AA6B37D35E2CC42C76A84C51AC6BF755B072C3BF604D74B6D6B6D696C96D6B0456F0A0C2471AED51F80AAD09BB6CE5F4BF052F9C97BAF4CB7F3A1DD1DBAAE2DE13ECA7EF11FDE6FCABAC00F7EBE8697029D8E9D464F153B86884F4E9EBC8A51E8052E0E41E869F8FAFF5A7625B0C138E95C57C4CBA316936F62AEA1EFAE51594F5645F99BE9D07E75DB8EFC76AF2BF1D5F8D4BC5CD021FDDE9B088467A195BE66FC40DA2A92127AD8C5C7CFCFA67E940C7B9CF5C9A4CE38E724678ED4F892499C2203C8CE71C0AA361DA38DBE2471920CB698193D76BFF00F5C5749C119C75EDEB58AF1A596B3A580010E92C5CF72406FF00D94D6D6338C9381F857A78577868725456933474427FB45F0063CB38F5EB5D1E24F43FF7D5733A2B94D480278646193F9FF4AE93E5F55FCEBCEC547F7AC23B1CBDAA7EE0723209C7BD417A30E3A7CC31CF152599FDD15EBB4F041A4BC00C7BB691B4E0815CFD4ED290E463820FEB5CF4A82395D4E3E5241E715D081D876CE3B562EA3184BC73FDE008C77F5AB42668F826E8DB78C843B804BBB4742319CB210CBFA135BBE32D1A485FFE121B04679624097B020E66887461EACBD7DC715C5437A74DBFB2D4B9C59CEB2BE0F54E8DFF008EB1FCABD8FE43823953C823A1F4A52D1DCCEDA9E6CE906A560CAAE2482E222A181EA08FFEBD775E0BD49B53F0959348C0CF6EA6DA7ED8923F94FE6003F8D71FAFE8537872E65D4B4E467D26572D716E8B96B563D5D47F70F52074EBD2ADF823514B2F11CB64AEAD6BAC47F68B76072BE720F980C7F79307F034D133D753D048FCBF9537EBFF00D7A7919EBE99E29A33B8E7F1F7A6C8446707EB4C3EC7F3A94F2C3D33C834CC7B1A4CA447D7E99F4A43DBD0D3F079FCB9A319E3A549699191F9E79A5E69C7E9F90E69027F3A0AB898EDCE47AD2E3EB463B0C727F1A5E9EB9F4140AE201EBC93D69C0657A76FA503AE31F4F4A77A73D077A7625B1C131FE14A00F5EF9C9A4E7BF5A781C7AFE14C8619F9870453B1807A52018C63F9E69C3EEE0E7238E9544B17F134BB0F519F7A00E07D697F3FC682591DC5B41790B43711AC91B750C323FF00D759874BD46D3234BD40EC1FF2C2E86F51F46EBFCEB5FD339E9473CF1D6958149A30CDD78995829D3AD5C83F7965C03FAD4C1BC472E322C2DC1EA496722B5BFC8A39FC3B7BD161F3DFA233469B7F281F6AD5A639EAB02AC63F3EB520D12C379696233BE7ACCE5FF9D5FE319FCE90D3B0B99958E9B604153636C467BC4314CFEC5D2BB585B75ED10AB9FE3F9D073E98145907335B32A2691A646C196C6D830E87CB1C55A08A836AA851D805C62947A507F3CFE3458576F761EFFD690FA77EB4BCF4F7F4A3A31CFE1EB400DFAE7DCD348C28E9EB4FC77F6EB9A438E940C6123DA9081EDFCE9FDCF7A6E31D31FE141498CC63A8EF8E3BD308E4FA54BCF39A31D3D6A6C55C871D7B9F6A4299F5E95291D3F23ED46CEBF9D161DC88A1E9CF4FCA940C76EBED5263F9D340EDC7BF34582E371C66940F4FD2A4D9F2F3E9D28D83FF00D7C5160B89B33E9D29D8F41EF4A33D3F3F5A5E9C9202E32493D29D896CCDD7F588B40D06EB549B07C94FDDAF79243C2AFE2702BC6ADC4BB0BDC3EFB895DA599CF776393F8678FC2B73C5FE231E27D4D12D9B3A558B1309E82E25E864FF00747207E26B1439FC71EB548D211EAC7607B6473C74ABBA4BFF00A43272370C8AA00E79C673F8558B038BC4C6476E3BD0F6342DEB6E62B7B6BB1C7D96EA390B770A4ED3F986ADAFE3C8E9DFD6B36FEDBEDBA6DC5B753344CA08E4FB7F4A9B48B9379A55ADD13F3BC6BBC139C30E0FEA0D76E0E5A3473D656699A76122C5A8C0DBB197DA4FD7FC6BADE3D16B8A27636E5009521811DABA6FEDBB6F7FFBE6B0C6C1B9A6445E87396B20123A375619C1AB1311F676CE318E9EB599BDB7820F23B8EF4AF7124980EE5B1D39AE4B6A760993D07AE2A8EA51F990ACD8E63E0F19E0D5D3F74818E39A614F32228DDC608E99AA4073D222BC722372AC30C3D8F5AF48F046A4DA8F862059989B9B33F6598FA95E87F1520D79DCB1B45332B1395E0F7CD69F83F55FECBF13AA48C05B6A6040E09E1251FEADBF1E57F114DABA25F73D481C383DF3D08CFD6B8EF13F80AEA171A978499229A2996E058B9DA824073BA33FC24F20AFDD393D0D761F527F9D5CB7937C23B95E09A88B32A8BA91D94D25D58C1713DB35ACB2461A485B968D8F5071E86A5C7E7F9D3B0690E7DAB4334C691F8E69A7A9C74ED4F23FFAD8EF498A5629322C139CF4A4C7E55238FC39E9487EF73D3B522AE478FAFE147BE7EBE95260D18E9FE4D161DC8C0E9EBED4B81F87519A7FE94606EF61D6815C681D79FAFB53827BFD7B53B0A3E80E697F0A626C40338A701F9D1D7AF7F4A763E6A64B60076F7A77F10A307B7D297EBF9504B61C6051EDCFF85007E03F3A07A52B0877E5C51CFF00FAB9A6F1B7F5A3F953107E147E7C5038CE051907F3A0039E290F3DBB629E7D3B1F4A6FAF5F7F4A003233F4EF471D451CE7F97BD1F4E68187D7F0A09EFF0081CF6A3AE3D09EB40FFEBD0018F94527E7F8D047BF3FA53BA67D71400DC75F6E68E9838E3DF82294FF002149D7FF00AF4AC1710E3FFD54119C1C7B0E29C47F2CD1FC3FAD31DC611EDC5211EA09A7918A3D0FF9140EE478E3B918FCE8C1E7E94FE370EF463927F1A07719B3E5EF474C7E7D39A7E06DFF003CD2E318E99EB40AE4607CBF53C9A5C7B7FF005E9D8FD686291233C8CAAAA373331C003DFD8500D898CE7DCFE35E67E33F187F6B349A36953E2C5495BBB846C79E7BC6A7FBA3A123AF41C7351F8B7C6F26B9E6699A24863D3892B35D21C35CFAAA7A2F6DDDFB715CB222A055455545180A3A01DA9A348C6FAB1C368408A0051C050318147E58CE46683B8609E8467079269D0C6D2CA10670C7248F4EF48D89258488239B27E72481D87A52D97FC7F4447AE78AB5ABC82DB4A96620958B042838C738FEB55AC7E7BC8F91C6486E946E83A9B20124119FE5557412629350D3CF4827F3231D3F76FC8C7B03915649EA0EEE7BF4354588B5F115A5C642ADCC6D6EDF5FBC99FC88FC6B5C34B96A2BF533AAAEAE6D6095E40C8383DFE94BE4FB37FDF550DF5D258594D772FDC8632D83D4FA0FC4E07E35C37F68F8A7FC9AF46B4A29EA72A4CED0EE2DD4648C7349C738C8C1F4E0D2673C67E9DB34B8C74FC3B815E39DE19F97AF3FE73484838CF73939A070BEC4679EA28C83C13D7A83FA50053D4ADF7C5E70032BC11EA3FF00AD5912C4B730BC44950470437208EE3DC100FE15D1E37E41040C7E06B1EF2DDADE5E87CB6FBB8EDED4D3E826AE7A2784B5EFEDED195E6205EDBFEE6E907F787F17D1873F9D7456CE43EDFEF7B75AF1AD235997C3FAB2EA48A5A02A23BB887578F3D47FB4A727E9915EB76F7115CC31DCDB4AB2452A87475390C0F391F5A96ACEE66D5D599AB838FF002693FCFA508E2440DD3347383F5FCAA9331D84EA0F3DE931DBF0A77AF1C9A4A61719D0F6FAE283EBC7D29F8CF38FFEB526076FAD03B8DC0DDD78C7D68C0E73FF00D7A701F4CD1CF5CD2B0EE263B7E94003AFBF3C5380FE5F9D001E07AF3D28B0AE340C77E314A00C8EA78A763FFAD4A074C7E14C571B8FFEB53BFF00D7475E3F034EFF000ED409B131F5C51D14707DA9718FA527EB42106739F4FD683F7BF5E681C8FD0F6A380C307AFAD0003B7D78A0E327DE8E983EBC51F8F39E68107A7A63AE28E3AF7ED4EF7A6E3140075C7A51EFEF9E681EDCD3BAFD3F95031BCF5FF228CF03F2A5FCFAD275E9D4D0203F951C73E947A9E73E947F175E3B67AD002F3EFD293DBF4A3D31D3BE69D9A006F27D318E28F5E7F3A3FA52F3C64707D2818727F0A39E3038A4E4D1FC5DBD0D0018FD39A381F5A77B7414D0383EB4007CBDBBF349C7BF1DA978C0FE78A38E7A629582E1F88A4FF3F8D28C7E39AE6FC4FE37D3FC3B9B68C7DB751232B6D11FB9E85DBF847EA7B0A2C336754D5AC747B092FB51B94B6B741CB31EA7B003B93E839AF1FF001AF8CAFBC45673468AF69A7636C56E4E1E763C29931DBBED1D31CE4D54D4B51BFD76F85FEAD3F9D2AFFAB45188E01E88BEBFED1C93FA5663FF00A4EA11C20FEEEDFE77C71963C28FC3935491A28595D96E28FCB8D22073B5027E5562DADDEEA6083213F89BB54288F2385032CC7803BD694812C6CCA2E0BBF19EBCF7A19B245399D1E462A30A0ED03D00E95A1636FE541BDB876E7A741FFD7AA9616C64944CE3F760E47BFF00F5AB533DF9C138FF000A4D948A1E2023FB06F064728003D739618A6E9B1E6676CE42AE0718C545E207CE9AB09C832CF1AF1FEF67F90357AC54476D925BE73B8F1CE297427A96B7A9C9CF5E39ED54B5889E4D3247889F3602268F1D72BC8FCF047E356F38F7DBD33C9147A7A1EA3D7D684ECEE5495D58C8D6B528B569ADAD6DC86B7555B9998739C8CA2FEB9FC054387FF2D54ECEDD2CE5BAB440330CC78EB90795FD0E3F0AB5F3FF00CF46FCAB5A93737732A70B23A12483C13CFAD1C6D3D383F4A4C93C7A7E029A49DC38E33D7B0AC8D493F8867839FC2B3A526D75EB77FF00967771989B3D9D7E65FCC122AFE4825460E7D4551D5ADDA6D3A531922588896223A865E47E7D3F1A481EC5F241EF8CFE951CB124B19461F7BB63A545677897F6715D443E5986E208E9EDF81E2A6C0FD79EE2986E635C44F6F310C783D0E3822B6BC1FE251A15DAE977AE069B3B7EE5C9C8B790FF0009F4463F913E9515C44970843F6E84718358F736EF16E494028C3192321C53DD5896BB1EDF6D232318DB8C9C8AB5F4EBD6BCA3C25E316D25A3D3759998D98216DEF1DB261F447F6EC1BB743EB5EAB6F289630C0824FA720FFF0058D4A56D1984D751DFC27D0FAD18A5F7A3D491EC7B551171B8EBFAD1B3BF14BDFF00C8A31D714009D7A6783460FE54BE9ED4BC7B75CD0171BCF000F6A500FE9D697EBCFF002347AFB7B501713FCE68EB81C9C77A2979E07FFA8D02B873C76CF5A063823BD1C7A60F4A3DB8A005A4181F5C73DE9DC71D29B903FAFB5020FE2E7FFAD47A7F9345071FA7514007D4E0E68E3F314EF4E98A6F07A63DFB5001D3F1EF49FC3F5E7E94BE9FA503EBC8E28003D7A75E3D29C7D7DBA5378E99A33C7D3A8A0619F947F5E33477C7FF00AA8F4FA51F414007AFA0E9C51F514EE79E9F8D37DB1F95020F5FD28C8DBCF7A3EB9F6A07DD39E45030E99CF6A3D3A7E028E9FCE8FF000E28106477EBEF467E5FD28FE1E28E79E98A06071CF07A53B82C393ED4D3D063F9523C8B1C6649595235196666C01F527A5003AAB5FEA365A4D9BDDDFDD456B020E6490E07FF005CFB0AE375DF89D6506F83C3F10D4661C1B8725604FC7AB9FF00778F7AF3EBFBDBCD62E85E6A978F793A9F9038C247FEE20E07F3F7A762A306CEA7C43F112FB55DF6DA1092C6CC8F9AEDC62693FDC1FC00FA9E7D85723146B16703E662599C9CB39F524F527AE4D2E727A9CE71D73484E15B240519CE78A2C6F18A88DB8B916D197232D9C228EACC7A0FC4D32CEDDE18829F9E673BA461DD8FF874FC2A2B6CDF5CADDEDFDD20DB0A1E73FED7D4F415BF6766B11DEE01931C03DBFF00AF43635AEA49656AB6E819C0F331827D2A19236BDB9249610A1C0ED9AB79F4C1E792453B20AE3B939C9E6A6E58E08A001801178000E940EFC609F6E94DC8DC09EB8CF0698EE91A9918808A09627A01DE96E066EA28D7BAC5B5A03F2400CD29F427E55FC7A9AD61B428C03851818159DA3FEFA197517521EEDF7283D55070A3F2E7F1AD0CA819DD8C5312EE3860F3D48EBED4848E31D3A1C0A670719EFE839347392076E00E98A433175506DF598661D2EA2DA47FB4BD3F427F2A4CB7F7BF4AB1E2043FD9A2E30336F2ACBCF5C6707F4350E63FEEA55A22F666A58DF47A8DAA5D439DAC48C1ED8AB231C12DEC73C565DB46BA76ACF6AB85B7BA5F3225EC1D78603EA307F035A43B7FB43BF350CB4F41DEB9E1BBF6143E5D4A7AFA8FCEA3CE0000900F7A7E7AF6F422981896521D2F557B2948105CB9688F5D927A7FC0B19FA8ADBCF5C76E2B3358B34B8B6F9970A78241C6D3D88F706934AD40CCC6D2E8817710C96C604ABFDE1FD4763435D494ECECCD4E4F53920671E94D96359536B0DC08C7BD1CEEE781DB34A3EF64F6E7D33414655D5934392143C6473C64E3DEB47C33E2EBFF000B4C9032BDEE939C1801CC900F5427A81FDD3F853B27BF4EFCD56B8B08E505A2CA1CF38E869DFB9328DCF61D2F55B1D66CD2F74DB94B881FA321E9EC475047A1AB5C74E78AF08806A1A25F8BED36E64B49F3CBC7CA483D1D7A11F5E7DEBBFD03E26D95D04B5D75174EB93F289B3FE8F21F663F709F46FCE9D8E6941A3B8C2F3475C522BABA2B290508C860720FD3DA97FF00D74890E371C7028C77A3F87EBCD1DB38FAD001E849ED4EF5C7E069076149FCBAF02800E78F7E69DC7FFAE9BFC5FCA8F7FC28107FFAE8C7F9EB471B738A3F0E940C0E7AD00FCC7FAD1DF8C67A51FC5E9C71400633C679CE68F4C7E140FF003DE81E9C5001CD3BFF00D54723AFE54DFF001C034080D3813C73DBE94DE7BE3F0147B9CF1F85001C9A3D3DBBD1FCBF2A3042E73D3B0A061D3347B51E9F9D2D02108CFF003E29383DA97DB1F90A303703F8FD6800E78E38F7A3D8739F5A0FAFBD181F867B5001D00F4F7A3DFF00C8A319E39F4E05656B1E27D1342C8D4B51861908E210DBA46FA20E68035477FE74D9658E085A59A548E35196772140FA935E6FAAFC53B99919343D33C90471717DD48F5118FEA47D2B8DD4AF6FB5A984DABDECD7AC0F08ED88D3FDD41F2FF3FAD3B16A0D9E89AC7C51D36DB743A25BB6A920E0CB9D9029FF0078F2DFF0107EB5C16AFAC6AFE207DDACDE99E3072B6D10D90A7FC047DE3EED9AA3818C0E02F6CD195E3A118C9C516368D34B71DD5B382063181C629791827381DA908F980A6E475EBCE4E79C533424F5E091DC8FF3DAA96C7D55C451EEFB329C311FF2D4FA0F61EBDEAF7D88DE82841F298618F418AD4B5B54850450AE4E30001C9F4A4D89AB896B66B6EA09C6FC6010381F4AB1F305CF539E6B4E3D0660BBEF6682CE36190266F9BFEF91CD27D8B4ADA47F6BFCC38E216DB52D362E74B4467073C6383ED4D1845E00F515A536893242D716B3457B0A8C9684E4AFD41E71599BF3B720FA72324D2B149A7B0BE817B9AC9D5A56B89934B8891E761A761C154F4FA9FE556B53BE4B1877005E590ED8A307976FF01D6A0D26CD9049753B069A56CBB9EA4FB7A01D00A6909BBBB234D0048C22E02818181914864C63F203A75A320719C63900FF009E950492FF00A6431649C65B83D3B0A2C5163396FAFE54E19DBDFDB34C18E7191CE7D28E3918EF9C8A56012E211716D2C0D93E72329C0F515E7FE5EA7FDD7FCABD0724AF07827239E94CFB143FE4D512D0CD4AD9AEADBF72409E261242DDB70E9F81E47E34FB2BC4BDB45B95046EE0A91CA91D47E072295265946E439573818AA24FF66EA5BCE059DE38DFD8472FAFD1BA7D681BD1DCD4CF420E3B0F6A6F3B4FBF27069BCF20E28DFD33DBA9353618385910A38386E08ED583756A5DC297292C4D98E543865F422B7B3F29033CF407BFAD54D461678C4A0FCCBD40F4AA426AEB521B1D5B7B8B5D436C5719C23838497E9E87DAB4CF19519EBCE6B9E9228E4431BA2BA3762334B05D5F58AFC8DF6B841E2391BE741ECDDFE87F3A1A15DADCE809F7EDD4D23F20861CF619C553B2D56CEF5CA46FB241C98A4055BF2EFF00855BDF86C7A70726A6C55D3D8A4F71259B1470D244C7863DBDA964B5B7BC42D115E4608C647E22ACDC46932146DB83CE7A62B24192CE72A09054FE06AD08BBA66A5AD786E6274DBD9228FF00E7DDBF7901FF00809FBBFF0001C5761A57C538C858F5CD36481BA19ECFF789F52A7E61F866B95B7B94B843C00C3AA9151C9670C8DF2E51BB951D6919BA69EA8F60D375ED235703FB3F51B7B86E9B43E1C7D54F20FE157C8E80F0D8F4AF9EAF74D9AD6437D6EAB22A8FDEAA70C47F787B8F6EA2B4F4DF156BF6288F61ADCED080088E6226423FE05C81F4229D8C9C1DEC7B97A77A3EB5E5F6BF157578B1F6ED1ED2ED71C9B794C4C4FD1B23F5ADAB7F8B3A049B45DDAEA368F8CB6E83CC51F8A93458869AE876DF4F5FA507F120F5C76AE7ECBC7DE14BE04C7AE5B2303F7676F28FB70D8AD68B55D3AE1808350B49091C049D5B3F91A405AFE947A9A51CE08E7B8C1CE6821BFBADCFB50213AFD3AF347D7A5051B8C834701BF4C5001F4E9D452F3FE4D2F3D31F4E29BC6EFC2801DC727FAD3481FAF6A391D7F4A31FE7A5030FE2393F4A3F873DC51F951C73D3F0EB40074FFF005D1CFAFF00F5E90BA7F780FC71486541FC439E87AD016649FE18FAD34545F688C370093486E5BFBBFAE695D0F9593671E9413EDCD563349D7E519151659D4649CFD695C6A05C3222F0597F03CD723E29F885068773269DA7DA9BDD41002E1CED8A10791B8F5248E768FD2BA17758919DCFC8AA5893C741935E142EA4BE9A6D42724C977334ED9393F31F97F2181F8535A94A09BB1ADA9F8B7C49AD02B75A9B5BC4DFF2C2C8792A7EADF788FC6B1E382389895401DBAB9E58FE27AD38E3939F6A01E72491EFE9566AA315B073D0538676E0F7ED9C8A660EECE09F7F4A52719EF8E05050FE4FB0EF9E29B9E3BF5EA29A481D7E98A5041CE3918FA134C0781F2F078C7268B22D73A808563568A11995CF627A0FA9EBF4AAF712BC683C91BA59182C4B8EA4F4FC0727F0AD9B2B35B2B45B746C9CE5DC8E5D8F5352C16AEC5D8619269A38204DCEC76851D735A77BA85A786E236F68564BE23124E39D87D13E9FDEA8B4D97EC1A56A1AA003CD850470E7B33719FC003F9D73D6D1BDC39BA9C96E78C8C034225FBD2B7445B49AEAE6537372EC49E761393F8FA9A9727A67A7E18A673B47600FA519F946483EB48B4AC58B6BCB8B3B859E0959181C82A78A97C417FA6A5847AA02A92C8FB24B64FBC5FF00D91E87F4FA5645F6A30D842A5B2F239C246BF79CFF0087BD64849A6BAFB45C90D31E11472B10F45F7F7EF410F7D3727B4866BDBC373758F318630065625FEE8F7F7EE6B6B0130AA085030307A5436F6E96F185EAC4E5CFBD4C727048CF6EB4169590A38C0F41D4F7ACD925C6A41C95F9580C9E82B43F88E38C718EB58D21CB33671924F34C6CDC4201CF3EFC74A06338C8E0F1DAA0864DF0A31E4E3241E09F5A7C72091885CFC84A907A8A403F8EE0E4FA54B93FDC3F954248EBF91A5C37A3D3199D6336C9761E8E7B7406AF5C5BC77904B6D30051C107D7FC8EB5920846DC0720E4735B08FBD4329FBC33F5A1A256BA197A3EA2F36FD3AF09FB5DB12993FF002D00EFF5E9FCEB5724B0C0E7DF906B9FD4ADB3ABB152633244B3238E0ABAF048FC315A1A6EA46E7FD1AE404BB5192A38120F55F6F6ED4894EDA3347E5E48FA814704F4F94F6E94D3EBC03D39A090727D78E0F4A6599975088662547C87A76FF38A830370E0E7393835AF3209A22840E7A1EE2B1E58DA272AC0EE1EBC8A684D11CF0C7326D99036D3F2E4723FC296392FAD5BFD1AEBCD40788AE06E1F837503F3A5F7E7F0A5F5C0FA1A08B1623D7962E2FAD9E03FDF5F9D0FE2391534ED0DF4026B69125D8396439C8FFEB5500E78E39FCBFC8A8A5B688CA1D018E43D1E362ADFA75FC68B0EECB2923A38643861D0E2B4EDAE05C424F01C7040AE7CFDB2DDB861771E738FBAE3FA1FD2A7B4BE477CC2C772F0E8DC11F51431A7DCDF0781F4F5AC8B9D396D6E5A6B725619B931E380DDC8FAFA56A87474DC3EE30C8A8E61E642E87A91C0CF3ED490DAB98E9224912B232B0C751D07AFE34EDE7AE73E983D6A938FB2DC8232209DB0CBD91FFC0FF3AB7C7A75E3EB5442771CE32A0B6D391DC671501B2B46C31B684B03CB1402A63DF1F4DD8CE283F7B18EDF9D03B22336B08E9E62E3A6D95863F2353ACB731710DF5EA71FC1772027F5A8F07E9E9814BD48C9C67A738A44D9762CC7A96AB10CC7ACEA6A4719FB63F3F99AB16FE24F11594C27835DBD7753F72794CC8E3D0A9EDF4C1F7ACD23E6C9C8C74F5A5E73C753E94EC1CABB1EB9E15F1727892CE40C05BDEC007DA2DC3671E8CA7BA9FD3A1ADE32498FBE7AFAD786E99AAC9A1EB36DAAA93B617DB70A0643C2DC3FE5D7EA2BDBC6D750548208C8239CFF00FAEB36AC4DADA0EDF27F79B3DC6682EFD0B1FA669304FE1FE4D07D01E2A02C04B6EEA7A739E68EBC73D7D68F6A071D3BFA5031073CF24F518A53839E32074A5E8DD3AD211F291EFD7D28013233CF19A5E7D79C518E98CFE3473DB22800E3FC73460EEEA28E39C75E838C668390DC628031FC5F3FD9BC1FAC4D920AD9C8030ED918FEB5E3A8823444CE36A003078E38AF5CF1BA19BC13AB2282736F9E073D467F4C9AE0F58F046A5A4837362EDA9DA0E5942813C7F80E1C7D39F6AD2225249EA60670B8F5EFD7E9417EF8231C8ED4D8E58E45DD1B06423031C63D7F1A773F4F5E722ACD05F98700F3DFBD1CF6C7B102909F9881C91ED9A38DDC8F6F5A005C8C8C9E839F7A3249C67A0C7349EB9E83A7F4A8AE6530C0EFCEE030BEE7B7EB8A00B5A5C46E2F5EED81D90130C5CE32DFC47F90FCEB4AE26F261DC40C8E002719A8ECA1165651DBA904AA7CE4F73D49FCF354EEA6334A4E06C5E0773FE7AD48D688D9D02FE0992F74DD44B0B7BC01BCC033E530E87E9DAB48F86AF760FB1B41751740D1480FE879AE7ECA3F2ADC1FE2619CFA0A9FCEF250B99022A8C96DD80077FCA826CD6A99A72683AB46BF369D3AE0F3F2E6B3F52B5D5ACA11E4E9771248DC0668C845F73FE02B2E5D7F52B9C2D95D4D1403ACFB882FECA0F41EF56E1F126B516026A7390B8E19F229D85793D8C910BC533CB705A4B86FBEEE304FB01D80F6AD4B2B6D8BE63E77F6CF6ADBB3F107F69A84D72CE1B98DB812AA84947BE47F5A8F56D3869D70BE549E64132EF864030187F88E94869D9D9A29F45C8C75C7AE69792DD783D327F3A8F3D79FC8F4A70E71C753F5A0D064B2A45049231C05525883D303359D616CFA8DD5BDB40A4BCEC028C60F352EB6FE5E8F7001019D4463F138AD7F0FC6BA4E977BAF4A30F18F22D011D643C13F80E69A339BB326D5AE2D3FB44E9F66AA22B28D610E063791D4FBE4D6487F2F5060720480102A8DBCCC93895D886639627BE7AD4F7AE22B98DFB81926914B45634383D4E3EBFA53F29FDFFD2A3C839233D73C76A33EE3F5A0A31B2777CD827A9C1E6B5EDFFD42107F872463A563020A83EA78AD88BE48914F04281F5A6C94656ADCEAD67807FD4C80F38E322A19A2599006DC0A9CAB8E194F620D2DCCA26D6256524AC082207AFCC793FD053B93CFBFAD089D1DC9ED75778710EA4719385B9030A7FDEFEE9FD0D6AF1D46086E430E73FF00EBAC3C02A777DD3C1079CD16B9B2DC207611B7222272A3E9E945869B46EE460E07518FA557B9B75990F1890720FF009F5A8E2BF490E1FE4278E7A1AB59C80D9EA79239A45EE62B868C9041047041A3A824F3CE339AD2B9B659865481228C027BD66BEE43860460E08AA25AB09D7AE7AD2E32DB7BE7E99A4CE7A8EA71D3A5203DCF5C719A042E318FCC0A8A6B74B8C64323AFDC917823F1F4F6A9093B80EBDB34B81F90EA3A1A009749BD7494D85D63CC6E6371C093D7E87BE2B5C64F1D8FE95CFCD0ACD11462579C861C104771EE2B4F4CBE7BA80A4FC4F0B6D90763FED0F62306A58D3B68CA57B1233CD0BF2ADC1E3B1AAB692398C46E419223B1C9EFEFF88C1ABF7B933F3D48CE7B566BED8B524970764E983EEC3FC467F2AA25E8EE5BCE1B83CE33CF5349C0F7E7BD1D1860103B12290938C13D6818E19E3B01D73DE8CFD4F607BFB521C0C11F53DE9B93B80278EBCF5A0071E7A1209E9EF483CC2F1A431349248E1628D172CEC7B0F7A5240C92401D739C015D4683A15DD9F875FC4658C177A8491DA69C4AF30248E14CBEC48248F603D682252B2134EF8757FA8C25B51D4A2B68D815786DC095876219CF008E9800FD6BBCF09DC3DD784F4B9DC9DED6A8A73DF6F1F9F1516CD37C37A239451059DA445CE7A9EE4FBB13DFB93537852DA4B3F0AE9904E08916DD4B82B8209F9B1F51BB1512D8CA2DB7A9ADEBEFF85046383CF38E7AD27F17D452F5500FE39EF599A873CFB0A0F6CE7FC68E07A7A7D2938FAE79A005CF6C8E7DA8F4CFAFD68CE3A73C74F4A0FF009C500185E3B71C527D07B7AD29CF1D718EFDA93FCFD68017195FC33C8A4C7FFABAD19CA824F3471CFF003A00ABAAD92EA7A45EE9E58A8B981E2C8EA370C0AC5D26FAEAFF00C2905DDA8517BF67D8165190B328DA4363FDA535D28F6FAFD2B93D4E497C233DEEA22079F49B83E6C8B12E5AD673C676F74738E9D18FA1AB8BB68673575731F55F09BF88F448BC4FA1C021BD9210F35A8E05C7F787B383919EF8C1F5AE1D1FCD0180201EB9E083DC11EA0F15EEBE18B1974DF0CE9F6B7036CE90832AFA3B7CCDF91635C1FC45F09B584F2F88F4D8BFD1E639BF8917EE37FCF51EC7F8BF3F5ABB85395B4670E39EDD7F1CD2E40C0EFD08E9481C63AF1D4F3D680707239E7AD337179FC473F5A8D97CEBEB4808054CBBD81EE179FE78A70E3924F1D3069D6397D60138DB1DB920FB9603FA5027D8D1BE984708419CB751DF1DE9DA0692758BF1097F26145DF339E7628FEB546E65F32666E48E8302B73C232A4B2EA1A5ABAADD5DDB11083C6E65E71F8FF5A41376445AD5FE9B67317B689A3831B628C9DCD211E83D4FE95CFCCF36A2E1EF085887296E0E547BB7A9FD297ECF225D3BDDEE7BA1F29257013D947614B903807BE7D714585BAD4711EFC7503AE2AC5B5B999F2D9D8A7F3F5A8608CCB2051919E4B62B500D881400028C01DA865A43FD3030547181915B3A8E53C39A52BFFAC2646507AEDCF1FAE6AA693A649A8CC59C886D61F9A598F01477FA93D315D1496767AB20B97B3BD78957CB896301551074C67A93D7F1A444E6949791C78C9527A9C7E546463D73CFA56C3E99656FAE4D617373388D48588C51EE6627D7D3145CF85EF2DD6E9834662B72D862705C038240EF8A0BE74731A946F79716361029692E27C851CE76F4FD48AD6F155C476EF6FA1DA9062D3D30E41E1E53F78FE7C7E149E1F0B6F79A8F89265062D323FB3DA83D1A66E78FA71F9561A6FBABB5DED979A4E58F3824F3FAD3467BB6FB0CE318E71DF153DCC8D2792DDDA3073EB5B69E1373E2392C1A726D6DD43CD7046004EFF8D74D63E1DD3BC690C9347235BDB5A7EE2DC201CE3B9FAFF5A01D448E3A224C284E0E5473DFDEA5CB7AFEB5D06B7E0B6F0FE92975F6A59361D8CB8C75AE6FF77FDE6FCE91AC5A92B99708DD3AA9C90C73C8CF4AB77F7FF62B7DC9F34AE76C484753FE03AFE1515AFF00C849BEA7F9557D47FE4356FF00F5C5FF0098A6C9E8436F188220A0EE24EE76F527A9A9067827F1F4A73FDE34C8FEE3FD2980B92189EF8E99A0632318F5C7A50DD4D28FB87F0A004EA3181EFC53A391E3395623BF1D29A7A7E34BFC5F85005B8AFC16C4CBD3A103352C91457A3E46F98747EE2B3FB8AB163FF1F87FDDA43B90C91490B6D7073DB8E0D47EA323EBD6B4EFBEE27E159A7EE0FAD340C4CF4E383C7A519CFE06953BFD690FDEFC2810848E7009C9A2190DAEA70C808027061727A13D57F1CE47E34E7FE0FA54327FAEB7FF00AF88FF00F42A04CBD7C41B818EC323B5665F710A4D9FF572AB7E19C1FE75A9A9FF00C7CB7FBA3F9D65EABFF20D9FE8BFD2843916F38C9FC71D73487239CF03A503F87FDDA1FEF0FA5001D79CE4FE547BE47AE0D29FF583E94B1F6FAD006CF843C32DE29D60C7203FD9968C1AED870243D4463EBD4FA0FAD7ACF883493AAF87EE34FB72B0CAC81ADCF40B2210C9F802A07D2B0BE10FFC88C9FF005F73FF00E875DB8EA7E952CE66EECE0744B593C4C22D6759642209488F4C8FFD5C12A1C13267EF38238EC3B03D6BAB2496F73D4E6B17C3FF00F21FF14FFD8453FF0044A56F9FBE7EB59C9BB971D887F8B8CD04FA0FAD4DE948FD07D291647F5E28E47A7D2A6F5FAD20FBBF8500458EFC628F4F7E2A44FB8FF5A73F6FA500420E73C8C74FA5277F5EDC53FF0089BE86A43F747D28020C1E07A528E3DFFA54AFD07D693FC68022FE2FC3F2AC3741E25D7D2CA33BB4CD266125D367226B81CA45EE173B9BDF68AE887DD3F4AC2F86FF00F226C5FF005F171FFA35AAA244B63A5FEBD691D55D0C6E03238C15619C83D8FB1A9C7DD1F5A3FC6A8C8F14F1AF8365F0BDC3DF58C65F4691B381C9B427B1FF00609E87B743EB5CDE7A1CF071EE2BE80D77FE4077FF00F5E927FE835F3C699FF20B83FDCAA46D09327F6FC49C5164FE5DF5D9E73F675233F534E4FE2FA5323FF8FCB8FF00AF74FF00D0A99A3DD115CCC618812ACCEC70883AB1EDFE34EB112D94A2E9653F6ACEE320EC7B01EC2A19FF00E42B69FEE3D5A1DA816ECEA1F51D17C4A80EAA4E9D7E4006E517292FFBC3B1F7A85FC157D265AC6F2CAF23ECC92807F235CEFF007AAEE99FEBD3FDFF00EB489775B1BD6BE11D4A18F12FD9E32796779D401FAD59163A3587CF7B7FF6A703221B7E87EAC7A7E19AA179F78FD2AABF41F4FE9498E2DB5B9AAFAF2DC5E5AC2D02C1A7452026DD3A11DF3EA6B606B1A5DB6AC9A84FA84B7AEAE3CB8A342A912F6FC40EC3F3AE407FAB5FAD3BF80FD4D05BA68D94D474EB6D7DF501E7DD46A0BA07182F27A9F41DE9C9E21B7B88B519759BCFB3FDA630B1CBB3704E7EE803D6B0C7DE6ACED73FE3DACFFEBE93FAD04B82B1D1C771E183E1EB2D326D46F1638373CA120CB4929EAC79ACAD44787E2B657D2AE2F5EE15C1FDF280BFA77AC8FE1FC69C3EF8AA263137B55F185C6AB61F654B78ED4385F3991B9948E067DBDA9BE16F16DCF866E4955125B48732C7DFF0F7AC3FE0A5EDFF0003A4572AB1D76BBE2BB9F112A129E5DB839441DFEBEF58F93FDE5A6D97FC7A475787DD1F4A46918A48FFD9);

-- ----------------------------
-- Table structure for bar
-- ----------------------------
DROP TABLE IF EXISTS `bar`;
CREATE TABLE `bar`  (
  `id` bigint(20) NOT NULL AUTO_INCREMENT,
  `application_id` bigint(20) NULL DEFAULT NULL,
  `name` varchar(100) CHARACTER SET utf8mb4 COLLATE utf8mb4_unicode_ci NOT NULL,
  `address` varchar(200) CHARACTER SET utf8mb4 COLLATE utf8mb4_unicode_ci NOT NULL,
  `province` varchar(50) CHARACTER SET utf8mb4 COLLATE utf8mb4_unicode_ci NOT NULL,
  `city` varchar(50) CHARACTER SET utf8mb4 COLLATE utf8mb4_unicode_ci NOT NULL,
  `district` varchar(50) CHARACTER SET utf8mb4 COLLATE utf8mb4_unicode_ci NULL DEFAULT NULL,
  `latitude` decimal(10, 7) NULL DEFAULT NULL,
  `longitude` decimal(10, 7) NULL DEFAULT NULL,
  `opening_time` time NULL DEFAULT NULL,
  `closing_time` time NULL DEFAULT NULL,
  `contact_phone` varchar(20) CHARACTER SET utf8mb4 COLLATE utf8mb4_unicode_ci NOT NULL,
  `description` text CHARACTER SET utf8mb4 COLLATE utf8mb4_unicode_ci NULL,
  `main_beverages` varchar(200) CHARACTER SET utf8mb4 COLLATE utf8mb4_unicode_ci NULL DEFAULT NULL,
  `owner_id` bigint(20) NOT NULL,
  `manager_id` bigint(20) NULL DEFAULT NULL COMMENT '主理人ID',
  `manager_name` varchar(50) CHARACTER SET utf8mb4 COLLATE utf8mb4_unicode_ci NULL DEFAULT NULL COMMENT '主理人姓名',
  `avg_rating` decimal(3, 2) NULL DEFAULT 0.00,
  `review_count` int(11) NULL DEFAULT 0,
  `created_at` timestamp NULL DEFAULT CURRENT_TIMESTAMP,
  `updated_at` timestamp NULL DEFAULT CURRENT_TIMESTAMP ON UPDATE CURRENT_TIMESTAMP,
  `is_active` tinyint(1) NULL DEFAULT 1,
  PRIMARY KEY (`id`) USING BTREE,
  UNIQUE INDEX `application_id`(`application_id` ASC) USING BTREE,
  INDEX `owner_id`(`owner_id` ASC) USING BTREE,
  INDEX `manager_id`(`manager_id` ASC) USING BTREE,
  INDEX `idx_bar_city`(`city` ASC) USING BTREE,
  INDEX `idx_bar_name`(`name` ASC) USING BTREE,
  CONSTRAINT `bar_ibfk_1` FOREIGN KEY (`application_id`) REFERENCES `bar_application` (`id`) ON DELETE SET NULL ON UPDATE RESTRICT,
  CONSTRAINT `bar_ibfk_2` FOREIGN KEY (`owner_id`) REFERENCES `user` (`id`) ON DELETE CASCADE ON UPDATE RESTRICT,
  CONSTRAINT `bar_ibfk_3` FOREIGN KEY (`manager_id`) REFERENCES `user` (`id`) ON DELETE SET NULL ON UPDATE RESTRICT
) ENGINE = InnoDB AUTO_INCREMENT = 12 CHARACTER SET = utf8mb4 COLLATE = utf8mb4_unicode_ci COMMENT = '酒吧表' ROW_FORMAT = DYNAMIC;

-- ----------------------------
-- Records of bar
-- ----------------------------
INSERT INTO `bar` VALUES (1, NULL, 'Speak Low 秘密客', '上海市黄浦区复兴中路579号', '上海市', '上海市', '黄浦区', 31.2231000, 121.4737000, '18:00:00', '02:00:00', '021-64012399', '隐藏在理发店后的秘密酒吧，以经典鸡尾酒和创意调酒闻名。', '鸡尾酒、威士忌', 5, NULL, NULL, 4.00, 4, '2026-01-01 00:21:04', '2026-01-03 09:38:25', 1);
INSERT INTO `bar` VALUES (2, NULL, 'Union Trading Company', '上海市黄浦区圆明园路169号协进大楼', '上海市', '上海市', '黄浦区', 31.2425000, 121.4897000, '17:00:00', '02:00:00', '021-60723428', '上海经典鸡尾酒吧，氛围优雅，适合商务聚会。', '鸡尾酒、金酒', 20, NULL, NULL, 4.50, 2, '2026-01-01 00:21:04', '2026-01-01 00:21:04', 1);
INSERT INTO `bar` VALUES (3, NULL, 'The Nest 巢', '上海市静安区铜仁路90弄4号', '上海市', '上海市', '静安区', 31.2304000, 121.4520000, '19:00:00', '03:00:00', '021-52376677', '位于老洋房的屋顶酒吧，视野开阔，调酒师技艺精湛。', '鸡尾酒、朗姆酒', 21, NULL, NULL, 4.50, 2, '2026-01-01 00:21:04', '2026-01-01 00:21:04', 1);
INSERT INTO `bar` VALUES (4, NULL, 'Janes & Hooch', '北京市朝阳区工人体育场北路4号', '北京市', '北京市', '朝阳区', 39.9289000, 116.4473000, '18:00:00', '02:00:00', '010-64159871', '工体附近的时尚酒吧，经常有DJ表演。', '鸡尾酒、伏特加', 22, NULL, NULL, 3.50, 2, '2026-01-01 00:21:04', '2026-01-01 00:21:04', 1);
INSERT INTO `bar` VALUES (5, NULL, 'Modo Urban Deli', '北京市东城区五道营胡同19号', '北京市', '北京市', '东城区', 39.9456000, 116.4106000, '11:00:00', '23:00:00', '010-64025805', '胡同里的创意餐酒吧，白天是咖啡馆，晚上是酒吧。', '精酿啤酒、葡萄酒', 23, NULL, NULL, 4.40, 0, '2026-01-01 00:21:04', '2026-01-01 00:21:04', 1);
INSERT INTO `bar` VALUES (6, NULL, 'Hope & Sesame 希望与芝麻', '广州市天河区天河路228号正佳广场', '广东省', '广州市', '天河区', 23.1367000, 113.3230000, '17:00:00', '02:00:00', '020-38732288', '屡获殊荣的鸡尾酒吧，以中式元素融合西方调酒技艺著称。', '鸡尾酒、白酒', 24, NULL, NULL, 5.00, 3, '2026-01-01 00:21:04', '2026-01-01 00:21:04', 1);
INSERT INTO `bar` VALUES (7, NULL, 'The Happy Monk', '广州市天河区天河北路都市华庭天怡阁', '广东省', '广州市', '天河区', 23.1486000, 113.3267000, '12:00:00', '02:00:00', '020-38731535', '比利时风格酒吧，提供丰富的精酿啤酒选择。', '精酿啤酒、比利时啤酒', 25, NULL, NULL, 4.10, 0, '2026-01-01 00:21:04', '2026-01-01 00:21:04', 1);
INSERT INTO `bar` VALUES (8, NULL, 'Jing Bar 廊桥', '成都市锦江区下东大街段166号', '四川省', '成都市', '锦江区', 30.6598000, 104.0861000, '18:00:00', '02:00:00', '028-86259999', '现代中式风格的鸡尾酒吧，环境优雅。', '鸡尾酒、中国烈酒', 5, NULL, NULL, 4.00, 2, '2026-01-01 00:21:04', '2026-01-01 00:36:17', 1);
INSERT INTO `bar` VALUES (9, NULL, 'Tipsy 微醺', '成都市武侯区玉林西路', '四川省', '成都市', '武侯区', 30.6409000, 104.0431000, '19:00:00', '03:00:00', '028-85555678', '玉林路上的小酒馆，氛围轻松，价格亲民。', '精酿啤酒、鸡尾酒', 26, NULL, NULL, 4.00, 0, '2026-01-01 00:21:04', '2026-01-01 00:21:04', 1);
INSERT INTO `bar` VALUES (10, NULL, 'Chez Pop', '杭州市上城区南山路200号', '浙江省', '杭州市', '上城区', 30.2489000, 120.1363000, '17:00:00', '01:00:00', '0571-87065890', '西湖边的小资酒吧，适合约会和聚会。', '葡萄酒、鸡尾酒', 27, NULL, NULL, 4.00, 1, '2026-01-01 00:21:04', '2026-01-01 00:21:04', 1);

-- ----------------------------
-- Table structure for bar_application
-- ----------------------------
DROP TABLE IF EXISTS `bar_application`;
CREATE TABLE `bar_application`  (
  `id` bigint(20) NOT NULL AUTO_INCREMENT,
  `name` varchar(100) CHARACTER SET utf8mb4 COLLATE utf8mb4_unicode_ci NOT NULL,
  `address` varchar(200) CHARACTER SET utf8mb4 COLLATE utf8mb4_unicode_ci NOT NULL,
  `province` varchar(50) CHARACTER SET utf8mb4 COLLATE utf8mb4_unicode_ci NOT NULL,
  `city` varchar(50) CHARACTER SET utf8mb4 COLLATE utf8mb4_unicode_ci NOT NULL,
  `district` varchar(50) CHARACTER SET utf8mb4 COLLATE utf8mb4_unicode_ci NULL DEFAULT NULL,
  `opening_time` time NULL DEFAULT NULL,
  `closing_time` time NULL DEFAULT NULL,
  `contact_phone` varchar(20) CHARACTER SET utf8mb4 COLLATE utf8mb4_unicode_ci NOT NULL,
  `description` text CHARACTER SET utf8mb4 COLLATE utf8mb4_unicode_ci NULL,
  `main_beverages` varchar(200) CHARACTER SET utf8mb4 COLLATE utf8mb4_unicode_ci NULL DEFAULT NULL,
  `applicant_id` bigint(20) NOT NULL,
  `status` enum('PENDING','APPROVED','REJECTED') CHARACTER SET utf8mb4 COLLATE utf8mb4_unicode_ci NULL DEFAULT 'PENDING',
  `review_note` text CHARACTER SET utf8mb4 COLLATE utf8mb4_unicode_ci NULL,
  `reviewed_by` bigint(20) NULL DEFAULT NULL,
  `reviewed_at` timestamp NULL DEFAULT NULL,
  `created_at` timestamp NULL DEFAULT CURRENT_TIMESTAMP,
  `updated_at` timestamp NULL DEFAULT CURRENT_TIMESTAMP ON UPDATE CURRENT_TIMESTAMP,
  `is_active` tinyint(1) NULL DEFAULT 1,
  PRIMARY KEY (`id`) USING BTREE,
  INDEX `reviewed_by`(`reviewed_by` ASC) USING BTREE,
  INDEX `idx_application_status`(`status` ASC) USING BTREE,
  INDEX `idx_application_applicant`(`applicant_id` ASC) USING BTREE,
  CONSTRAINT `bar_application_ibfk_1` FOREIGN KEY (`applicant_id`) REFERENCES `user` (`id`) ON DELETE CASCADE ON UPDATE RESTRICT,
  CONSTRAINT `bar_application_ibfk_2` FOREIGN KEY (`reviewed_by`) REFERENCES `user` (`id`) ON DELETE SET NULL ON UPDATE RESTRICT
) ENGINE = InnoDB AUTO_INCREMENT = 1 CHARACTER SET = utf8mb4 COLLATE = utf8mb4_unicode_ci COMMENT = '酒吧申请表' ROW_FORMAT = DYNAMIC;

-- ----------------------------
-- Records of bar_application
-- ----------------------------

-- ----------------------------
-- Table structure for bar_review
-- ----------------------------
DROP TABLE IF EXISTS `bar_review`;
CREATE TABLE `bar_review`  (
  `id` bigint(20) NOT NULL AUTO_INCREMENT,
  `bar_id` bigint(20) NOT NULL,
  `user_id` bigint(20) NOT NULL,
  `rating` int(11) NOT NULL COMMENT '评分 1-5',
  `content` text CHARACTER SET utf8mb4 COLLATE utf8mb4_unicode_ci NULL,
  `created_at` timestamp NULL DEFAULT CURRENT_TIMESTAMP,
  `updated_at` timestamp NULL DEFAULT CURRENT_TIMESTAMP ON UPDATE CURRENT_TIMESTAMP,
  `is_active` tinyint(1) NULL DEFAULT 1,
  PRIMARY KEY (`id`) USING BTREE,
  UNIQUE INDEX `uk_bar_user_review`(`bar_id` ASC, `user_id` ASC, `is_active` ASC) USING BTREE,
  INDEX `idx_bar_review_bar`(`bar_id` ASC) USING BTREE,
  INDEX `idx_bar_review_user`(`user_id` ASC) USING BTREE,
  CONSTRAINT `bar_review_ibfk_1` FOREIGN KEY (`bar_id`) REFERENCES `bar` (`id`) ON DELETE CASCADE ON UPDATE RESTRICT,
  CONSTRAINT `bar_review_ibfk_2` FOREIGN KEY (`user_id`) REFERENCES `user` (`id`) ON DELETE CASCADE ON UPDATE RESTRICT
) ENGINE = InnoDB AUTO_INCREMENT = 19 CHARACTER SET = utf8mb4 COLLATE = utf8mb4_unicode_ci COMMENT = '酒吧评价表' ROW_FORMAT = DYNAMIC;

-- ----------------------------
-- Records of bar_review
-- ----------------------------
INSERT INTO `bar_review` VALUES (1, 1, 1, 5, '调酒师技艺精湛，Old Fashioned做得非常正宗！环境也很有格调，推荐！', '2025-12-27 00:21:04', '2026-01-01 00:21:04', 1);
INSERT INTO `bar_review` VALUES (2, 1, 2, 4, '鸡尾酒味道不错，就是位置有点难找，要从理发店进去。', '2025-12-22 00:21:04', '2026-01-01 00:21:04', 1);
INSERT INTO `bar_review` VALUES (3, 1, 3, 5, '隐藏酒吧的氛围太棒了，每杯酒都是艺术品！', '2025-12-17 00:21:04', '2026-01-01 00:21:04', 1);
INSERT INTO `bar_review` VALUES (4, 2, 1, 4, '商务聚会的好地方，酒单选择丰富。', '2025-12-29 00:21:04', '2026-01-01 00:21:04', 1);
INSERT INTO `bar_review` VALUES (5, 2, 2, 5, '金酒特调非常出色，服务也很专业。', '2025-12-24 00:21:04', '2026-01-01 00:21:04', 1);
INSERT INTO `bar_review` VALUES (6, 3, 1, 5, '屋顶酒吧的景色绝了！配上一杯鸡尾酒，完美的夜晚。', '2025-12-30 00:21:04', '2026-01-01 00:21:04', 1);
INSERT INTO `bar_review` VALUES (7, 3, 3, 4, '环境很好，但价格偏贵。', '2025-12-25 00:21:04', '2026-01-01 00:21:04', 1);
INSERT INTO `bar_review` VALUES (8, 4, 2, 4, '工体附近难得的好酒吧，DJ放的音乐很对味。', '2025-12-28 00:21:04', '2026-01-01 00:21:04', 1);
INSERT INTO `bar_review` VALUES (9, 4, 3, 3, '人太多了，有点吵，但酒还不错。', '2025-12-20 00:21:04', '2026-01-01 00:21:04', 1);
INSERT INTO `bar_review` VALUES (10, 6, 1, 5, '中西融合的调酒理念太棒了！白酒调的鸡尾酒别有风味。', '2025-12-31 00:21:04', '2026-01-01 00:21:04', 1);
INSERT INTO `bar_review` VALUES (11, 6, 2, 5, '广州最好的鸡尾酒吧，没有之一！', '2025-12-26 00:21:04', '2026-01-01 00:21:04', 1);
INSERT INTO `bar_review` VALUES (12, 6, 3, 5, '每一杯酒都有故事，调酒师很专业。', '2025-12-21 00:21:04', '2026-01-01 00:21:04', 1);
INSERT INTO `bar_review` VALUES (13, 8, 1, 4, '成都难得的高品质鸡尾酒吧，环境优雅。', '2025-12-23 00:21:04', '2026-01-01 00:21:04', 1);
INSERT INTO `bar_review` VALUES (14, 8, 2, 4, '中式元素融入得很好，推荐！', '2025-12-18 00:21:04', '2026-01-01 00:21:04', 1);
INSERT INTO `bar_review` VALUES (15, 10, 3, 4, '西湖边的约会圣地，红酒选择不错。', '2025-12-19 00:21:04', '2026-01-01 00:21:04', 1);
INSERT INTO `bar_review` VALUES (16, 8, 11, 1, '**', '2026-01-01 00:35:34', '2026-01-01 00:36:17', 0);
INSERT INTO `bar_review` VALUES (17, 1, 6, 1, '买酒加微信：1.tongji.edu.cn', '2026-01-03 17:38:00', '2026-01-03 09:38:11', 0);
INSERT INTO `bar_review` VALUES (18, 1, 6, 2, '加微信', '2026-01-03 17:38:25', '2026-01-03 17:38:25', 1);

-- ----------------------------
-- Table structure for beverage
-- ----------------------------
DROP TABLE IF EXISTS `beverage`;
CREATE TABLE `beverage`  (
  `id` bigint(20) NOT NULL AUTO_INCREMENT,
  `name` varchar(100) CHARACTER SET utf8mb4 COLLATE utf8mb4_unicode_ci NOT NULL,
  `name_en` varchar(100) CHARACTER SET utf8mb4 COLLATE utf8mb4_unicode_ci NULL DEFAULT NULL,
  `type` varchar(50) CHARACTER SET utf8mb4 COLLATE utf8mb4_unicode_ci NOT NULL,
  `origin` varchar(100) CHARACTER SET utf8mb4 COLLATE utf8mb4_unicode_ci NULL DEFAULT NULL,
  `alcohol_content` decimal(4, 2) NULL DEFAULT NULL,
  `volume` varchar(50) CHARACTER SET utf8mb4 COLLATE utf8mb4_unicode_ci NULL DEFAULT NULL,
  `description` text CHARACTER SET utf8mb4 COLLATE utf8mb4_unicode_ci NULL,
  `ingredients` text CHARACTER SET utf8mb4 COLLATE utf8mb4_unicode_ci NULL,
  `taste_notes` text CHARACTER SET utf8mb4 COLLATE utf8mb4_unicode_ci NULL,
  `cover_image_id` bigint(20) NULL DEFAULT NULL,
  `rating` decimal(3, 2) NULL DEFAULT 0.00,
  `rating_count` int(11) NULL DEFAULT 0,
  `view_count` int(11) NULL DEFAULT 0,
  `created_by` bigint(20) NULL DEFAULT NULL,
  `created_at` timestamp NULL DEFAULT CURRENT_TIMESTAMP,
  `updated_at` timestamp NULL DEFAULT CURRENT_TIMESTAMP ON UPDATE CURRENT_TIMESTAMP,
  `is_active` tinyint(1) NULL DEFAULT 1,
  PRIMARY KEY (`id`) USING BTREE,
  INDEX `cover_image_id`(`cover_image_id` ASC) USING BTREE,
  INDEX `created_by`(`created_by` ASC) USING BTREE,
  INDEX `idx_name`(`name` ASC) USING BTREE,
  INDEX `idx_type`(`type` ASC) USING BTREE,
  INDEX `idx_rating`(`rating` ASC) USING BTREE,
  INDEX `idx_created_at`(`created_at` ASC) USING BTREE,
  CONSTRAINT `beverage_ibfk_1` FOREIGN KEY (`cover_image_id`) REFERENCES `image` (`id`) ON DELETE SET NULL ON UPDATE RESTRICT,
  CONSTRAINT `beverage_ibfk_2` FOREIGN KEY (`created_by`) REFERENCES `user` (`id`) ON DELETE SET NULL ON UPDATE RESTRICT
) ENGINE = InnoDB AUTO_INCREMENT = 1 CHARACTER SET = utf8mb4 COLLATE = utf8mb4_unicode_ci COMMENT = '酒类饮品表' ROW_FORMAT = DYNAMIC;

-- ----------------------------
-- Records of beverage
-- ----------------------------

-- ----------------------------
-- Table structure for beverage_image
-- ----------------------------
DROP TABLE IF EXISTS `beverage_image`;
CREATE TABLE `beverage_image`  (
  `id` bigint(20) NOT NULL AUTO_INCREMENT,
  `beverage_id` bigint(20) NOT NULL,
  `image_id` bigint(20) NOT NULL,
  `image_order` int(11) NULL DEFAULT 0,
  `created_at` timestamp NULL DEFAULT CURRENT_TIMESTAMP,
  PRIMARY KEY (`id`) USING BTREE,
  INDEX `image_id`(`image_id` ASC) USING BTREE,
  INDEX `idx_beverage_id`(`beverage_id` ASC) USING BTREE,
  CONSTRAINT `beverage_image_ibfk_1` FOREIGN KEY (`beverage_id`) REFERENCES `beverage` (`id`) ON DELETE CASCADE ON UPDATE RESTRICT,
  CONSTRAINT `beverage_image_ibfk_2` FOREIGN KEY (`image_id`) REFERENCES `image` (`id`) ON DELETE CASCADE ON UPDATE RESTRICT
) ENGINE = InnoDB AUTO_INCREMENT = 1 CHARACTER SET = utf8mb4 COLLATE = utf8mb4_unicode_ci COMMENT = '饮品图片关联表' ROW_FORMAT = DYNAMIC;

-- ----------------------------
-- Records of beverage_image
-- ----------------------------

-- ----------------------------
-- Table structure for beverage_tag
-- ----------------------------
DROP TABLE IF EXISTS `beverage_tag`;
CREATE TABLE `beverage_tag`  (
  `id` bigint(20) NOT NULL AUTO_INCREMENT,
  `beverage_id` bigint(20) NOT NULL,
  `tag_id` bigint(20) NOT NULL,
  PRIMARY KEY (`id`) USING BTREE,
  UNIQUE INDEX `uk_beverage_tag`(`beverage_id` ASC, `tag_id` ASC) USING BTREE,
  INDEX `tag_id`(`tag_id` ASC) USING BTREE,
  CONSTRAINT `beverage_tag_ibfk_1` FOREIGN KEY (`beverage_id`) REFERENCES `beverage` (`id`) ON DELETE CASCADE ON UPDATE RESTRICT,
  CONSTRAINT `beverage_tag_ibfk_2` FOREIGN KEY (`tag_id`) REFERENCES `tag` (`id`) ON DELETE CASCADE ON UPDATE RESTRICT
) ENGINE = InnoDB AUTO_INCREMENT = 1 CHARACTER SET = utf8mb4 COLLATE = utf8mb4_unicode_ci COMMENT = '饮品标签关联表' ROW_FORMAT = DYNAMIC;

-- ----------------------------
-- Records of beverage_tag
-- ----------------------------

-- ----------------------------
-- Table structure for comment
-- ----------------------------
DROP TABLE IF EXISTS `comment`;
CREATE TABLE `comment`  (
  `id` bigint(20) NOT NULL AUTO_INCREMENT,
  `beverage_id` bigint(20) NOT NULL,
  `user_id` bigint(20) NOT NULL,
  `parent_id` bigint(20) NULL DEFAULT NULL,
  `content` text CHARACTER SET utf8mb4 COLLATE utf8mb4_unicode_ci NOT NULL,
  `rating` decimal(2, 1) NULL DEFAULT NULL,
  `like_count` int(11) NULL DEFAULT 0,
  `created_at` timestamp NULL DEFAULT CURRENT_TIMESTAMP,
  `updated_at` timestamp NULL DEFAULT CURRENT_TIMESTAMP ON UPDATE CURRENT_TIMESTAMP,
  `is_deleted` tinyint(1) NULL DEFAULT 0,
  `status` enum('PENDING','APPROVED','REJECTED') CHARACTER SET utf8mb4 COLLATE utf8mb4_unicode_ci NULL DEFAULT 'APPROVED',
  PRIMARY KEY (`id`) USING BTREE,
  INDEX `idx_beverage_id`(`beverage_id` ASC) USING BTREE,
  INDEX `idx_user_id`(`user_id` ASC) USING BTREE,
  INDEX `idx_parent_id`(`parent_id` ASC) USING BTREE,
  INDEX `idx_created_at`(`created_at` ASC) USING BTREE,
  CONSTRAINT `comment_ibfk_1` FOREIGN KEY (`beverage_id`) REFERENCES `beverage` (`id`) ON DELETE CASCADE ON UPDATE RESTRICT,
  CONSTRAINT `comment_ibfk_2` FOREIGN KEY (`user_id`) REFERENCES `user` (`id`) ON DELETE CASCADE ON UPDATE RESTRICT,
  CONSTRAINT `comment_ibfk_3` FOREIGN KEY (`parent_id`) REFERENCES `comment` (`id`) ON DELETE CASCADE ON UPDATE RESTRICT
) ENGINE = InnoDB AUTO_INCREMENT = 1 CHARACTER SET = utf8mb4 COLLATE = utf8mb4_unicode_ci COMMENT = '评论表' ROW_FORMAT = DYNAMIC;

-- ----------------------------
-- Records of comment
-- ----------------------------

-- ----------------------------
-- Table structure for comment_like
-- ----------------------------
DROP TABLE IF EXISTS `comment_like`;
CREATE TABLE `comment_like`  (
  `id` bigint(20) NOT NULL AUTO_INCREMENT,
  `comment_id` bigint(20) NOT NULL,
  `user_id` bigint(20) NOT NULL,
  `created_at` timestamp NULL DEFAULT CURRENT_TIMESTAMP,
  PRIMARY KEY (`id`) USING BTREE,
  UNIQUE INDEX `uk_comment_user`(`comment_id` ASC, `user_id` ASC) USING BTREE,
  INDEX `user_id`(`user_id` ASC) USING BTREE,
  CONSTRAINT `comment_like_ibfk_1` FOREIGN KEY (`comment_id`) REFERENCES `comment` (`id`) ON DELETE CASCADE ON UPDATE RESTRICT,
  CONSTRAINT `comment_like_ibfk_2` FOREIGN KEY (`user_id`) REFERENCES `user` (`id`) ON DELETE CASCADE ON UPDATE RESTRICT
) ENGINE = InnoDB AUTO_INCREMENT = 1 CHARACTER SET = utf8mb4 COLLATE = utf8mb4_unicode_ci COMMENT = '评论点赞表' ROW_FORMAT = DYNAMIC;

-- ----------------------------
-- Records of comment_like
-- ----------------------------

-- ----------------------------
-- Table structure for content_report
-- ----------------------------
DROP TABLE IF EXISTS `content_report`;
CREATE TABLE `content_report`  (
  `id` bigint(20) NOT NULL AUTO_INCREMENT,
  `reporter_id` bigint(20) NOT NULL COMMENT '举报人ID',
  `content_type` enum('POST_COMMENT','BAR_REVIEW','WIKI_DISCUSSION','BEVERAGE_COMMENT','POST','USER') CHARACTER SET utf8mb4 COLLATE utf8mb4_unicode_ci NOT NULL COMMENT '被举报内容类型',
  `content_id` bigint(20) NOT NULL COMMENT '被举报内容ID',
  `content_author_id` bigint(20) NULL DEFAULT NULL COMMENT '被举报内容作者ID',
  `content_snapshot` text CHARACTER SET utf8mb4 COLLATE utf8mb4_unicode_ci NULL COMMENT '被举报内容快照',
  `reason` enum('SPAM','ABUSE','PORNOGRAPHY','ILLEGAL','FRAUD','MISINFORMATION','HARASSMENT','OTHER') CHARACTER SET utf8mb4 COLLATE utf8mb4_unicode_ci NOT NULL COMMENT '举报原因',
  `description` varchar(500) CHARACTER SET utf8mb4 COLLATE utf8mb4_unicode_ci NULL DEFAULT NULL COMMENT '详细说明',
  `status` enum('PENDING','UNDER_REVIEW','CONFIRMED','DISMISSED','PROCESSED') CHARACTER SET utf8mb4 COLLATE utf8mb4_unicode_ci NOT NULL DEFAULT 'PENDING' COMMENT '举报状态',
  `auto_moderation_result` text CHARACTER SET utf8mb4 COLLATE utf8mb4_unicode_ci NULL COMMENT '自动审核结果(JSON)',
  `risk_level` int(11) NULL DEFAULT 0 COMMENT '风险等级(0-100)',
  `handler_id` bigint(20) NULL DEFAULT NULL COMMENT '处理人ID',
  `handle_note` varchar(500) CHARACTER SET utf8mb4 COLLATE utf8mb4_unicode_ci NULL DEFAULT NULL COMMENT '处理备注',
  `handled_at` timestamp NULL DEFAULT NULL COMMENT '处理时间',
  `handle_action` varchar(50) CHARACTER SET utf8mb4 COLLATE utf8mb4_unicode_ci NULL DEFAULT NULL COMMENT '处理动作',
  `created_at` timestamp NULL DEFAULT CURRENT_TIMESTAMP,
  `updated_at` timestamp NULL DEFAULT CURRENT_TIMESTAMP ON UPDATE CURRENT_TIMESTAMP,
  PRIMARY KEY (`id`) USING BTREE,
  INDEX `content_author_id`(`content_author_id` ASC) USING BTREE,
  INDEX `handler_id`(`handler_id` ASC) USING BTREE,
  INDEX `idx_report_reporter`(`reporter_id` ASC) USING BTREE,
  INDEX `idx_report_content`(`content_type` ASC, `content_id` ASC) USING BTREE,
  INDEX `idx_report_status`(`status` ASC) USING BTREE,
  INDEX `idx_report_risk`(`risk_level` DESC) USING BTREE,
  INDEX `idx_report_created`(`created_at` ASC) USING BTREE,
  CONSTRAINT `content_report_ibfk_1` FOREIGN KEY (`reporter_id`) REFERENCES `user` (`id`) ON DELETE CASCADE ON UPDATE RESTRICT,
  CONSTRAINT `content_report_ibfk_2` FOREIGN KEY (`content_author_id`) REFERENCES `user` (`id`) ON DELETE SET NULL ON UPDATE RESTRICT,
  CONSTRAINT `content_report_ibfk_3` FOREIGN KEY (`handler_id`) REFERENCES `user` (`id`) ON DELETE SET NULL ON UPDATE RESTRICT
) ENGINE = InnoDB AUTO_INCREMENT = 9 CHARACTER SET = utf8mb4 COLLATE = utf8mb4_unicode_ci COMMENT = '内容举报表' ROW_FORMAT = DYNAMIC;

-- ----------------------------
-- Records of content_report
-- ----------------------------
INSERT INTO `content_report` VALUES (1, 2, 'BAR_REVIEW', 9, 3, '人太多了，有点吵，但酒还不错。', 'OTHER', '评价内容不够详细', 'PENDING', '{\"level\":\"APPROVED\",\"violations\":[]}', 15, NULL, NULL, NULL, NULL, '2025-12-30 00:21:04', '2026-01-01 00:21:04');
INSERT INTO `content_report` VALUES (2, 1, 'POST', 8, 1, '今天尝试了传说中的\"失身酒\"Long Island Iced Tea...', 'MISINFORMATION', '标题可能误导用户', 'UNDER_REVIEW', '{\"level\":\"PENDING_REVIEW\",\"violations\":[\"可能的争议性内容\"]}', 65, NULL, NULL, NULL, NULL, '2025-12-31 00:21:04', '2026-01-01 00:21:04');
INSERT INTO `content_report` VALUES (3, 3, 'BAR_REVIEW', 4, 1, '商务聚会的好地方，酒单选择丰富。', 'SPAM', '怀疑是商家自己刷的好评', 'DISMISSED', '{\"level\":\"APPROVED\",\"violations\":[]}', 25, NULL, NULL, NULL, NULL, '2025-12-27 00:21:04', '2026-01-01 00:21:04');
INSERT INTO `content_report` VALUES (4, 12, 'POST', 1, 1, '今晚在Speak Low品尝了一杯经典的Old Fashioned，调酒师的手法真是炉火纯青！威士忌的醇厚配上橙皮的清香，完美！🥃✨ #鸡尾酒 #上海酒吧', 'SPAM', '2232', 'PENDING', '{\"violations\":[],\"level\":\"APPROVED\"}', 30, NULL, NULL, NULL, NULL, '2026-01-01 01:20:48', '2026-01-01 01:20:48');
INSERT INTO `content_report` VALUES (5, 12, 'POST', 7, 1, '科普时间｜为什么鸡尾酒要用冰块摇匀而不是搅拌？其实这跟酒的成分有关系。含有果汁、奶油等不易混合的材料需要摇，而纯烈酒类则适合搅拌。涨知识了！📚 #鸡尾酒知识 #调酒技巧', 'OTHER', '123', 'DISMISSED', '{\"violations\":[],\"level\":\"APPROVED\"}', 20, 11, '111', '2026-01-01 04:32:20', 'DELETE', '2026-01-01 04:09:59', '2026-01-01 04:32:19');
INSERT INTO `content_report` VALUES (6, 12, 'POST', 6, 1, '杭州西湖边的这家酒吧真的绝了！坐在露台上，一边欣赏湖景，一边品着红酒，人生惬意不过如此。强烈推荐日落时分来，景色美到窒息！🌅🍷 #杭州 #西湖 #红酒', 'ABUSE', '11', 'CONFIRMED', '{\"level\":\"APPROVED\",\"violations\":[]}', 50, 11, '', '2026-01-01 04:32:14', 'MUTE_3', '2026-01-01 04:24:28', '2026-01-01 04:32:13');
INSERT INTO `content_report` VALUES (7, 6, 'POST_COMMENT', 7, 5, '新手调Mojito的话，建议薄荷叶不要捣太碎，轻轻按压就好，否则会有苦味', 'FRAUD', '我不认可，，，', 'PENDING', '{\"level\":\"APPROVED\",\"violations\":[]}', 50, NULL, NULL, NULL, NULL, '2026-01-03 09:37:23', '2026-01-03 09:37:23');
INSERT INTO `content_report` VALUES (8, 6, 'POST', 32, 11, '222222', 'ILLEGAL', NULL, 'PENDING', '{\"level\":\"APPROVED\",\"violations\":[]}', 60, NULL, NULL, NULL, NULL, '2026-01-03 10:59:07', '2026-01-03 10:59:07');

-- ----------------------------
-- Table structure for daily_question
-- ----------------------------
DROP TABLE IF EXISTS `daily_question`;
CREATE TABLE `daily_question`  (
  `id` bigint(20) NOT NULL AUTO_INCREMENT,
  `question_date` date NOT NULL,
  `question` varchar(255) CHARACTER SET utf8mb4 COLLATE utf8mb4_unicode_ci NOT NULL,
  `option_a` varchar(255) CHARACTER SET utf8mb4 COLLATE utf8mb4_unicode_ci NOT NULL,
  `option_b` varchar(255) CHARACTER SET utf8mb4 COLLATE utf8mb4_unicode_ci NOT NULL,
  `option_c` varchar(255) CHARACTER SET utf8mb4 COLLATE utf8mb4_unicode_ci NOT NULL,
  `option_d` varchar(255) CHARACTER SET utf8mb4 COLLATE utf8mb4_unicode_ci NOT NULL,
  `correct_option` tinyint(4) NOT NULL,
  `count_a` int(11) NULL DEFAULT 0,
  `count_b` int(11) NULL DEFAULT 0,
  `count_c` int(11) NULL DEFAULT 0,
  `count_d` int(11) NULL DEFAULT 0,
  `explanation` text CHARACTER SET utf8mb4 COLLATE utf8mb4_unicode_ci NULL,
  `wiki_link` varchar(255) CHARACTER SET utf8mb4 COLLATE utf8mb4_unicode_ci NULL DEFAULT NULL,
  `created_at` timestamp NULL DEFAULT CURRENT_TIMESTAMP,
  PRIMARY KEY (`id`) USING BTREE,
  UNIQUE INDEX `question_date`(`question_date` ASC) USING BTREE
) ENGINE = InnoDB AUTO_INCREMENT = 8 CHARACTER SET = utf8mb4 COLLATE = utf8mb4_unicode_ci COMMENT = '每日一题表' ROW_FORMAT = DYNAMIC;

-- ----------------------------
-- Records of daily_question
-- ----------------------------
INSERT INTO `daily_question` VALUES (5, '2026-01-01', '今天你想探索哪一种饮品知识？', '葡萄酒的酿造工艺', '威士忌的熟成秘诀', '精酿啤酒的风味', '无酒精饮品的调配技巧', 0, 0, 0, 0, 0, '葡萄酒酿造涵盖葡萄采摘、发酵、陈酿等步骤，是理解饮品风味的基础。', '/wiki/classic-wine', '2026-01-01 00:16:20');
INSERT INTO `daily_question` VALUES (6, '2026-01-02', '今天你想探索哪一种饮品知识？', '葡萄酒的酿造工艺', '威士忌的熟成秘诀', '精酿啤酒的风味', '无酒精饮品的调配技巧', 0, 0, 0, 0, 0, '葡萄酒酿造涵盖葡萄采摘、发酵、陈酿等步骤，是理解饮品风味的基础。', '/wiki/classic-wine', '2026-01-02 06:24:27');
INSERT INTO `daily_question` VALUES (7, '2026-01-03', '今天你想探索哪一种饮品知识？', '葡萄酒的酿造工艺', '威士忌的熟成秘诀', '精酿啤酒的风味', '无酒精饮品的调配技巧', 0, 1, 0, 0, 0, '葡萄酒酿造涵盖葡萄采摘、发酵、陈酿等步骤，是理解饮品风味的基础。', '/wiki/classic-wine', '2026-01-03 01:09:14');

-- ----------------------------
-- Table structure for daily_question_answer
-- ----------------------------
DROP TABLE IF EXISTS `daily_question_answer`;
CREATE TABLE `daily_question_answer`  (
  `id` bigint(20) NOT NULL AUTO_INCREMENT,
  `question_id` bigint(20) NOT NULL,
  `user_id` bigint(20) NOT NULL,
  `selected_option` tinyint(4) NOT NULL,
  `created_at` timestamp NULL DEFAULT CURRENT_TIMESTAMP,
  PRIMARY KEY (`id`) USING BTREE,
  UNIQUE INDEX `uk_daily_answer`(`question_id` ASC, `user_id` ASC) USING BTREE,
  INDEX `user_id`(`user_id` ASC) USING BTREE,
  CONSTRAINT `daily_question_answer_ibfk_1` FOREIGN KEY (`question_id`) REFERENCES `daily_question` (`id`) ON DELETE CASCADE ON UPDATE RESTRICT,
  CONSTRAINT `daily_question_answer_ibfk_2` FOREIGN KEY (`user_id`) REFERENCES `user` (`id`) ON DELETE CASCADE ON UPDATE RESTRICT
) ENGINE = InnoDB AUTO_INCREMENT = 2 CHARACTER SET = utf8mb4 COLLATE = utf8mb4_unicode_ci COMMENT = '每日一题答案表' ROW_FORMAT = DYNAMIC;

-- ----------------------------
-- Records of daily_question_answer
-- ----------------------------
INSERT INTO `daily_question_answer` VALUES (1, 7, 12, 0, '2026-01-03 17:04:12');

-- ----------------------------
-- Table structure for external_link
-- ----------------------------
DROP TABLE IF EXISTS `external_link`;
CREATE TABLE `external_link`  (
  `id` bigint(20) NOT NULL AUTO_INCREMENT,
  `beverage_id` bigint(20) NOT NULL,
  `seller_id` bigint(20) NOT NULL,
  `title` varchar(100) CHARACTER SET utf8mb4 COLLATE utf8mb4_unicode_ci NOT NULL,
  `url` varchar(500) CHARACTER SET utf8mb4 COLLATE utf8mb4_unicode_ci NOT NULL,
  `description` text CHARACTER SET utf8mb4 COLLATE utf8mb4_unicode_ci NULL,
  `price` decimal(10, 2) NULL DEFAULT NULL,
  `platform` varchar(50) CHARACTER SET utf8mb4 COLLATE utf8mb4_unicode_ci NULL DEFAULT NULL,
  `status` enum('PENDING','APPROVED','REJECTED') CHARACTER SET utf8mb4 COLLATE utf8mb4_unicode_ci NULL DEFAULT 'PENDING',
  `reviewed_by` bigint(20) NULL DEFAULT NULL,
  `reviewed_at` timestamp NULL DEFAULT NULL,
  `reject_reason` text CHARACTER SET utf8mb4 COLLATE utf8mb4_unicode_ci NULL,
  `created_at` timestamp NULL DEFAULT CURRENT_TIMESTAMP,
  `updated_at` timestamp NULL DEFAULT CURRENT_TIMESTAMP ON UPDATE CURRENT_TIMESTAMP,
  `is_active` tinyint(1) NULL DEFAULT 1,
  PRIMARY KEY (`id`) USING BTREE,
  INDEX `reviewed_by`(`reviewed_by` ASC) USING BTREE,
  INDEX `idx_beverage_id`(`beverage_id` ASC) USING BTREE,
  INDEX `idx_seller_id`(`seller_id` ASC) USING BTREE,
  INDEX `idx_status`(`status` ASC) USING BTREE,
  CONSTRAINT `external_link_ibfk_1` FOREIGN KEY (`beverage_id`) REFERENCES `beverage` (`id`) ON DELETE CASCADE ON UPDATE RESTRICT,
  CONSTRAINT `external_link_ibfk_2` FOREIGN KEY (`seller_id`) REFERENCES `user` (`id`) ON DELETE CASCADE ON UPDATE RESTRICT,
  CONSTRAINT `external_link_ibfk_3` FOREIGN KEY (`reviewed_by`) REFERENCES `user` (`id`) ON DELETE SET NULL ON UPDATE RESTRICT
) ENGINE = InnoDB AUTO_INCREMENT = 1 CHARACTER SET = utf8mb4 COLLATE = utf8mb4_unicode_ci COMMENT = '外部链接表' ROW_FORMAT = DYNAMIC;

-- ----------------------------
-- Records of external_link
-- ----------------------------

-- ----------------------------
-- Table structure for favorite
-- ----------------------------
DROP TABLE IF EXISTS `favorite`;
CREATE TABLE `favorite`  (
  `id` bigint(20) NOT NULL AUTO_INCREMENT,
  `user_id` bigint(20) NOT NULL,
  `beverage_id` bigint(20) NOT NULL,
  `created_at` timestamp NULL DEFAULT CURRENT_TIMESTAMP,
  PRIMARY KEY (`id`) USING BTREE,
  UNIQUE INDEX `uk_user_beverage`(`user_id` ASC, `beverage_id` ASC) USING BTREE,
  INDEX `beverage_id`(`beverage_id` ASC) USING BTREE,
  CONSTRAINT `favorite_ibfk_1` FOREIGN KEY (`user_id`) REFERENCES `user` (`id`) ON DELETE CASCADE ON UPDATE RESTRICT,
  CONSTRAINT `favorite_ibfk_2` FOREIGN KEY (`beverage_id`) REFERENCES `beverage` (`id`) ON DELETE CASCADE ON UPDATE RESTRICT
) ENGINE = InnoDB AUTO_INCREMENT = 1 CHARACTER SET = utf8mb4 COLLATE = utf8mb4_unicode_ci COMMENT = '收藏表' ROW_FORMAT = DYNAMIC;

-- ----------------------------
-- Records of favorite
-- ----------------------------

-- ----------------------------
-- Table structure for general_image_data
-- ----------------------------
DROP TABLE IF EXISTS `general_image_data`;
CREATE TABLE `general_image_data`  (
  `image_id` bigint(20) NOT NULL,
  `image_data` longblob NOT NULL,
  PRIMARY KEY (`image_id`) USING BTREE,
  CONSTRAINT `general_image_data_ibfk_1` FOREIGN KEY (`image_id`) REFERENCES `image` (`id`) ON DELETE CASCADE ON UPDATE RESTRICT
) ENGINE = InnoDB CHARACTER SET = utf8mb4 COLLATE = utf8mb4_unicode_ci COMMENT = '通用图片数据表' ROW_FORMAT = DYNAMIC;

-- ----------------------------
-- Records of general_image_data
-- ----------------------------

-- ----------------------------
-- Table structure for image
-- ----------------------------
DROP TABLE IF EXISTS `image`;
CREATE TABLE `image`  (
  `id` bigint(20) NOT NULL AUTO_INCREMENT,
  `uuid` varchar(36) CHARACTER SET utf8mb4 COLLATE utf8mb4_unicode_ci NOT NULL,
  `file_name` varchar(255) CHARACTER SET utf8mb4 COLLATE utf8mb4_unicode_ci NULL DEFAULT NULL,
  `mime_type` varchar(100) CHARACTER SET utf8mb4 COLLATE utf8mb4_unicode_ci NULL DEFAULT NULL,
  `file_size` int(11) NULL DEFAULT NULL,
  `uploaded_by` bigint(20) NULL DEFAULT NULL,
  `category` enum('GENERAL','POST','AVATAR','WIKI') CHARACTER SET utf8mb4 COLLATE utf8mb4_unicode_ci NULL DEFAULT 'GENERAL',
  `created_at` timestamp NULL DEFAULT CURRENT_TIMESTAMP,
  PRIMARY KEY (`id`) USING BTREE,
  UNIQUE INDEX `uuid`(`uuid` ASC) USING BTREE,
  INDEX `idx_uuid`(`uuid` ASC) USING BTREE,
  INDEX `idx_uploaded_by`(`uploaded_by` ASC) USING BTREE,
  CONSTRAINT `fk_image_uploaded_by` FOREIGN KEY (`uploaded_by`) REFERENCES `user` (`id`) ON DELETE SET NULL ON UPDATE RESTRICT
) ENGINE = InnoDB AUTO_INCREMENT = 5 CHARACTER SET = utf8mb4 COLLATE = utf8mb4_unicode_ci COMMENT = '图片元数据表' ROW_FORMAT = DYNAMIC;

-- ----------------------------
-- Records of image
-- ----------------------------
INSERT INTO `image` VALUES (2, 'dcfe0289-25bf-4dc2-a685-d481c1169d33', 'OIP-C.jpg', 'image/jpeg', 40948, 13, 'AVATAR', '2026-01-03 17:10:03');
INSERT INTO `image` VALUES (3, '97e91453-e059-4b4a-9739-936bc0acc578', 'OIP-C.jpg', 'image/jpeg', 40948, 13, 'POST', '2026-01-03 17:10:37');
INSERT INTO `image` VALUES (4, '48c0752b-2717-4892-8757-6dc08d6d0ece', 'OIP-C.jpg', 'image/jpeg', 40948, 13, 'POST', '2026-01-03 17:15:38');

-- ----------------------------
-- Table structure for post_image_data
-- ----------------------------
DROP TABLE IF EXISTS `post_image_data`;
CREATE TABLE `post_image_data`  (
  `image_id` bigint(20) NOT NULL,
  `image_data` longblob NOT NULL,
  PRIMARY KEY (`image_id`) USING BTREE,
  CONSTRAINT `post_image_data_ibfk_1` FOREIGN KEY (`image_id`) REFERENCES `image` (`id`) ON DELETE CASCADE ON UPDATE RESTRICT
) ENGINE = InnoDB CHARACTER SET = utf8mb4 COLLATE = utf8mb4_unicode_ci COMMENT = '动态图片数据表' ROW_FORMAT = DYNAMIC;

-- ----------------------------
-- Records of post_image_data
-- ----------------------------
INSERT INTO `post_image_data` VALUES (3, 0xFFD8FFE000104A46494600010100000100010000FFDB0043000A07070807060A0808080B0A0A0B0E18100E0D0D0E1D15161118231F2524221F2221262B372F26293429212230413134393B3E3E3E252E4449433C48373D3E3BFFDB0043010A0B0B0E0D0E1C10101C3B2822283B3B3B3B3B3B3B3B3B3B3B3B3B3B3B3B3B3B3B3B3B3B3B3B3B3B3B3B3B3B3B3B3B3B3B3B3B3B3B3B3B3B3B3B3B3B3B3B3B3BFFC000110801DA01DA03012200021101031101FFC4001F0000010501010101010100000000000000000102030405060708090A0BFFC400B5100002010303020403050504040000017D01020300041105122131410613516107227114328191A1082342B1C11552D1F02433627282090A161718191A25262728292A3435363738393A434445464748494A535455565758595A636465666768696A737475767778797A838485868788898A92939495969798999AA2A3A4A5A6A7A8A9AAB2B3B4B5B6B7B8B9BAC2C3C4C5C6C7C8C9CAD2D3D4D5D6D7D8D9DAE1E2E3E4E5E6E7E8E9EAF1F2F3F4F5F6F7F8F9FAFFC4001F0100030101010101010101010000000000000102030405060708090A0BFFC400B51100020102040403040705040400010277000102031104052131061241510761711322328108144291A1B1C109233352F0156272D10A162434E125F11718191A262728292A35363738393A434445464748494A535455565758595A636465666768696A737475767778797A82838485868788898A92939495969798999AA2A3A4A5A6A7A8A9AAB2B3B4B5B6B7B8B9BAC2C3C4C5C6C7C8C9CAD2D3D4D5D6D7D8D9DAE2E3E4E5E6E7E8E9EAF2F3F4F5F6F7F8F9FAFFDA000C03010002110311003F00F622E431F4A4DED43FDEC51400073D7D69771F5A4FC781CD21EFD2801DB8FAFE946E6FD693FAFA573DA87899A4BD934BF0FDA8D4B5243894E7105A9FFA68E3B8FEE8CB7D3AD006178BF53863D4E69679D218A05119773803BFF335434ED275DF1080D6B19D32C5B1FE97751E649077F2E33D33EAD8FA1AE9748F065B5ADE7F69EB137F6A6A6496F3245C45113CFEED3A0FF78E4FBD6DDC6A31C7955F9DBD49E056DCEDA4A22D8A3E1EF0C697E14B6923B2126F98EE9A795F2643EA7B0FC00AB936A8A9C440B9F53C0ACF96E2499BF7ADC751E951F1E87EBEB49416EC57259AEE49892ED9F6C74A87CC6FBBC75CE314D2FDC75CE29BBCE4F273D338CD68925B087177E7B1A42E769E73DB14C2FF002E3A0E3A734D24EE001E9F866980F1211C671C71DE9BE637041F63C66A327F887073D3B5373F2F43C1F5A7626E4A656C1191CF1D2A3327CC391F8F6A8DCAF270704F4ED4127B907D6AAC21C64CAE33C0E4714DDEC396CF1D463AD30BFCDD8607AD35DF1DFA8E0F4A603CBB03BBB9EF4CC90A00C0C9E7BE6984839C679381DE9A7B73F30EB8A007798DC827AF27D699BC86C83EFC0E693F87271C75F7A4191918E838E298084F5E78C53792DCE720638A71C0EDDFA51B01CE01E7DF34C91A492BEBC633D334D1BB8E808E69D807007A52E0ED27B7738CE28B811E0F4CF39E940E303F0E6A0BAD534EB2CFDAEFADA12A395794023F0ACD9BC5FA3A656DCDCDD90320C30120FD09C0A4E496ECA516F646D64BE7241F5C77F4A53CF5CFAE2B9893C612941F66D1DF1D8CD3AAE0FD066B3AF3C5DAE46A8DB2C2DE267C17556729E99C9E950EAC5752D529763B9D8DBBA138E29D8254F523183C5706FABEB72E59F57743D0F930A281FA1AA8E6EA6C19752BF90F4C1B96507F0152EB2E88A5424CF480841239CF5C7A544F710C78F327853279DEE0135E6E6CA12E4B095C83C9695CE7F5A3EC568001F66881E9CA86A9F6DE452C3BEE7A39BDB319DD796E3B8CCABFE34C3AAE9DD3FB4AD064F24CCBFE35E79F62B50DC5AC381D311834EFB3423A4118E300841C52F6EFB15F57F33D0D351B17C817F6A7B8C4CBFE353EAF6161AEE876B736DAADBC1AA6985CC0E2456041FBCA509E4118F7E3AD7999B5B53856B68BF140690D8D9F39B5848CF1840054CAA5EDA0D506BA9D6A49AF8031169D3803EF2C8EBBBF0C1C7EB572D9EFA4426FADE381D4E008E5DE3F50315C21B0B5DBC43B475011997F9524915DC2A24B2BCB98E453928276C37E75A2ADDC1D268EFAE6E12D6DE59E66DB1C68CEE71D854D61E15BFD62D21BED4F529ACBCD50F15A5BC484C4A795DCCC0E5B1C9C6076AF3D9751D4AFF4D9A11A94D32488C8F1CD1A923DBA641F7AF5CF08EB116B5A05B4CADBA548C2BE4FCC78C67F1C63EA2B9B135E565CBA0E14F5D4E7F52B0D53C35109EEEE1750D30101AE047B25833DDD47057271B8631DC77A937F4C107233B877AED6444943432A2BA382AC846720F1FAD798E937D696B0DC69CD7B103633C90A799200C6353953F82E07E15784AEE578C89A904B54695FDEC3A7594975704ED51C28E4B9EC07B93C573D671CE0CD7577B7ED174DE64AA3A27180A3E8303DE95EE9F58BB4BC6561670F36A8782E7A190FF4F6E6AC1EE01E9EBFAD555A9CCECB635A50B6ACC9D6256926B5B5ED9F39BDB6F03F53FA542770271F4CF7A2E8F99ACDC1C8FDDC688081D3F88FF4A5E31C0C1EFEF59234DDB6347B1EBCE0F14EF6E31E99A4C6307F5C5182477C1EC3A53013279C74F7FD6B4ECA3D96E1BBB1C8AA3146657540739383EA3D6B5C03C05C71C006931A141E3A8F6A40E7B76E8314B8E4E319CE0678A318273D71C0E98A918A4B3E189E9C0E2AA6A08658E180004CF750A05CF272E3FA0AB3EA73D79F7A934AB637DE28D2ED8E4AC2CD76E00EC838FF00C798537A2149D933D28B9F31B1EBDC714BF27BD33E6E7AF4CF3CD3BE7FEE9AC1A39CD0B7D7F4BBAE56E950E7A4836FF3ABD1CB1CAA0C6E8E08FE16CFF2AF343CBE01EA31F5A11DA27DC8CC848EC48AF49D05D198DCF4E03DAA0BABBB6B1B57BABB9D2DE0897749248D80A3DC9AF399BC4177A6A03F6CB925D82C51212EF2B1E8AA3B935BDA4787751D55A2D4BC5B29B896321EDF4E2DBA2B73D8BE3877F73C0ED584E1C9A36171DE76ABE30044267D27436E3CDFB975763FD9CFFAB43EBF78F6C56ED9D9586896096B650476B6F1FDD441D7D7EA4FA9C9A9EE6ED61C8CE643FC3E95912CCD339691B9A231B8364D737AF3700ED8F3F741C13F5AAD9F41924F4348493D3EF6783DCD04FCA7FC715AA8DB624338538E3EA299901BA9048E71D291CF1918FAD30B83F5EBEF55601C5F1D71C9E86999C7A73D79EB4992189EE073CE2A324F273FD29A42B8FCE549F4E83D29BE6281D7DB1D698E78E071EE714CDFDF07039E383ED5562473B9EFE98E69A481EA33EA69AEE79C2F0474EB4CC8E3A6074CD301F9CE7E94CDF8278E3B9032690FB1C93EF49BFD4F1D47AD003B241EA06E38E94DC9FC3BE29BC724E3F1A518DC01F4CE4500079C7236E39E702938385EDDF1D68EB9E3183E9D2B3EF35FD3AD66FB399CDC5C671E45AA99A4FC97A7E38A1B4B70B5CD0C13EC01E7B7D28E7200EA4E302B2E397C417AFF00E8D61069D19E44978FBDFDBE45E9F89A953C37F69C9D5354BCBECFFCB30DE4C5FF007CA73F993594AB456DA9A2A72617BAD69B62DE54F7F0F983811A9DCE7D3E51CD634DE318B691A7E9B75704FF001CC042A7F3E7F4AE824D1ECAD34ABB834DB586D24781C2B44BB581C1C73D739AF3EB493CDB38653CB322924FAE39ACDD66F6358D157B3669C9E21D76E3387B5B356E8228FCC61F8B77F7C567CA971799FB65FDDDC8C73BE6214FE03029E403818CF39CE6908F4A87293DD9BAA715B2218ED6DE251E55BC6B9FE20A327D6A7E791DBA01DA8E78F5F63CD2756C6318E08EF525A496C21C7278F5EB8A695592321D430618208CE7FF00AD4E19E98C76E39CD1FC5D7A71EC68194ADCBDACC2D2425A363FB972724FAA9F71FA8AB847423B74ED51DC429730946C8079041C153EBEC45456D70E1DAD6E08132F21B3C483D7FF00ADDA82569A16761F4C963E980284C73CF4F6EB47CDC01CE4FE228F9BB6067B1E6828403E6C0DA7278C9C13475E4752707BD2E0F63C8E9498C7A918CF27140011D36E33EB9EB4879EC38E9DA9D807E806063F5A4E368E9F4A006FF08CF1EC052E3A7A671C52F4E3B76A5C1EB9E0738340152E2D9FCE3736E76CA060A9FBB20F43FE353E8DAC5DE9331BBD30B152DFBD809C321EF8CF507AE0F1E8697EA41F6E86A09ADA42FF0069B72AB32F1C9E1C7A1FF1ED49A4D5990D75474F71F12F529ADDE1B7B5904C46DC98767E649E31ED5CA1B049ED8A5CE1E4725D9C2E1B71E491F4E9535BCCB708782B229C3A1382A6A7C740700FA9E9531828EC0927B92E9BA9BBB8B2BC0AB700651C70251EDEFED5ABB18F5DBC9C9FE95CFDC5B25CA046CAB03B9594E0A9EC47BD5FD335392573657647DA946437412AFA8F7F5154CA4EDA328B9FF8995FEEC0FDEAF1FF000018A70CF1E98C0EF4B729E5EB774391BD2371EFD41FE549CF3C0F4F5CFA5312170DB47704E0E3F4A4C9DC3B67B8A51F7867078FCA9D81B8E71C7A9A0A2E69D0B043311CB703B62AF8E187DDC1ACC4BE7D802AA85031C0E949F6DB8FF9EBC74E1690D334B078E9F5A5C63BF04E39E49ACC8BED572480ED80796DD802B42DEDD618C8DC58B1C124D0171FCEE1F4EDDE8F0F832DFDE6A40B0527ECD0B06C6557EF1FC5BF9556BF924D91DA5A8C5D5D9D910E9B7FBCE7D9473F956F59DAC563670DAC20F970A051DC9F7FA9EB5D785A7CCF99EC8E7AD2E88B02493FE7B3F0791BB91526F93FE7B37FDF55060F3D727A714FC1F51F957A3CABB1CFA8A7BF6E7A62AB5CDE792F1C10C2D717772DB20B68CFCD29FE80752C7814B7B72D6EE90DBDBB5D5E5C36CB7B743CCADDFE807527B0AEC7C2FE165D111AF2F5D6E754B85C4D7007CA83B4718EC83F5EA7D2B86A54E5D16E222F0BF84BFB2E41AA6A8CB75ABBAE0B81F25B29FE08FDBB16EA7E95BD757AB6FF002AF321FD3FFAF45E5D792BB53FD61FD2B24BE725B927A93CE4D7324DBBB06C1CB3B12C7258F249E4D47C9E7BD193B8E474E7D29A721B924E39C74AD44048DD9269A4F6E9CF4CE0D264923A60F63DFD6985FD00233826A9210E2FED81EB51E7F9E0734D77F98FA1EA00E94DCF7C8CE73EF4D2131C5DBD893CF15193DF3CF4A32431EBC1CD3491DCF19EDC66A842F3CE7A11D7351924B7A13C63A526FCB1E428EC3D29093E99E7A818FA5340293823E5C923239A427E603B118F4A4247206015A304A9181EB4805EB918EDD05273B8019CFD2B3F51D734ED1DB65D5C812B0CAC2837C8DFF011EBEA715CEDDF89757BDE2D235D3A1FEFBE1E63FD17F5A9738ADCA8C252D91D5DEDFDA69B0F9F7B730DBA671991B04FD3B9FC3358D1F8A25D4EED2D745B405981DB71784C4A71D76AFDE6F5ED5CC25AA09BCE72D3CCDC996662EE7F13D3F0AB5632797E23D1DFA0375B0E3BE5581FCEB09566F6D0E85452576CEB07871EEB0758D4A7BD04E7C94FDCC23FE02BC91FEF135AD6B656B61008AD2DA2B68C0FBB12051FA77A97B8DC7A1EF49DB83C93D875AE7726F734514B641C6EC719038A0939C67BE0638A3E6CFF000FAE0F1473DB8C1EFD68283F88003F4C015E5561CE9F0FA60E7271DCE2BD465916282494903CB42C73D3815E5DA703FD9B003C650120F6CF34D02DCB1C73C704F3C51C7F41DA9793F9E28C0E78C81C714CD06F017A64FA1A518F4C1EA68387C7049F4A10138500649EC298098F980C8273D8521185FAF6A5CE723A76C52804A938C85EAC39C500347041C83EF505CDB2DC44304A4A8728E392A7FC3DAACE006E841CE471814D393CAF739C1E28135722B0325E3B42CAA97117DF42D8CFFB43D41AD11A6CA583175008CF1CD50962F31D27824F2E788651C8CE3D8FA83E95AF61A82DEC6C197CBB88F89A3CF2A7B63D41F5A4DB40BB3213A67732F078181C1A7A69B183F333118C7A55CC753DBDF9A5F97078FC3AD4DD95633E4D347FCB027207F11CE6A9C90C911019369FC87BD6EE31C81F5C77A690A720E083D723345C2C609078EDDB27BD03B8C7038C7F2AD29B4E8E4FF54769E9CF22A9C96734791B37AF72A335571588A3085C072541E0B75C55CFECC62A489073C8217AD532081D075FAE2ACD9DE7D9F08DB8C79C7033B7D7F0A1F9015AE746BA2C2E2DB6ACEA303271BC7A1F6F7ED504332CD9528C92C6712230C143FE7BF7AE8B2A406041079183906A8EA5A71BA61716CCA9771AE0123E571FDD6F6F7ED493EE26ADAA28F1C63AFF002A86E2DD6E507CC51D4EE8DD7828DD88A2197CD0E194A48876C91B70C87FC3DEA718DC3F51DEA83468A525E99AFED4DC00976A0C322818DE3AAB2FB1C1FA13573D739C8FF26AADF59FDBA1057E5990EE8D87383FE14FB5B91729F32ED954ED953FBA7FC0D04A767664DB0951D7F9D0475C0F94F4C76A5F53D71D31572D6C52640EED90D9014526EC5955239243B514B1E98AB90E9C430698E79C84157628922F951557E951DD5F5AD9F37370919230016E4FD07534B7D836DC90204C2A855C7A1C62A2BCBA8ECE253286691CE238D172F237A28A6A49A8DF0DB63646DE32302E2EC6C03E8BD4FE38ABFA6E910D8B9BA776B9BB61879E4E4FFC047F08F61F9D6F4F0F39BBBD1194EAA5A21BA469D25BCAF7D7841BD986D2A0E5614EBB07A9EE4F7AD2F73DF9E7BD20CED18E3BE00A7E06D2BF87A57A908A8C6C8E56EFAB0231904FB034BE5C5E87F2A586279A6481705D8E067B7AE7E95B9FD8969FDE6FCC573D5C42A72B0D265CF0B7855B44696FB51B85BCD5661B5E70B85441D1501E80F53EA6B76E6E16DA2CF566E1477352CD22C4A5D8F0A3271D4D61DC4CD71297278CE001DBD2B8526DDD89BB092486472CC412DD49A889CF7E87273DE83B79F6E7A75A613DCFE181D6B64AC481396E4100F3C5349E723A9E69093CF41F5EF4D77E807FF5EA9215C6920E3A81D71D69AEE79C679E00ED48E7E5C1F5C67F95309278FE62A9224767B8E0118E4F26999F9BAFE18E94991C3657F1E334DC9FA67B679A6021F5CFD0E7AD309E801FC4734EFF00272299C9FC7DA801D953C74FAF39A4C617802A0BCBCB5B0B6373773A41181CBBB707D3F1F615CBDF78A2F350CC7A62359438FF008F9957F78FFEEA9FBA3DCE4FB0A529A8EE5463293B23A0D4F5BD3F498C7DAE7FDE37290A0DD23FD147FF005857317DE22D5352F920274CB56E308434CC3DDBA2E7DB27DEA8C56F1C2EEE0B34AE7E795D8B3BFD49A7E719CF51DBA62B9A551BD16875428A5ABD48E2B686266D808763977272CDF5279269FD8E72475E79C52E7A1C0049A0038FE60F3591BA496C263E50C3F1C734B6C0BEB9A3FA8BD4200FA1A3079039F53D735A3E1BD3CEA5E25B089480D1C8655C9C7453FF00D7A052D8EEB8C838ED919ED5343657178BFBA89882796E82B76D747B7B760D2E6793AE58703E82B400C71C6074C714923073EC6243E1F3B81B89B1FECA0FEB59D790A5B5EC91479014E064E48E2BADE7A7B572DAB8C6A5376CE09F7E29B4106DBD4C0F135C7D9BC31A8C83395B67031EA4607F3AE0EDE2F2E185327E5400FA74E2BADF1C4DB3405B7070D77731C4474C8CEE3FA2D72C719C8FCE88EC6B1DC3391DF149FC5818CF7F5AB4F6E4E9C2603043678EF55B24FBF1803BD1B9A0DC7CDDB9AB765102925C36085520647F9E955920695C220F98FBF4AD7923486CDC2F0AA84671D686C118A78C0CF03BFA54B6B22A5C2E71B5BE520D47CED238E4671D73471BCF66ED40166F6C9A27DCB8F2C9E9FDDF4AABC05E3939C73CD6DC2E2E2D83302430C15359D79626DDC91FEAD8E07B509815477EFEE7F4A8A48DF7ACF6EC23B98BEEB9E41F556F507F4A9B1F29E30B4727D7D4D3135734F4ED452FE1231E5DC45C4B0919D87B7D41F5AB4701413D18F435CE490B8996E2D9C47731F2ADEBFECB0EE0D6CE9DA947A8A1054C7711F12C27923E9EA0FAD43409F465AC1C8E3240C74E4FFF00AA9BE8081B7F9D3FA678279E7DE9403D0E3AF4F4A450DCE7A8E71DC6052E3E5EB93DA971F2E71C7718CE6931C63F0EBD6802196DA29B978949F7183503E9A981E5BB0F63CD5EE46323F1C5260ED1D318E8053BB0B1422B5BBB563B76BC7DC6EC67D6AE83DF6E0E39078C53FE831DC0A6FD01E9819E4D2BDC0CDD4B4A378C2E2DC04BB41F29270241FDD6F6F7ED59B0CCB2AB06468E443B648DB8287DFEBEB5D37CD80090091C738ACED4F4C3738BAB52B1DDA0C649C0907F75BEBEBDAA9325AB6A8CFEB838E9DFD7D2AADCC2F1CC2F2DC132A0C3267FD62F71F51D6A6B7984B9F94A48A76BC67AA1EE0FF9E6A6F9463BE6A834688ACFED97F12CD65A6CD246D9C39655071C1EA6B4ADB4ED751081F62B756392598CA47E581546C6F4E897E6562458DC9C4C3AF96DD9FE87A1FCEBAF046DEC5586411CFD2BA69D384ACDEDD4E7729276B992340925E6FF0054B998E394848854FE5CFEB572CB4CD3EC5F7DB5A471BE305F6E58FD49E79AB67A063804F7EA69471CF7278E2BBA34A11D9193937B8ECFCA71DFB1E69A37700119A31C671DBA7A511A348D85DCEC4F455CD539463AB620E73918C63EB4E01E421101666E02819CD5E8745BA970652B02673C9CB7E55AF6B656F6AA442A3791CB93963FFD6AE4AB8B8A5686ACA5121D374E1660BCB832B0F9B1DBD8568E0FAFE951E73E98EFDB34ED9EE3F2AF2A4DC9DCD116350BAF3DF6A6420E71D33FFD6AA448DDC753D314AE707F5C9EF519279C70718C74AF412B2B1CE2971EF827F1A613EA781CD1EFC13DFB6699BF200F5E466A922583EEC7E19C835167AE33CFB74A09F980EB93EBD2985FE6208181ED549085F5E4E7B5464938E4F4EF41203739C6703B53491CE3774E99A60193919EC31C0C629A73C8F7CE09E694127A609E9CD417D7B6BA6DB3DD5DCE21894E0B1E87D87A9F614F6026E80E3A6381D722B0355F15436D29B4D3516F2ED78721B1143FEF37723D073F4AC8D4F5CBDD641862DF6362782A0E25987FB47F801F41CFAD538A3486311C681114602818C573CEAF447453A2DEAC6C827BAB9177A84ED73303C311858FD957B0FD7DEA4249CF183D0719C527E00719E297B771CF00573B6DEE7546292B20E727D863F1A4FCF839A0638CF718E68046D3D7D876A0A01B42818FC451EDF8673464F239C75A4C61C1F41F4A00773C8E38E46062B7BE1FDAFDA7C796F211F2DA5ACB31C0E84E107F36ACBB5B06B801D9B6213C1EA7DEBB3F86762A352D6EF955BCB5315AA316CEE2A0B37E45C0A0CEA3B44F41E68E3776A4FD7D697F84F1DE99CA1CF35CBEAC49D5662380081FA5751CFE15C9EA47CCD4A61EB2118A4CBA7B9C2F8CEE04BACD8D96322DE27B87E72016F957F1C03F9D62E32DCE4678E9525E5D8D475BBFBE524ABCBE54447744F978F62727F1A7D945E6DE46182900E48278A3647445686A7D9FFD0C459FE0C0EF5883D876AE871DFDF9E79AA76D62B0C8F2B0DC41F9307A7FF5EA533462D9DAADBC43701E630E48E714B7E40B3909C1DC7030327FCF1567E6E9C63A8E6A96A6710A275DC73D685B88CA009CFA1E3EB4EE79C8E14D212A801F9768192738CD03E9C119245581A3A649F7A124FA8F7ABCD187C820104F20F35876F298A55707853920719F5ADE04100A9E319045431A322F6C5EDBE7504C64E79EA3FF00AD5509EFDC9E0D7458EBB86770C7AD65DED8F940CB102C84E0FB534C452EB9E00F5ED8A8A5899E549A094C5731FDC900C8FA1F507D2A60086E3A671EDED41C0C9CF3D001DAA84D5CBFA66A697EA61994417718C49167B7F797D41ABE31B4118C9EB9E715CDCD089763233473447314A8394FF107D2B4F4DD58DC916B74AB15E20E547DD907F797FC3B543409F4668F2149FF00EB52601C923DA9C38CFBF607A52ECF97D0E7148A1A777DDF439E0E0D21195C938DBC907BD5EB7482E6211B2ED917856E99A82E2D64B7CE46549E1C0E0D2B8166C12DE48591E352E0E39EE3DAA3B9B031E5E2C94C7201E9FF00D6AAE84C6E1C1E579040E2B5ADEE52E13A6187DE039C7FF5A93D00C6E4A8047207E7464ED38C8EFE95A17364082F0F07392A0F5AA250024118ED914EF7033354D2DEE88BBB52A976AB81938132FF0075BDFD0F6FA566DBDC47711161B95D5B6BA370CA7B83EE2BA520EE1EFEBC5656ABA64B238BDB355FB5A0F9D338132FA1F71D8D5264B56D5147CB4752A7E65618653D08ABFE1CD45A27FEC4BA9370505AD64273BD3FB9F55FE559F0CAB709B86E5E769423054F707DC536E2DDAE220637F2A546DF1483828C3A7E15B539B8CBC889C7995D1DD59C2F793185255470377CD9E6B413423D64BA6E3FBABC5737A1EAC752B35B851E4DD42DB6641FC0E3FA1EBF8D769657A97D6C1D010E0E1D49E87FFAF5A62255216716ECCC124F74451691671F588B9EA77B67156D23589008C2A2E3A28C62972074E84F1E94B8E79F4EF5C2E4DEAD9561083B793DFD3AD281F2E33D072294E368CE79E68E718CF7C7348607B74C76A931FE7351E7E5E3F1A7E6802B1251CE4F51D698493D48E073ED49249863CF3DF1C5444FCB920F3D40AF4D2396E39DB0DC67A726A2DD83FE14A49E4E7AD467E4CF18CF4AA44817EA40E87B734871BB04F53C714D24F39EB9C1269A480C31DC60E3822980139CF23238C52100B7231DCF340C818E381CE2B9ED73C4BF6699ECB4AD92DE0E24908CC707D7D5BFD9FCE8949257638C5B7645FD635FB5D1C08D81B8BC90662B64FBCDEEDFDD1EE7F0CD71F7125CDFDC8BBD46559E65FF00568BC4710F451EBFED1E4D3628846ECE5DA79E53BA49A439690FBFB7B76A93919C750702B92751CB4E876D3A4A3ABDC013D0E738CFF8D1F3751E99208A439FC4FAD2E78231CE7A673599B071CF3CFAE690E0E4FA9C73DE970781DF1C83D68E79FAF7E94007CC580F98E0633498098E3BE697D30781CF3487A739C74E6801DE9FD78FA539233338500E5B8C8E0D331F28EB8EA474C568E9B6E0299CF56E1075FAD0F402F222C5174C22AF27D31D6BB6F87366D6DE0BB59DC0125F3BDDB63BEF6C8FFC7715E7FA9A4971666CADFF00E3E2F1D2DA301B1F339DA7F2049FC2BD92DEDE3B6B686DA2C08E1408A00EC0629230ACF644BC9C1A4E69719FCF1E9471DEA8C04381C9EC326BCF3C4DA9B69DA3DEDDA1FDF302B160E09918E17F2273F857777F2793612B83821703F1E0578FF8C2F16EB58B6D354E63B41E7CB8EEEDC20FA8193F8D26694D18D6F0886D9205EA8B83EA4F7AD5D321C0799872C7033C55008D23600E58E063BD6E42822815171803073C13499D490EEBE9D3E9480639C739E297071D4FCBC9268E4E72791DCF4A81871C63E86B2B52937DC85ECA983CF1FE7A56B0C96C82700F38AC2B890C9348F9CEE391EA29A06576B57D46E2DF4E4DDE65E4EB0018CFCA4F3F92E4D5CD73459FC33AAFD8662EF6529FF42B83CEE1FF003CD8FF00787EA39AD6F0069ED7FE259B50607CBD3A2D8A7A032BF5FC427F3AEFF54D2ED359D3E5B1BE8BCC8651C8E854F6607B11D734DCACEC67AB7747901E7824FA0C70456A69B705E3311EAA3233E9FE155356D2AF3C3FA80D3EFCF98B264DB5C8181328F5F461DC7E22A18A468660EB8CA9CE29EE8A8BBEA6EF5FA1E4519F949033CE32064511C892C61C72186411DA9D8073C71DF1C5494675ED881BA487A8E4A77ACEE377A1FCF15D160EE191C01D7F9553BCB113AEF886D93B80300D34C2C64FCBC60F19A64D6E970A15810C8728EAD86423B83EB52B86420302ACBC1A4031C1C039FC05508B361AB38916D7516412E3114E3859BD8FA37B77ED5AC5086E1474F5E95CF4D0C7344D14AA19186083D3DBF11EB52D96A6FA73AC1A8B3496D9C47724E4A7A07F51DB77E752D093B68F637790C304E47439C11FFEAAD2B6BC4993CA948DC46067F8BFFAF59C795C82082323D3FF00D540FBDC1F7E98A968A2DDC5900ACD02961D0A7A5578E4789C329395EA31572DAF77FC931E7180FEBF5A96E2D526C963B1F1F7C1A57EE03ADEE1654DCA4E7A15351DD59ACA0B2615FAF5EBFF00D7AABFBDB3983151E9C0EB57A2B88EE06E52723A8F4A5B6C33276104E7A83D08A420641FBB57351D9E70C11B80F980AA9C6D38031D7E954232356D2642E6FEC949B80312C79C0987F461EBDFA5508664B98C4919C8271C8C107D0FB835D3E0EDE87F1EF58BAA69B2452BEA1609B989FDFC007FAD1FDE1FED8FD6A9325AB6A8A515C9D23515D440FDCB811DD20EEBD9FEA3F966BB8B3BDFB2CEB3212D1301BC0E430F5FC2B898E48AF200C30D1B8EFDFD4568F866F5A277D1E6725A01BADD8F568FD3EABD3E98AECA52538BA72D9EC613567747A58292207560C8C32181CE69DD7BF4AC5D16F761FB239F94E4C673D0F71FD6B6C11DC753827F9570D483849C5893B8DE78C75EFF00D69DC6093DB81CD1F5079E339A6E4649ED8C8CD40C5C7AFD3EB4EC0F4FD2A3C3633DBA0CF1563E6F53F9D0065BB9DE03633E80530B9E41032A32691C9E79048E7DE9B93B7391B7DEBD6B1C605FBFE551EF3C8C75EB93D69C4F5C838C75C75A692327A60F7A000F3904E7039A4006DEB8CF1E9411851D7D7D6B8FD73C40DAA3C963A74852D14ED9EE10E0CBEA887D3B16FC052949455D8E317276449ADF889EE4BE9DA3CA5514EDB8BC5EDFECA7BFFB5D076E6B1A1863B788431A80A0F427273DCE7D4FAD3A38D23458D155554602818C53BA93CE73D7B571CA4E4EECEF853505A09DBAE33E9C554B8DD0EA16B2670240F1B60F53D47F23573E62D8FC6AA6A242431CE3AC3323673C8C9C1FCC1A92DEC5A032BEBCFD28E38C8E3DB9A5380DF4F7E6874C30273CF23DE8189D181CD2807A75C9C60739A08EB838F4F5AB7A7421DDA46E11067D79FF003CD202A63AF3F4C7E94718233DBF0A307BB724E4FBD3800EC38C93802980FB785AE26080F519247615B51ED8D02A8E00C63B0A8ECEDD6DA22083BD87393D3DBF0A98051C9C01D4923FCF4A96EE345BF0CD90D4FC6F6A301A2D3226BA94F6DEDF2C63F0F98FE15EA3F88AE3FE1A58ECD0E6D61D36CBAACC655CF5112FCB18FC813F8D763F8D52D8E29BBC9B13DFBD2FF9FC293FC9A5CF4A64983E2BD4A0D334B696E182C680C8F9F45E83F13C578DC524B70D35D5CFFC7C5D399A5E7A13D17E80607E15D5FC48D5FF00B475A8F4684E62876C9738EE07DD5FC4E4FD00AE60234920006598E0657935274535A5CB9A6442494CADF7546147AFFF00AAB5FAE58E3D31D6A3861FB3C2B10E70324FAFAD4CF1491B286561B8646475A96EECD88F078201F5C0340073CE4027918CD588ECDE44F332179EE3AD40472739C83C8CD21905ECAD1DB3953CE3681D335837128B785DCFCDB46427A9EC3EA4E0569EAB2832A43FDD1B9BFA54BE12D27FB63C4B1975CDA69B89E6C8E1A4FF00966BF872DF80AA5A2B92DD8EEFC2BA39D0FC3D6F6922A8B971E75CB0EF2B72DF9703F0AD8C9EBC608E9DE83CE3240E73CD193CF7CFE159377256852D5749B3D734F7B0BE8F7C6C32187DE43D994F623D6BCB354D2AF740D40585FF00CC1F26DAE40C2CEBFD18775FC4715EC1FC43D2A96AFA4D96B9A7BD85F45E646FC861C3230E8CA7B11EB54A56179A3CCF4DB921840E405272B93D0FFF005EB4C93C71F41DAB1756D2EF3C3DA80B3BE62EAE49B6BB0B85980EC7D18771F88AD2B3B91711E1803228C38EB9F4AA7AEA8D13B93E0F4EA7D29D93B79E87A8E947CDC903A7033D6AF848EF230C540618071C11486645CDAA5CA827E561FC5E9591716D240E55C753D73C1AE927B568B3C92BD88AAF2C292A10E063A60D5261639E1CE07279A5211C156C1523183DEADDE58BDB9DC80BA75DDDC7E5557F8BB11D00C75F4A62688EDAE6E74770155AE2CB3930839687DD7D47FB3F956FDBDC4175024F6F22C9138C861FE7AD6263A119C8EA338A89127B299EE74F655663BA585BEE4BFE07DC50D5C4B43A519E39C1279C1AB56F74D131560590F39EB8ACAD3753835242B16E49D3FD642FC327F88F719ABD83C6319A868A4EFB1A64477084E03A9E6A85C422DA53B0B608C8E70452472346D95257D71DE9AE5E4C6E6CB0E99E295AC033049C9CEECF24739A300F7E71DE9C70383C718C0A0E3A9EE303D6980D20F3EBD89EA28209EA7A1C6470053F07AFB64F14983C0FFF005D00616AB60D6733EA16684C4DF35CC03AFBBAFBFA8EFF005AA133B948750B36CCD01F32261D1C775FA11915D68FBC7391DB8E6B9CD4EC5F4991AEEDC66C9DB32C639F249EACBEC7B8EDD6AE32B3B9128E9E474B657B1DF59C3796CDF2480321E841FF001078FC2BABB1BCFB6DB09081BC1DB22FA1FF00EBD799F87EE859EA4DA71C79177996DC83C2B7F12FE3D7F3AEBEC6E8D9DD8739F2DFE593D00F5FC2BB2B47DAD3535BADCE55EEBB33A6C90D9A4E4E7A60F4ED4A7B7BF23BD30739FC8115E69A0FE4647191DB14EF9BDFF3A602DC0393C67EB5373FE4500613921F9C03D0F7CD2171F972573D6909C92473DB8A6FAE476C7A62BD638C7E43E3A74E32339A401B8C8E7D452273D3F0AE53C47ADB5CCD268FA74FB5546DBBB853CAFF00D3353EA7B9EDD3AD2949455D8E29C9D911EBBAF3EA9349A769EE56CD0EDB99D1B1E69EE8A7D3B123E82B363458D42A00A8A30117A0A48C2431AC71AAAA270001D29704371900F3EE6B8E527277677D38282B0A437D71DE83C638EA7820E290E481C7434BC73C6727B0C549A00038E727A6076AABAAA674CB81D084C9FC39FE9568738E98CE326A3BB532D94C98FBD1B039EA78A04F6352CAC44891CD37218060A0F269BA9A0122302412B8C1E2AE69AEB269568E391E4A139FF74557D5400B11C7009E71537D47D0A1146D2CA8880E49EB9E95B1205B5B170070A98C9EA4FF00FACD2595B2C3186C2B3B0C9CF6A8F5397642883AB1C91EDFE19A1EAC0CBC9F51827A7F3AD2D3ACF0BE6C83E63CA7A8F7A8EC6C89C4F282140F957B9F7FA56A721B3818FE5437D0684C0EB9CE3DAAB5E452DFBDBE936EDFBFD4A6100DBD510F2EDF8266AD609F4CE723B56CFC3FD30DEEA975E2195731419B4B227A100FEF1C7D48DB9F63492BB22A3B23BC8218EDADE3B78542C71284451D0003007E5520FD6947D4D15A1C62566788F5A83C3FA0DD6A77078893E45EECE780A3DC9AD4F4AF22F1E6BC3C41E201636EFBB4FD2DC8241C896E3B9F70A38FA9340E29B7639C8BCE7792E6ED835D5CB99266F73DBE80607E15A9A6DB1FF8F8209C1C2FAD54B584DCCC101CE4E493C6056E471818450718C01D87A54B676C5589ECE2F3260720851923A66A6B9FDE5CAA0EDD4E738FF3C54A805B5B927860371CF19A6DAA7FCB46C6F6E79ACEE3272E224C804051900D63C8E42191F185193C735A17B26C8420FBCC391D45616AB73B504208CB72C01EDDA9C50332AF2EBCBDF70CACCD9E140E5C9E001EE7815E9BE12D13FB03418E09706EE6266BA61DE46EA3E80607E15C7782F473ABEBC6FE4526CB4B2083DA59FB0F70A39FA915E99EA7A679E289BE8677BBB87FFAC1EF40E83FCFD28E7D80A00EBEE78A81871CFF00851FC47A0EE68EB8E41F4A38EFF4FA50054D574CB3D62C24B1BF844B048391D083D883D88F515E65AA6997FE15BF48EE9FCEB790E2DEF08C0907F71FD1BF43DABD639F5C7A8F4A82FACAD752B596CEF6159A09576C91B0C83FFD71D73DAAA2EC2F3479FC3325CA065E727B9E41EF534723C526E523838231C1F5AA3AAE9177E0EB9F34B3DC690E76A5C1E5A13FDD93F906FC0F356D1E39143A1CAB0C86AA65A77356378EE1495E57BAFA554B8B329831F2A393DCFBD4292796E1D7BF2455E8A44930C0F4EDE951B0CCED878E33C9CF6FA550B9D3564CB5B603F523A035B5756D84322FDE03903806AA9079CF51C73C55260738F19472194A9070411487B0C8EB8CFA56F5C5AC5728438F987018751595736525B9070590F3B80CE3EB569DC56284B02BBA4C8ED0CF11CC7321F997FC47B1E2AED86BFBEEBEC3A898E2B9206C71C24BF4CFDD3C74A871C0E40CFE954352850DC5BCF2229889F26552BC00DD3F2207E74DAB92EEB54763CE4804E7B8C5281C608E735CE59EA377A4A88E4F32EECD7FE052C43FF6603D3A8F7AE82DAE60BC844F6F324F131C87439FC3D8FB5434D149A7A0F27E6E7071CE48A319EB904761CD2E00183D7AE3BFBD18247B039FA548C41DB9CF39C74A0F19E8368E077A5E030FCC639C5280075C7E59A006E0F201EA38A429904119041C82339A7756C7A74069483F877A00E435AD366D28092D8916AB20781FFE7DA4EC0FFB2791ED9C74AEA34DBE4D4B4E86E94712AE4E463047DE1F50722A592349A2785D55E2618643C823BD61E9717F60EA6FA5CAEDF63BB6325A3B73B5FBA13EA7823D7F1AEBC3D469DBB9CF5616D51DFE8F7466B630CA499621804F75FF00EB74AD1E38CE3238AE56DAE5AD6E526EBB4E1F1DC77AEA72AE0383953C8C7A76AC6BC3925A6CC84EE870F4EDEDDE9F86F45A88F439C6DA9BF13F9D6051C9D8EB30EAEEEA6D1AC6EE203CEB466CEDCF4607B8231CFAE455DE7710327D4FA573FA8AC32DFDBC16F39B7D59433DBC817700A3EF093FD827039EFD39AB7ADEB1FD9160842AC97B3FC90C233867EE4FFB23AFE95EADF956BD0E5E5BBD0A9E24D724B5DBA669EE05E4AB99241CF9087BFF00BC7B0FC6B91D22158ED1D909DAF2B30C9C923381CFBE339A7DC17B5B0BAB867325C4A0B492B75773C0FC3B63B54D6D6E2DA08A01D23400E47E75C939B93B9D94E9F27A92E4F71CE3A520C27B027A834A71819E3B6734991EE72703B541B0640048E3E828E79C0E18F20F7A96185EE2608A325B924F18F7A7DE4496EE2150D954196F53480808529E808CE33414DE1B38230474FCE8C03F78700F23D691C908C093F2A9EB4C4CD4D04FFC48ECB83FEA179CF069753C9F2539F99B1CF3468285341B2CFF00CF15F7A926412EA36EA31851B88F4F4A8EA35B22DE360FD003DAA9FD945C5C79D383E5A8C2211D47BD5DE411C0CE7B504E7A0383D7BE68189C7A743814A70539C1C1FA1A31DC743D6932A99676015464B138C7AD2020B91737325BE9B6448BDBF93C98C819D9FDE7FA2AE4E7E95EADA5E9B6FA4E976DA6DA2ED82DA311A7E1DFEA7AFD4D723F0FB496B8697C4B74841B81E558AB75483BBE3B17233F403D6BB93DBF4AD22AC725495D87D7F951CFBFF8D2E6B2F5FD72D3C3BA3CDA8DE13B63F952307E695CFDD45F727F2EBD2999989F103C50DA269E34EB0931A95F2908472618FA349F8741EF5E5D6F1A431AC11825546D00F24FFF005CF5A9E7B9BBD4AFE7D4B5160D797472F83958D7B46BEC07EB935A1A759E317128C13F71476A4DD8EAA70B2BB2C5ADAFD9A1C1237B7249EA2B46CE20EFB88C2A9FD6A0D8368233963C62AE922DED88190DDB3D01AC9BB9A8C9BFD22710853B472E47EB568E0608E807A5416F11442E7259B92339FA517521484A8E377F9FFEB548CA7732A92F23711AF439EC2B9C98DD5F5E476D68BBAF6EDFCB8508FBBEAC7D028C9FC2AF6AD7891C4537E1146E91BD3DABA2F01E86F0C2FAF5F4656E2ED316E8E39861EBF816EBF4C0AD168AE449F4474DA2E976DA1E93069B6A7290AE0B9EB231E4B1F72726AEE31DFF003A323D73C76A3F138EB59EE4EC1C6EEDE868E771EE3AFA507BFE429523677DA0673CE4F51403D058E269324638EBDE9B8238C7E1DAAFC68B1AE0638EA6992C2B2720E1BB7BD572E866AA6A53E39A3A67F4E334A50A12AC31CD271EF52697239628E585E19D5648DD76BA3AE4383D723D2B80D63C3773E1876BBD2E392EB482774B6C32D25AFBA77641E9D47B8AF42EABC67D297A723AD34EC16D6E8F3AB7B88EE6059E291648DF95653C62A58CBA3EE5386C7157B5BF08CB67349A9F87231B9CEEB8D38B6125FF00693FBAFEDD0FB1AC9B5BD8AF919E12C194ED911C6D789BB861D88A7BAB95195F465E372E50AE073C120726A003AF3DFD3A52E48C0E79E87AD18E32303D7271414200303AE3B7B52ECF948DA30C39F7ACBB9F11E996E7CA495AE651D52DD77E3F1E83F3ACD9B5BD52E72B0471D9275DC7F78FF97DD1FAD03577B2B9A77BA7471A34EAEB1851C872028FC4F4AE6EF2F6DEEEDA6B5B7492E19C63720F950F63B8F1C1A924B659650F76F25DC8392D3B6E03E83A0FC2A6C0DA157A7008E94F9EC5AA2DEEEC43637EF7133DBDC422399501203643FBD5911496D31B9D3E4104DFC698CC72FF00BC3D7DC735977F9B7BD86E549051C64F6C1E0FF3FD2B6F8C907B7AF5AB4EE8CA51B3B1A1A76B715ECC6DEE11AD6EC0E6263F7FFDD3FC43F5F6AD4C0DD8E381819E715CBDC431DC445264DE01C8E7041EC47A1F7A9AD755BDD370B77BEF2D471E68199631EE3F887BF5FAD4B42BB5B9D0E06E1FA10714AFC2F39C1ED515BDCC17B6EB716F2ACB13746539FF00F51F6A94E78279CF5A9284209C71DF231401D78C1C63AD3BAB1C70073C520E3A1FAF7A06273C9EF9CE3AD45796505F5ABDBDC45BE36E4E38208E847A11539181D8034A77073F9914C4D2666D85CCD15C7F65DFB6E9953304C4605C20FF00D9C7423F1AEBB44B9F36D9AD9BEF4472A3B953FE15CC5FD825FC1B3718E546DF0CCBF7A271D187F877A7689ABCFE7B24DB52FAD4813C63EEB8FEF2FF00B2DFA1AE9BFB68D9EE8E6945C1DFA1DBFCA5B1C9C1C735363DC7E5556D6E23B9843C5D3382A48383E87E956B78FF0026B91AB6E079EC36F0E87697379A85D34F311BAE2E5970580E1401E838181DCD73DE64D7B72FA85D644B20C227FCF28FB2FD7B93EB53EA3A8A6B775198096B0B72190918F364F5FA2F4FAD331D307DC122BB6ACD3D16C14A1D594EF47993DADA83F7E4F31C7B273FA9C55CEDD4F5CE7AD54B76171A95C5C60ED8C08533C648E4FEA40FC2AD84C2FD3F4AC0DD7704C75DB8F514F8A279A5088B966E0E78C7FF005A88D1DD822AE589C0AD9B3B65B6871D5D872D8EB43761D875B4296F10418271C9EE6B2AF5CBDE3907201C7AE6B5E4758A2DCC48DA327BD617980B1C83F31E474C54ADC6C41DF27DB00531D43A14627046D201EBEB56A2B567B69A7380146133DFD6AA4D325BC46670CCAA4640EF93C7E26988E8E28E38618E2404471A8500F6C0A86205EF269FD008C7F5A9E422342E4105467EB490C652200E73C93EE7AD48121F4F5191DA9367CDDC679C53803BB9233F4A3AA8C0C67B1E714861D7AF03A1C9C532D34B97C49ADC7A24591691812EA2E38C47DA31EEFD3E99351DD4B2AF936F69119AF6E5BCBB6801FBEC7AE7D00E493D857A37863408BC3BA42DA2BF9D712379B733779642393F4E800EC00AA4AFA98D59D9591AB1C69146B1C6A11100555030001C01F874A93AFF002A3F98A64B347042F2CCEA91C60B3331C0503A93EC2ACE623BDBBB7B0B396EEF25586DE15DF248C78502BC5F5ED7AE7C55AB0D4660F0D9C248B2B66E36AF79187F7987E438AB5E2CF1449E2FBE10C1BD344B77CC6BD0DDB8E8EC3FBA3B0EFD6A958D9BDE3EE23110393EA7E949B37A70EAC75858999C4928CC6A72327AD6C03D7D33F4A0613E555185E3038C52F031C74E0566DDCE842A1D8C181C10714E924695C17F4C8C0C0FF2699EA31C138CF4C528CF6C1F4CF7A405F13461376474E2B36F2E9635799C1E380B9EBE9F8D3F8E7D3BD64C90DDF887588F49D3CED38DD34D8E218FBBFD4F403B9E68481BB226F0D688FE27D59A6B91BB4CB39374D91C4F28E447F41C13F80AF50FF24555D374EB6D274F874DB14F2EDE15DA80F24FB9F524F39F7AB3CF3D38EE0D0DDCCD77629FC4F6268E368F7E99E28C74F7FD295033BED5079F4ED5202005CED5E49ABD144B12F62DDCE39A218844BEAC472714FC927F1AD12B184E57D107AE68FF0038E9460EE3F9F147D077CFD2A881AE8B27041C1E38ED552585A224F5527AD5DCD071CF1C639F4352D26529346774C724E28E0F3D2ACCB6DFC51E7DC556E8D823D8E7B5435637524F6138EB9EBF9D607887C2B16AF2FDBACA4165AAA0DAB70172B28FEEC83F887BF51FA56FFE74EFA67D0524EC36AE78F5DEB7AB41733D89B286DAEAD5BCB9DA493780DD7E503A820E727D6B3668A4BD606FEEA6BA2390AC76C63FE023FF00AF5D87C42D0E5B6BC1E21B68D9E074097C106766385931E98E0FA601AE265D4AD6100975DA7A1DD8CD53F237A6A0D5DEE8B51A246A16250AAA71803029C02F538E3D4E3354E27D46FF001F61B396443C87DBB54FFC09BFA55E83C2DA9DCF377791DBAF40918DE7F33C7F3A2DDCD1D58A5A6A4325CC3164B301819E0648AAB1DF3DD394B2B792E1BBEC52D8FE82BA5B6F0AE97090CF035DC9FDE9DB77E9D2B5D2248942AAAA81D150600A2C88751BD958E1A5D1B529A5B34BF54B58AE6611862DB997B8E070338C75EF5D7DC69D14D92331BE71BBFC6A2D7E22FA3DC3200658009D3BE4A1DDFD0D5D8665B9B78E789818E550E31DF2323F9D3B995DB7A9812DBBDBB95946DDDD30720D30921863B1C0EF5D1CB0A5C21465254F518E45615C5AB5ACBB7AA9E437AD52770291B6921B83736331B69D87CCC06524FF00797BFD7835A963E2047916D75141693B1C2B1398E4FF0075BD7D8F3F5AA7BFF23C018CD23C6932343246AF1B0C15619AA6AE2B5B63A5FC07271C5271B8F277139AE62D67D4349702D1FED36C0736D2B6597FDC73D3E86B6EC357B4D494885CACEA3E7B79176BA7D47F519ACDAB0D3E8CB838E848E7B8A767E62037A64E6939E076CF43474E3A8C77EF48626147F2AA3A8D8BCC23BCB22A97D6E098988C071DD1BD8FE879AD0F9766467A7AD19E85B1CF07DA9C64E2EE824935663743D69654177186009DB7101E19187507DC7F2AEA3FB5F4DFF9EC7F235C26A30C9A75D36B1691B32E31770A8E6541FC63FDA5FD47153FFC247A0FFD04E0FF00BEABB54615BDEEA71C938BB180238D061000A3A003005366916DA19276FBB1A96FF3FA0A90E39E413EA0553BE1F689ADED3A2BBEF9067AAAF27F33815CC753D112584261B38C39FDE30DF2761B8F3FD715671F2E00E48E281D98FE0056869B6A4E6E1C1C0FB808FF003D287A0244F6366B6F107704C8DD4019DB56864E09C7A63D694039230319C0C74A31F3007B7A8EB50F528A5A9CA12D828CE5CE2B3E185A69422E739E4F6C53AEA5FB4DD9201619DA8077AD2B3B516D1608CBB724E33F4A7B20DC9C4682311827CBC6D1C7F3AE6DE3F3750B2B3C0F9E7F31F07A04E4FEB8AE9B2719C03EBE959161106F125ECC30C96C823538C80CDF31FC40007E34264B3630AF8DD80339F5A5C77E8075A08C6075CF23DA8007273DF038A9285E467803233D7AD4175731595B35C4C711A8C00064B13D001DC93C63BD4935C436F0C93DC4A1238C64B1E00ADDF07F85E5BDB9875FD66064119DD616720C18F3FF002D1C7F7CF61FC23DE9C55C89CF957997BC15E1A9ECB7EB5AAC61753B95DB1C44E7ECB17641FED1EAC7D78ED5D7FF00172292A2BBB9B7B2B596EAEA74820897749239C2A8AD0E46DB7763A59A386169A67548D016676380A07727D2BC8BC5FE2C97C5B3358583BC7A2C6C03374378C3F9463D3BF5A678A7C5D73E2E95ADADB7C1A2236421F95EEF1DDBD13D17BF53556C74E3361994A443800753E9F8526EC6B4E9DF5632CEC8DCBF20A46BC123B7D2B6923489422F0074142058902200157A0038A76318C673D783D2A1BB9D2B41B8F9BA1C83F81A5C8E380477CF414B8E99EAA339E99A3076F3D7A7A5480648C63D7041147F175DD918E0726820951D4E0F38AAF7978B6AA812369EE267D905BA72D239EC3F9E7B500DDB5641A95C4C5E2D3F4F89A7BEBB3B628C761DD89ECA3B9AEDFC39E1F83C39A68B75227B99487BAB83FF002D1FFC07403B0AAFE17F0DFF0064A3DE5F959B54BA1FBE71F7625ED1A7A28F5EE79ADFC7CDD450DF433DDDD87A03D71CFB5001F6F4C0A4FAFF002A9A3B7693058E17F9D4A5713696AC6471B4BD071D09F4AB91C6B18217193D4F734E1845C280052F033FCBD6B44AC62E4D89CF18A5FC7FA51EFDFA51CF5FC2A880FE5F5A303A77F514B49C723DBF2A0618CE723DA9327E9DBD694E6909014938000C93E9400BD003E83273C62B9BBCF18E9325E359E9B05DEB374870E9A745E604FF0079CE147E7515D699A9F8BEE192FDE5D3F411C2DB212935E8F590FF00021FEEF523AE3A5745636369A6D9A5A58DB476D020F962897681FF00D7A2C98936B5473925DF89987C9A0DADBA1E8D757DCE3DC229C1FC699F6AF1647F33E95A5CE075586F5D5BDBEF262BACC6739F4E73CD432DB0EA8707A15A86ADB1AC677DCE61BC45756D95D4BC39A8C69B7E778156E53FF1D3920FD2AAE8F1781E499974DB6D352E1B21E29220B2F3D46D7E47D0574EE191B9047F5AAB7DA569DABA6CD46C2DEE940FF96B18623E87A8FC2A6E696B9CA6A5E13BAD159EE7428DA7B263BE4D399BE64F7849FF00D04FE06A8DADF417D097818FCA76C88576BC6DDD594F208F7AE93FE11EBAB0CB687ACCF6EA3916B79FE9107B019F9947D0FE1589ADC292C8B73ADD9BE89A829C2EAD663CEB693DA4EF8F66031D8D527704DA1879EBD7AF3DA94EEE4F383D462A97DB64B1744D596280480986F227DD6D703D51FB13FDD6C1FAD67DC78A2DF95D36DDAED87490FC918FC4F5FC052B1AA69EC6E101D0861C11820F39F5AE5F4EF1041A7E9C34F8E292F2EED9DE1DA830814310096EC318F5AAD732DE5FFF00C842E99A2E86087E48C7D7BB7E342C71C282344545072005C0A2F62D536DDDE836F27D47514637B70557195B7809551E993D49FF000AD4F0FDE3EABA7496776C5EE2D4801CF2594FDD6FA8E47E158D35F436E42EEDEE78540324FF00F5FF003AD3F0C6997F6D7EF7F3C3F668648B608DCE5DB9CE48ED8E7DF9A136C2A28AB25B92491B42EC8C307383EB4CF7F5EC4D6A6AD6BF20B850411C3E3D3B1ACB2416F6EC315AA773361E9D483C8CF7F5A826B682E1C33065917949518ABA7D08E956075C71D3BF6A3D7767079E9D6815AE3EDF5BBBB0012FD4DDC03813C43F78BFEF28EB8F51F956E59DC5BDE422E2DE649626E3721C8FFF005FB560FE5C7AD402D9A29FED565335ADC13F3320CAB8F465E8DFCFDEA5A409B5B1D575C71C8EB9EF4718CF6CE09EF58B67E2158D961D5635B6763859D7985BF1FE127D0FE75B5F296057690C33907AD43562934C390DC7F10C8E33557FB0F4AFFA06DB7FDFB15738E801F5CD49B8FF0074FE740591C87B6DC773EA6A8D885B89EE2F71F239F2E2CFF757BFE273525FCCF1DA148799663E5C67DCFF0080C9FC2A6B7896DE1481012230140F5AD49DD962DADCDC5C84E703966EB8FF00F5D6E80A8A1400A074A82D6DFECF0E31F39397AB07A1E993FAD4377187CBB88C0F43EB55351B868D042BB8C920C003D3FC7B55BC8E319C1F7A822B629299E43BE563D7B28F6A064563646DD43B8FDE11C7A2FF00F5EAEF3BB39EBC0CD2F1CE48EBC52000A9393D7181C526EE0326912185E620045524E7B566F87118E922EDC112DE48F33123AE4F1FA0151F89E768F4F1691644D72E235EFD4E3FC4FE15AF0C496F6C902050B1A2A28E84638A7B216EC7719201CE38E9515CDCC1676ED7134AA91A8F998F1F41F53E945D5E259840CAED2C8DB628625DCF2B7F7557B93F90AE9BC33E0C93CF8B59F1122B5DA1DF6D660EE8ED7D09FEF49EFD076F5A12B913A8A3A752B785FC2936A37516B3AE406382321ECEC64E79ED2483FBDE8BDBA9E6BD03FC9A43E9EBCD733E29F1BD8F873FD1635FB76A6C329691B7DDF42EDFC23EBC9EC2AD2B1CADB6CD7D675BD3FC3FA7B5F6A3388620700632CEDFDD51DC9F415E45E20D7F51F175D06BB8DADAC236DD058039C9ECF27AB7FB3D07EB51CC752F106A5F6FD527FB4DC8E13036C56E3D1076FAF535A76B651DB1DC30D21382C4631FE1437637A74FAB2AD969CA30F373DC20E71F5AD34E31EFD07F2A0E7A8EE73CF14723E53DFA5677B9B80076F1DCE3A75A38D83B7F4A39EA0719CFA54775751595B4B7370C1628C658E324F6C0F524F18A41B11DEDEA59792AC19E49E411C51A8F99BD4FD00E6AC124F190707A8159DA75B4F2DC3EA77ABB2E655DB1C64E7ECF1FF77EA7A93F855CB9BA313C76F6F135CDE4E4AC36D18F99CF73EC0752C7814C49E97632EAE96D510796D2CF2BEC8608F9799CF603FAF415D3786FC36FA748753D4CACBAA4C9B70394B64FF9E69EFEADDCFB51E1CF0B8D2A46D475174B9D5241B4B8FF00570AFF007231E9EA7A9FD2BA119DDF28C9FA66937D110DDF561CF63F9F14A88CFF002A8273C9E6A68AD49F99F8E7EE8AB21163401401E828516C87512D88A3B654396396C679E82A53C0F7EE6979FCF8A327BFE19AD12B18B6DEAC38E074A33FFD7A3D3DFDA8E3BFD7D4D001CF7FD28EBFFD6A07403F1A3F0A003F9D1D7268E4F63ED467AFA77A00318F5FE741CF4E0FA628CF03B76A70E73EFD281067E6E87EB4DE7FC78A083E82B13C53E29B2F0B69C2E2E15A69E562B6F6C870D2B77FA01D49EDF5A02D7369F6842588551C9627007FF5AB9AD47E23785F4E91E1FED0377229C14B48DA539FA8F978FAD794EB7AF6AFE2494B6AB764C59CA5A44C5614F4E3F88F6CB66A900110051B57A003A506AA9BEA7A74DF15B4139034DD4E450339F2917F9B5353E267878BAAB47A8400F259EDB38FAED26BCCF041FA0FAD28DDC9E9CE7E94AC99695B667B15AF8ABC3F7D38820D66D1E63D10CBB49FCEB5720A657055860107208FF0AF0678E3946D9235753D997353D85F6A3A41CE99A85C59F7288DBA33FF00003C7F2A5C9D81BB1D7FC40F0C59DAE9F1EAB636C628E2B80F776E84F944371E66CE808247231C135CA97545C9601471CFF4AE9B4DF8913227D9F5EB05B88D815927B55EA0FF007A33D473FC27F0AB361E02F0B6B7235EE9DAA5CCFA7B1F96DA198011FB127E603FD938C5269F535A75146F6470B25F2194430234F2B1C0455DC7F21FFD6A98693AA4B736915E9FB14574E5148C33E402471D06707D6BB0B8F0AD9E83B209E3682D4395B7D62D576CB6D9FE19C7474270371FC71D6A87896D759D221B76D46D9658E0BA8E54BFB6198C8CE0EE5EA84827D47BD0920755BDF427D3745B0D29736D07EF587333FCCEDF8F61F4C55EE3DFA76A7F1D7F2C0A08C77C8EBC521A5D88DE28E4465201561820F7AE7DE268D9D4F0CA7073DEBA4E338C7D47F9F4AC6D562C5C86E36B8F4EB4D30652E7773C8C7AE33483033BB9C1C1A33D86081D3229464918C727806AC42F3CFAF519A3A6782467207A52DD4D1C9A85C41186CC0551C11C13B4631EDD29A07539FE946E023A128632A1948C608C83504725D68F149369CF9854177B47E5481D769EAA7F4F6AB24FE04763DA9AE824421BA10411EB9A7625A34F4BD6ED3534409BA1999038B79461B07BAFF787B8FD2B5B07FBDFCAB9BD12CADB55F0DDBDADE2167B47684303868CAB606D23A1C62AEFF625DFFD0C3A8FFDF4BFE15BFD526D5E264AB5B74733115BDBF6B85398201B626E8198FDE3F80C0FC6B734DB7F325131FBAA78E3A9EFF9567DA5924412D2D86133818E71DEBA48A210C62241C28C0F7F5AE76EC6C90BC0C74C7BF38A53DBE9F9D1C9EBCF627D697AE7924E7AF5CD66509C9CF1DB8E78A1063E99EBD734BF5F4F5CE68FF208A000FA8381FCE8E0024E30A32491D294ED1818CE38F6ACBD72FD2D2DB6B4B8DF80540C96F4007727DA9AD41BB228C3BB53F144648262B543211D46E3C2FE4326B5FED12DD5E1D3F4D48EE2EC7323B3621B7CF791BB7FBA324D52F0E787356B98659AF0B69B6F74FE6BED3FBF907F0AFF00B000E3D7E95DCE93A2A416E96DA6DB2410AF248E00F727B9F7E4D53463CDA0DF0FE9BA7682E6EB2FA9EAF28DAD74EBB40CFF000A2FF0AFD393DCD756F7AB65A7BDE6A93C16D1A0DCEECDB5507D4F7AE32FFC61A568D23DA68F18D6B531D4C67F7309F77F6F4193F4AE62EE0D4FC41722EF5FBCF3CA9DD1DBA0DB145F45F5F73934EF63350727A1B3AF7C44BCD5DDACFC37BEDADCE435F3A7EF241FF4C94F41FED37E03BD60D8E8B1C2A5A72C598EE7258B339F566EA4D69C50A449FBA55008E481FE78A93047272081C760693773A234D446C6888A1555428E00038A7632C4E339EDE949DB91F2FBF434BC1C939193C8ED505811D3393E99147CBBB23EBEB49D31D48E8292478E147926758E35192EC70063D6810B2491C31BC923848D1773B9380077ACAB68A4D5EE63D42E9192CE13BAD2061824F691BDFD076CE69AA8DADB8BAB9063D322C34513FCA67FF6DF3D147500F5EA6A96A5E27F3A510E9A243007C4B70840623BF959E338CF278A6886EFAB379A6B8BABFF00ECCD2E24B9BD232F9388E007F8A43D87B0E4D75BA0F8720D195A62E6EEFE75C4F76EB867F651FC2A3FBA3F1C9AAFE08D43C317969F61D124104A3E696DE61B6766EECD9FBE7FDA19AEBD2348F0140FEA69D999CAA22B476ACFCB1C2F61DCD5948D23FBA3A73CF7A77BF1C71CD1F5A692464E4DEE00D1F4FD683C74A773CE29886FD73EB4BFD781499EFDBF3CD0411FD334083F8BFC68F5FAF6A31D3BE7F2A38C9A00771F8FB537AE3A7A7D283C2803D2838EF9C7B77A00523A739A07D3DA93F87DFA503340C3AF3C71C7B51C0FF0A3F1FAD1FA73C73408ADA96A36BA4E9B71A85F388EDEDD0BC8D8CE07B7A93C0FA9AF06D6FC452EBDADC9A95E6E12484470C206E16E9D5573D89E49F53ED5EC3E2AF0CC9E2A6B2B59EFDEDB4D8A4325CC517DF9987DD19EC0727BFF005AF35F1BB595BEBE9A26956C96D61A4263620E1A67196627B90B8193CF2682A1B9827BFAE73C76A4CFCB9242AE3924F157348D2350F10EA3F60D2E00F2AF3248E711C20F763FFB28E4FEB5DB5C685E0EF03C51BEB2AFADEAB27CD1C3228627DD63FBA8B9FE26FCCD1E6CD9CD2765A9E6E6FAD5327ED31E0FFB59A44BEB5918E2E539F56C577F71E3EBB8A53168BA1E976B68BCAACD19DFD39CAAE0039C8E3355478EFC4258EF4D22442394366429FF00C7AB1F6F4D751DAA3D6C72314B1CBCC4EAFEBB5B34F0406CFF002EF5D1B78834FBAC7F6D78334AB94C9CC963FB99067D33DFFE042A5B6F0BF877C4395F0CEB93595E0191A7EA6B93F407EF63DD4B56B1A9196CEE66F996E8E5F192178E0E79A75B5C5C585E0BCB0B86B3B9519F3633807D987461EC6ACEADA4EA7A04EB06B166F6C58E12607744FF00EEB8EFEC707DAAA72F8C839E9E95A6E4DEE7A1786FE205BEA2F1D86B491DA5DB9DA930E219BDB9FBA4F1C1E0F63DABA1F12DAB5E786353B5C125ED640A071920647EA0578D3A2488CAEAAC1860A919AE9FC31E339B4855D3758924B8D30FC897049692DF3C73FDE4FD47B8ACDC7AA344FA3346CA6FB669D6D7208FDF448C403DCAE4D4DC05E7A7439E959BE1BD8DA1DBC68E8EB017883A9C83B588CE7D0800FE35A63EE8E39CF38350CDA2EE90703048EDF9D67EAD1EFB657E46D6E38F5ABE719009C9FEF0ED515E26FB3997BEDC838E98A16E366011FC59FBA706A7B28C4D7B183C8CE4FA0C5561B4AF4E3BD69E8F16F692538040DA3DEB47B08CCBE8DA1F125D020059A08E41EF8CAFF414A79CFDEC6724549ADA30F10D9B03F7ED64423D70C0FF005A660E07B7A9E9427A09060E07CDC03E9D690700F032463D2A68A3122B803951B971C671FF00D6A887DD1FC88A2E325F0D1314DAA5B7F76E048173D99473F9835D0617DFF3AE6B4793CBF125D42463CFB54707A7DD623FA8AE93CB5FF2D5ECE165FBB4714E3EF33274CB6540672064F033FAD5FC0E48273DB3574F85B5AFF967AF68D267FBD0BA63F26A51E12D7FA9D5343E3DA4FF001AF15A6CEAF688A04631D7A600C52E303904F19C74AD0FF84375C2081AF6931923A2C0ED8FCDEA68FC0F7AF1E2EFC5F1AB7FD3BDA22E3F32695987B5464FCA3F3A65CDC4369199EEA748901E59DB02B7A3F0468FB40BCF136A570C78F9275887E4AB521F0AF8034F4375776F14C14732DE4CF201FF007D1C51625D5EC8E08F88E3BD72BA7C91C71E70669159DCFAEC897E66C7A9C0ADED1342BCF38DDE9FA05E5E5D3139D435561001FEEA9F9947FBABF8D69CDF113C3FA5C5E4785F4917440DA1E2884102FD588C91DF807EB5811EAFAD78BA17BAD5EF645B495888ACAD58C71320EED8F99B27D4FE1DAAAC9109CA6CE8A4F1069DA429B699D35DD589C9B7D3C6218FD03393818C77393E9591A95E6B3AFAECD52EC5B59918FB058B1443FEFBFDE6EDC703DA96DEDEDEDA1582DE35891780A8A0014E27B750783EF49B358D34B57A915B5A5B5A4223B7812241C00A315281D3D8F19E3E9597ACEBB1697B20853ED37D36161B743C927A13EDFE7DEACE9B6D756F6B9BC9DA7BA98EF91B3C29F451D80E9536EA5A6AF645CC65874C632093C51839190739E4E7AD1CF18E839C75CD2E70A4E7F1A430FE1C7BF4F4A419E73804FE3460F1B7208E9ED59DAAEB965A3C7FE90C1A661948948DCDF9F41EE7F5A01B4B565DB9B982CA069EE6558E24EACDDFFC4FD2B9FBCBE8A4D971AB6F4B72DBADB4E03324C7B338F4EFB4F03BE7A567497BA96A738B90116453985E55CA423FD843D4FF00B4DF8015A7617FA5C31F93AC784AD752561996EA29D8DC93EB96EFEC08A4AA413B36AE672726AE96865DF5F5E6AED8BC6115B678B68CE47B163FC47DBA5547B78E49A29C431BC909055645DC87FD965EE3FCF15DFC7E00D1BC4565F6FF0008EB8E899C35BDC8F3150FF74FF1A1FAE7A572DAC78735BF0F03FDA9A7BAC20E05CC27CD88FB92395FF81015ADADB10A517A33B9F06DAF837C46893C3A1DAD8EAB62CAF245112A50F675208DCA7FFAC6BD073FAFE15F3CD8DF5D585E41A8E9B32A5CC0731B839571DD1BD41E9FFD7AF72F0EEBB6DE23D162D46D97617F964898FCD1483EF21F71FCB06833946CCD4EB473C75C9F4A3FCF14EF4F63412373F8D0338A4FE2E3AE697838FF0022800EBDC5381EE7E94CEABF8518F5FD28017079F6E947F0FF009C5073F874F7A3AFF2A003A0EB40FC3A5031C7347208C9E714000EBFCA83DCE3F3A3A30ED41FD73C714007F9E28FF39A38E3A7D28FF2281115EDD476167717739022B789A4727B05193FCABC2343D3353F17EB2D14076CD72ED71773B8C8815DB39F73D80F6F4AF5DF1CDB6A179E0FBFB3D2EDDA7BABA510A2A103019806249EC066AC7857C376FE18D123B28C896663BEE270306593B9FA0E8076029A1A6D6C66EA73E9DF0E7C2822D32D8199D8456E8FCB4F31EAEE7BF00927D06062BCB9DE69EE25BBBA9DAE2EE73BA69DFAB9FE8074007415D37C4ABB6B9F16C7685F11585A0600B701E42727EA1540FA1AE3CEA36833FBF538EBB41603F115C18994A4F963B1D541452E665AE993DB3413E83A0C7CC3A5321B98A704C52A3807AA1C914F208C9CF04FD6B85A6B4674A77D83A70BF438EF4C68925DA5FEF210C8CA70C87D411C823D6A423A7EB938A69C7AE79C509B4EE81ABAB33AEF0FF8DD7C9FEC5F1704BCB29FE44BC9943633D1651DC7FB5F9FAD37C51F0D66B047BEF0DAB5CDB7DE7B12DB9D07AC4DDC7FB27F03DAB9274574646190C083CE41AF40F0378DE5B8BD4D0F56640ECBFE85381B43E0731B7FB400C83DC7BD7A787AFCFEECB738EAD2E5D56C799248B2024127692086182A7D3D88F4A08E71E9CE2BD67C67E00835DDFA9E9812D754032DD92E7D9FD0FA37E7915E51209629E5B6B985A0B885B6CB0C830D19F7F6F71C1AEB222D337BC1CE3FB26E2155C086E9D7A76386FEB5BE48DBD067B915CD7845CEED4A3E36ACA8C0F6E579FE42BA5E98E5B03D2B296E6F1D83E6DA783D38C1CD34E5C1538F98114F180C383C5264804F7EA7DEA5328E64F7E071C74E6BA0B5885BDAAA919723273593676E67BE2BD514E49C703D07E35B993D89E9D3D6ADB0473FE213B355D2B8C67CE04FFC04543CF039EB91563C47817FA4939FBF28FF00C76A0232C0773DCF4A71D895BB27B2711DE444E704E3D8E692EA0FB3DCBA745CE573D876A8D0EC96323F8581FAD69EAF1874590638F9738E31FE343DC663D91F2FC5366E33FBDB7950FE1835D5653FBABF957220AAF8874A7E36B3C919FC57FF00AD5D6E0FA1AF5F04FF00767254F88D97CEFC0001CF71471839C60F26B9E93C4BA9CB9167A0C919E99BB9D5063E8B93503CDAFDD0226D420B4427056D20CB0FF813FF00302BC837D5F43A725234691CAAA2E4EF63803F3AC7B8F156908CC96CEFA84838F2ECD0BFE6DF747E26B19F4BD3F224D42696F2407EFDDCC64FD3A0FC0539F52861012D611B474C2ED5C7D05035165B9B56D7EF17F710DBE97093C973E74A7FF651FAD61DF5B4124C1A7965BF9F39696E1F781FEEAFDD1F80A7CD7934D9DE7E527EE8E2ABCB2470C2D3C8C15106589E78A690EC96A45346D792C5A645B83CDC48C0FDC8C7DE3F88E3EA6BA98E38E2892340AB1C636A81C600E9597A05849146F7D749B6E6EB9DA7AC71FF000AFD7B9F735A575796D6503DC5D4CB0C4072CC783E807A9F6A96EE35DD9200770E3B76AC1D5BC42B0A4B169EE9943892E0AEE48BD87F79CF4C0E3F9553D4B569AFE363233D8D80EB938966F6FF00641F41C9AB9A2E8AC4C779770AC222E6DED40C88BFDA6F56FE5F5A2D6D5836DE884F0FE886DDFF00B4AF11BED52F31AC8773203DD8FF0078FE83815D063049EE7B9EF40C1C0239C7D3EB54AFB58D3F4E47FB55D28655DC634F99C7E03A0F738A5B8D25145D00F4F5F5A8E69E1B585A5B995228C0E59D82E0D60CBAFEA176A3EC56EB6B1B0C892E3E673F451D33EFF955036A1E6FB45CBBDD4B9FBF31DD8FA0E807D2B09D68474BDC6937B17AFBC437374820D210229EB7932E07FC054F53EE6B320D2E08663713335C5C31CB4B2FCC49FE956B39EBF88A31EA7AD7254AF2968B445AA693BBD58BF2F183D7B74CD267A01BB3DA8040C71C9E727A0A7124672393EF581A1258DF5EE91A826A5A5CC21BB5E08232932FF75C7707D7A8EA2BD8FC39E20B3F13692B796EA54E764F6EFCB44FDD4FF3CF70735E2E076CE703AFA568F8675D6F0DF8862BD2D8B3B82B05EAF60A7EEC9F5527AFA135DB86ACD3517B7439AB534D732DCEEFC41F0CF47D54C973A77FC4AEF5B9DF0AFEEDCFFB49D39F51835CC78563D63C0FE305D3757804765AA9F296743985E503E4607F849191B4E0F23AF5AF5AC82BC60E790477A8A5863B84DB2C4922A90C03A86008E879EE3AE6BD038EEF6019E68E08F7A067BE7DB349EBEBDE90C5EFD338E98ED464FD7E947E3475CF6A004E4FAF069F4DF5FAF5141FF2280173F4A4E39CFE9C53B9C81EF4DC0A0418347033FA5047BFB71DE8C0E7F2E94001FBDFAD1D71FA73460F1E8683400EE39A68FC68E307EB471F975A0078CF1FCE9DCFFF00AA999E9EC7E94FE79F4A6819C54DE05B7D57C6B7FACEA9247756A4C421B3072372A004C83BE3B2F4E735D7470430C4228208E340301110003F015E2DE228E7B3F1BEB32C3733DB5CFDAF72CB0C851B0514AF4EA07BE6ACDAF8D3C55661546AB1DCAAF41756EAC4FD59706B9E55E09B4F43554A4D268F4CD43C31A26A8DBEEB4D80CCA085991023AE463A8F63DF35E4DACE8F3787B5C9B4A9A5699446268273D648C923E6FF00681047BF5AD593E2178AA588A87D36024F0E96CCCC3F066C5725AA6BAABA93CFA95D4F7779363CC9580E17B0C0E001D703D6B2AB28548DA3AB3482941DDE88B873F5C7040EB4A400C7393C718E2A386E23B98C4903ABA11C1152020609EE7926BCF69A76675A77D506473D70790453248CCA31B9918306574386461C823D082334FCE140EFEBD290E7A76EF426D3BA06935667AE7827C4A7C49A207B92A2FED0F957483A16ECE3D9873F98A83C67E09B7F135BFDA6DB6DBEAB02910CF8E1C7F71FD54FAF51D4579EF863596F0FF896DEF49DB6B3916F779E9B18FCAFF55623F026BDB7F1AF6694D4E299E7548F24AC784785C4B6BAE6A7657703413C689E644E3946048FC41C8E7D2BA9C74E067A82383563C5D098FE20C52A803CDD2B071C64ACBFCF06ABFF00182067B0EF4496A6F4DDD5D89C1CF1C1C67D695F8C81D31939E949C648E4027B8EB41E71BB1C9FAD49A15AC6DFC988B1FBF29DC7BFD2AD63BF73DFB5274C37E18ED4739EA79E99FD6981CFF890B7F6AE92A4FF0014A700F4F945463EF77E4F4A7EBE41D7F4E5CF2904AE7B9E4802A2E39E381FE455AD895BB179CFD0E700F26B7EE2232DA3A63AAE463B9ED5CFE7AF38CF15D2A1CC69919214673DE931A395603FB574ACE78BB03A7FB2D5D5FCDE8BF957357B188F5EB05FBA05E0C67FDD6AE9B7B7FB5F9D7AD82BF2338EB7C473C752BA2C4EE51EFB6A17BA9E4FBD33E0F039C63D6A33C76EBD00EB55AFE39AE44565006125D92A48EC83EF1FC071F8D799A1D6DE8490DC25CC42650C5189C1618CFBFD0D4A3B8F5E477FAD597B38ECE25591B0546D4893A81DB3E82AB64E791D4F718C5086000EF9C138C6304D2585A0D5AFC3C833636AD9724FFAD907F0FF00BABC13EFC555D43EDBE5882CE31BE4C86909DBB07F89A05AC92C0905D4FF00E8E830B6B08D918FAF76FC6864BBB7635EF3C431EF6874D4FB54AA705F38850FBB773EC3358F317FB524B76D25F5F39FDD46AB9C7FBABFC23FDA3F9D5C0891C7B220AA00F9428E05634D611A5CC8CD34D248E3F78CCF8CFE03B0F4A4958977366DFF00B3F4D9BED9ACDE40F76A7F776F19DE21FA01D4FF00B5F953AEBC5C52376B5B062A064CB70762E07B753FA563450C717FA98950673C2E335D97C3AF0AFF006E5E8D6AFA3CE9F6927EE108C8B89477F7553F9B7D28B77265269686B7863C177DAD69D1EA3E27BAB8884D874D3EDCF92A13B6F23E6C9EB8C8C563F8CDF4DB5BFF00F846F45B286D2CAD76C97A625C19A4EAA8CDD5828C139CF247A57B003D3D735C3DF7C2ED32EA7BAB98353D42DE7B995A663B95D0331C9E0AF23F1FC6A669B8B51D199C64B9AF2D4F37C8381EA793D8D1EBFA1A9B50B0B9D1F54BAD2EF19249AD587CF1F02446190D8ED91DBB62A1E71D33DB9EF5E3CA2E3269EE8F422D349A14E79C8E48E68E38249E940276F19CF6E7AD4735C476D199A53B5146493FE7AD4A4DBB21B76D592E3AF6E7038CE69B92703A803D2A8D8EB3697D39850B23F550E3EF55EF7EF4E51945D9AB0949357428F5EB8F6EB48EA92068DC168D970C0F71D297D33C739F6A07E98E475A5E83DCF58F87BAB36A9E14B7595CB5C59136B31279253A1FC5706BA6FEA3B5799FC2CBC31EAFAAD8160165863B945030723284FE5B6BD372057B54E5CD14FB9E64D5A4D109FD3A52FA7D2939A3E9EB543B0BF4FAD009149927AF5EC297BFAFD3B50203DFF2A77E5CD348E3D3FAD3BFFD74005379FC7BE28FE5ED47F9FA5001C7B71D3DA8FE234EE7FAD378ED91F5EB40838E7FC6827D28F4E9472185001F4E99A33F3607D7D69DFE79E29B8EF9F6E281873C7A54808E3EB8A6508704E4D084CF24F8876DF64F1CCCF8C2DEDAC73039EA57E43FA015CF00BC6391D7A57A27C55D3CBE9565AC46B96B29B64AC0748E4E0FE01B69AF3CF5E38FD2BCDC546D3BF73BA84AF1B7613F831B7DFA735C76B793ACDC139FBDC67E95EB3E12D1126CEA57481D14E2143C8247527E9D2BCEFC75A549A6F8825DC328E786FE5FA628C234A6D7742AEAF133345D45AC6F029622194ED71E9EFF00515D781807D3DEBCFF00D8FE35E8BE058E1D6DA1B7BB0CC023AB61B04ED1C73F956D8BA6ACA688A13DE2C8BDF9CF4C7AD29EA06074C60735D26A5E0E9E1CCD60FF00695C7FAB61861FE3FA57364346487054838208C107FC6BCF3AC6491A4B1BC6E3E470411D8D7AEF807587D63C256CD70DBAEAD49B69C9EEC9C67F15C1FC6BC908E38E9FCABAFF00861A81B6D7EFB4C627CBBB804EA09FF9689F2B7E6A57F2AECC24ED271EE736223757EC6978CC63C6760467E7D3A51D7D2453FD6B3F9E0E46471E98AD0F1B1FF8AC34CF6B098FAFF1A62B378DBC9C01EDD6BBA5B934BE114118C9238E739EBE94EE770047247E54981BB91DB228E38078A9340C10A339E3B66804FA719E3D28EBC920E4E3278228EBC73EC31F9500733A91593C5073FF002EF68ABD718DCD9FE429493CF1C11C7A0A2E2244D56EEEB70DD3E17A7002F14D19E481F9D68B6250BED8E09C74CFF915D28CE179238C019E95CE4437C8147F13000119EF5D2728B9079F506A645230F578C8D7F49C7F14F9E391C2B67F1ADBCCBFDC5ACBBEC9F10E963008549A523D3E503FAD6C795F4FCEBD6C0DFD99C757E22A8B7891FE58541ED85C66B022BE59B54BCBD4F98A9FB342C7A055E58FE2D91F8569EBD2C96DA54CF13324B80B1AAF25D98ED03F322A945A149676D1C092AB05001CF07DFF0033935E4AF33A9EF62B97791C962598F562739F4A6E48F6C0ED568D85D8E0464FB86069A2CAEFA181B83C0C55DD0C83E6033C73C0E338A0007231EDD6AC9B1BA0C0790D9EBDB152269572586E2ABDF04E4D1740675C4A2186593A2A297CE3D0563D98616718624B14C923D4F3FD6B7B5EB15B6D12E19A463238544503192C71FCB358B2158D0B363620C93D852BDC97B97745D1EE3C43ACDBE8F6AE53CD05A6947262887DE6FA9E83DCD7BDD959DBE9D650D95A46B15BC08123403A015CA7C35F0E1D23433A85D478BDD4B1238230638FF813F00727DCD7647BFB53472C9DD884845C92001C924E2B8FF107C48D2F4D0F6FA501AA5E29DA5626FDD467FDB7E9C7A0C9FA5677C5B984969A4E9C48226B869A443D0AA291CFB6585704811176AA855030140C0AE6AD88F66EC96A6D4A8F3ABB7A0F966B9BBBCB8BDBC9BCCBBB97DF2BE3009E802FA00001F8533F87AF1D722948EB9C818ED48483D80FE9E9F8579929393BBDCED5149590EE0F279E3232735CE78A2E1B30DA83C637903BF61FD6BA23EBC75AE5BC4F91A9AE7FE798C1EBDCD7461527535E86359DA065452B4332CC990C8430AEF21904D0ABA9C8750C00F7AF3FE3D3DBEB5DEF866D9EF60D3A0F98F9A42E075233CFE42BA3191F75332C3BD5A24C63A73EA280471819ED9EE3D2BACBDF066D52DA7DC92F8C8498609FF810AE5A689E199E19D1A3914ED2A46315E71D8745F0E9C2F8DC772F612A93E986435EB44E14FB0AF26F86C8B278D9982E7CAD3DC96E8065D40FCF06BD5A521139EF5EBE1FF868F3EB6B5191E738CF4CD3BDFF005A61FBC3AF5EF4A0FF00F5AB52477E5F8D19A38DB421F7F6E3B50217FC68FF00F551DFA0C7D68CFAFD39A04038FA8E0D19C2D21C9C66971E9D4500031D38E3F0A38EA28F4E7F3A01FAF140067D319E9F5A3E9DA8E3A7B76A3D7FCE681064E73F8D19CFF218A33F2FAE3A518EBEDFAD0C627B1A4E3FC3D69491BBDCD3727F0EB40EC36F6CEDF56D36E2CAE97743731B4720F50463F3AF0BB8B5B8D32FEE34BBCDDF69B37F2D8918DE3F85C7B15C1FCEBDD7251B20F6E95C8FC40F0CBEAD68BAC69B116D46D14868C75B88BA95F761D47E23BD635A9FB48DBAA34A72E477E8C9B4FB65B5D3ADEDC63E4400E0753DFF00AD6278CFC2C3C43A69F240FB5443E438FBDEDF5ABFE1CD523D5F4682E964DEC17639F71FCAB62DA21712ED6C8006783D6BCB8F3464ADB9D6ECD3BEC7CD3736D3595CBDB5CC4D1C8870CA4608AF49F84F6327EFEEDD7118076B118E4F1FC81AF43D6BC25A46A789AEACE39D9792C46187E3E952E95A75A5B27D9ADE3486251908A319EDF9D75D6AAE7150B59B30A71516E49E82F1C671D78AC7D73418F5588CF1054BA41856E81FD8FF008D74D258215FDD92A718C1E73EB549C346E5586D615C6E128EE6F19A7B1E5324524533C32828CA76B29E31577C3F786C3C57A3DD6F0886E842C7AE5641B71F9915D2F8B747FB45B9D42DD7F7D12FEF1718DEBFE23F9570F3C8D6E8970A70D14B1BA11C0C870455D176A8BD42A2BC5A3D07C66C0F8E6D13232BA63920FBCA3F9E2A9F181C8200CF4E9563C59B65F884CE0F31E971A1C762D239FE42AA640EDC63B8CD7AB2DCC297C23F9DA7DFA91CD21E99C753F5CFAD031C67EEFA74C7FF005A82FF00371DF9E948D001E87807AF5A6C8FB11989C6D04FAD1F316383DBD39F6ACFD7E5963D1E54833E7CE560880E32CC703F9E685B8376573339CE49249EF9E4519E063839E3D6AB58C8F258425886754DAE41CFCC383FA8AB3C0EA4E7AE7A62B4253BEA4F62864BC8F041C1DC475E95BFF46E48EDC66B274940F3BBF5DA3191C56A705B1BBF1C5437A948CC40B378AA6620E2D6D16319E99762C7F4515ABF37B7FDF5593A26D992EB50EA2F2E5993DE35F957F3DA7F3AD8F2D3FBC7F215EDE1E3CB4D238A7AC998D7FBAF35EB1B5CEE5B60D75203C631F2A7EA49FC2B4B838E983EBDEB1BC3F2B6A3F6AD59860DD384407B2A0C7FE844D6D74EB8FE405788CEC5AEA3707827BF38E9413D87E1F4A703F30C6323AE7BD3704FAFA7038348A17EFE17DB3F4A5209247B719E68E3919CF718E281B8F6E7EBD2811CFF008BA43F64B2840E24BA078EDB41355BC31A2AF883C4F65A737300267B91EB1A738FF811207E26A4F15480DF69E8738559188F7E07F5AEB3E105B44F2EB37A769955E3B75E7909B777EA4FE9568C66EC99E97FC8F4038C52FAF34746EB47F2E956731E65F14DB77883498FFBB6B336477CB20C7E95C69DDB4E723BD76DF15A175D4F46BAE02149E227BEEF9580FC813F857139DEBC839C75C62BCBC5FF0013E477D0F803E5C0C93EB535AD9CF797020B746776FE11C63DFE94D8617B89D20850B4921C2A8EF5E85A3E9316916C101DF2B81E6C857EF1F4FA0AE5362A691E17B5B0DB25CE2E671CE4F2ABF41DFEA6BCE3E22E8AF6BAA3CE887603B8607F0B1C8FC8E457B17A723A7AD50D63478358B6093E51C728E172467B63B83574A6E1252226949599F3CC71BCB2AA20CBB1C003926BD8FC0FA3F9212ED8111429E5C5C7DE6E84FE59FCEA3D3BE1BDB4379E634910C9C0F294E5BF3E9F857A043A5456F6E90A1F2D5176AA81F28AE8AD51D6B28AD118C22A96EF72AFB607A735CBF8CAC51EDD35145C3A9D9211FC40F4CFD3A7E35D53A18DCA9EA0F27B562F8B1D97C3B70A837CD2BA470C7D0C921601547D4FE99AE48C5B9591BF324AE33E155992DAB6ACD9D924896D1E7B841927F37C7E15DDC8E1C9C745E0566E81A5AF877C3D69A5AB299228F333018DF21E58FE249AB99EBFD2BDA4946292E8716F27264BCFB734A3B83F4A68E319A5E00FC7F1AA01E395FC7E94B8EB8EDEA69BEB9CD28FBD8EF4AC40EEBF9D1C85FAFB7349DFF4A5FC78A6217F0A5FE2F4EDF5A6FF000FF9E681DB9F7A00777A6FF09F5F6A33D7AFB0A33F31EB827F1A003B0C8E7BD1CF393DE8F4A5E0F5FAF340098EB4678C76CE39EA68E7B7E1EF463E6E680421F4FCE9A7F0EBDE94FD7A0EB4DE76FD28290840ED9A6E48EE7F0ED4A7BE7D6987BE7E949B291CB6A3A05C69DA9CDAB685087170737B61BB6898FF007E33D15FBE0F0DEC69DA678874E96F961676B5B91C35B5D298A419F66EBFF01CD7467F9F5AA97F6165A95B1B7BFB58AE63CE764C8180FA7A1FA5613A519BBECCD5376B742F60151D0E466B2849E55DEE43F74918F51DEB3BFE11B96C971A36B57D65181FF1EEEDE7C3F4DAFF00301F46155C9F135A921F4DB1D423CE37DBDC1858FBEC7E33FF0002AC2AD293B38F41C15AE99D62489246190E41E7DEA0BE8C1877F0190F1DEB9B8FC43359664B8D1757B65079FF0046F354FF00DF04D364F1BE973A00CD749EAA6CA607FF0041A96A4E2D34EE251B3BA66AF073FDD239046735E69E26D28DA6A2D610722792310A93FDE6181F5CF1F857623C57A6BB85861D427623858AC6539FCD78AC08ECBC43A8F8A2DB557F0FCBE4412ACCB1DC4C910257EE0E727009CF4CF159D1A52E64DAB1ACA4B95DB535F5AC49E3AD61F764471DB46483D30A49FF00D087E75071B8F3CE6A8D8DC5CDEDE6A97B7623F3A7BF937AC44B2A95C26013D40DBDF1577AA9C73E95E93229AB450BC9CE383D0E3AF14BC1E41E3A73DA908F404FAFB5260FDDF43CFBFAD22EC3CEEE475EE2A1D3AD4EADE2EB48480D0696BF6A989E8643C463EBD4FE14CBCBA8EC6DA4BA933E5C40B11DC9EC07B9E07E35D0F85749974CD28CD7400BDBC7FB45C81FC2C7A27D15703F3A3625EAEC700615B5BCBFB55FBB05E4C8323A0DD9FE468CFCA063F4A9B514F2FC43ACA0E8B7AEC33EE01FEB51C68647545EAC42D6AB612D8D6D323D96DBB182C73E9F4A358BA6B3D2A5687FD74A04310033976E07E59CFE156E31E5A2C608DAAB8CD6639FB76BEB1000C3A78F31FBE656FBA3FE02B93F88A54E0E73490A6F96268D9DAA5958C36A9F7214080F738FF1A9779F43499F9BDF391DFEB52E4FF79BF2AF7968AC7114ECED62B1B44B680058D3380063A9C9FE66A4EBFD314AE7E720FEA334F8A357C9390ABC915F3A7A0958660720631F9D51D4E668E110A1F99FA9F6ABC31B8E401DC71D6B135191A4BB7F9B217818ED8AA4AE0CDB18DA0019C0E79EB46782467D70074A48CE63561D0AE464E28CE3EF67DC8152072BE277075C8223D16D49FCDBFF00AD5D2FC28BE6B6F12DF69EC485BBB512A8C7478CE0FE61FF004ACBB8F0EDFF008835FBA3A6B2FDA2D2C52410B8C79C0BB0C03D8F1C678EDC75ACCF0FEA6DA3F8A74EBF914C26DAE84170920C3206F91830F51907F0CD688C26D34D1F4075E9467DA97FA1A0FB0EB54739C6FC50B0373E155BD4037E9B709707232767DD6FD1B3F857997A0FD41EB5EF1776B0DF59CD697081A19E331C8BEAA4608FD6BC2AE2C67D22FEE74ABACF9B64FB371E37A7556FA15C1FAE6B871706D2923AB0F2B5D33AAF06E9B88DF51917963B22C8E71DCFF4AEA7F8BF91EBF4AA7A3C46DF45B4880C7EE8139E793C9FE75739FD3A8EB5E71D4CBB65103994A8249C0E38F7A7DF22F961B8C83D4F5A6D9DC471DB84660A41EFDEA0B9B8F39F68E117A7727DEBA1B8AA76EE609373BB1F6317EF4B11F7071EBCD68F3B7F95621D6F4AD2212750BF82DDD8E1509CBBFD147CC7F015049ADEB3A982BA3E8E6DA3ED79A98280FBAC43E63FF02C56D460F95344546DCAC59D4EE6DED1A5B9B99D218631F33BB6D02A9689692EA9A8C5AE5FC0D15BC00FF66DAC8B86C9E0CEE3B1238553D01CF534EB5F0CDB9BB4BED5EE64D5AF14EE57B8004519FF006231F28FA9C9F7ADEDF9E49AD69D1506E4F5653BB493D87176273D49E69E0F40476E7351827D7B67DE9DD7F2ADEE4325CF5C1FAFB53860E3B0A60E7D7A76A7FA0E4D34431C3EF63D3D28E79C75239F5A41F7BE879A518AA258EE36D2FE348013CF2294FE18F5E940831F29E9D28FE11CD18FF228C73C8E868100FBA3A53BF1E73CD33F8BF0EB8A5CD020FC3A7147BFA9A3D703B518FF003E940C0FD4507F95193D3AE39031487E809A06843F881ED4D3C7F5A71069A73FE1ED40D0C392B8FC6A33FCF9E6A420E734DE3DE91688CE491E83D4D46E3DB9CD4871E9FD698738C541A4461FFEB9F6A8F9E338A7E176F3EBF95308C376EBDB8A4CD108739F4E38E78A0C8FFDE3C8E99A319C0EDDA9BEBEE3F0A45A149638F99B3FA5325952DE29276E91A176278000193FCA9D9F7AC5F195D1B5F0ADE846C4B72A2DA3F7690EDFE44D08727657395D103368D6F3480892E034F20EB92EC5BFAD6871B7EE9007273D053628D61863823C08D0051819E00C0A518DC07B706A999AD10B9E99C71F8D2641E06324638ED4EEC73938E7355A2B6B9D7F526D26CDDE38E300DEDCAFFCB153FC0A7FBEDFA0E6806EC58D12C7FB7B5617728074DD3A4FDD83D279C77F754FD5BE95DB63E6273C75350DB5941A7DB45696C8B1C10A848D471803FAD4C3D3B91498D2B23CBB5839F13EB1C8C7DAF1EBFC099A9B4A87CC94CE41DAA3008EE6AA5E9797C41AB10A0B35FC8A3DF181FD2B662F2ED2D86E62AAA32495C935A3D895B097D7A9A7D9C972CA599462341C1773C05FC4E05334AB392C6C424C4B5CC8C659DC73976EBF80E9F85677DA3FB4BC4565091FBA863926443D378C00C7DC64D6EE00CE3B9CE4D7A183A692727B9CD5A5776018183D31C8F4A7E17D0FE744713CB20441F3B9C0C56CFF0060A7FCFC7E95B55C4469CAC649181F301C0E7E98AB52FEEAD02E0E58E091C83EB55E14F3245CF3CF38E9535E11BD78E8338E95E31E815C9017B7D3D3D6B9D721E566278639E79ADF9C810C8464E10919E2B9EE739208E2A9099BF6AC5ECE13E831CF3ED52E0EE1E9D86719AA5A53B1B62B9C946C1E7D6AE1C6D0C3B75C0FCE93DC68BDE0C931E3BD41003F36991B7E529FF1AD0F1D78162F12DBC97961B21D5026DDC7859D7FBAFEE3B376FA567784DD62F1D73FF2F1A6BA83FEE48A7FF66AF4027B63AF154B63925BB327C23AADD5F786AD1F528258AF615F22E5255DADE627CA4FB8380723D6B74489FDE191C63A556FE2CE7DBD6ABDD3CC2DA56B58D24B8D84C69236D52DDB247414EE4F2A6683CA91A17775441C1666C0AE2BC79E1A1AF5BA6ABA3B4536A36CA54C68E09B88BA95FF0078751F88EF56A3F0D5BCDBEF7C46EBAADCED2CCAE998211DD638FD3DCE58FAF6ACDD23C3565A8CEDA9DC68F6F616722325B58AC0A8CC87FE5A4A473B88FE1E300F39349D9A6994A2D3BA1BA56BFA6BE896D3CF7F040563DAEB34AAAC8470410790411D29DFF0946972305B2FB46A0D8E0595BBCA0FFC080DBFAD6D43E1DD12CDC3C1A358C6DD370B7527F3ABFC01B546140C040318FA571FD5A09DDB67529499CD0B8F10DD63EC9A2C766ADCEFD42700E3FDC4C9CFD48A78F0F5FDE20FED5D76761D5A0B15FB3A1FF8172C47E22BA1393CF4FE94C3FCBBF5AD634E11D90B57B94AC344D2F49E6CACA28E43D64C6E90FD5CFCC4FD4D6875F5FE79A671CFF9CD3B03919E83A5683B58775F4EBD3D69DCFF004A68F6E3EBC5380F97F5A0962FA739F5F6A907DEE9ED4CE8474F534EE7767269A2192027F0CFA74A763F4ED4D19FF0F5A7E47079E4D3443147DEEDF9D387EB4D1F4A70EDC5510C5C761F5C74A5FE2E9471D4E31EBDC5033D3A7F5A042D27E1C0FC682718FD69C3B9E322810DE3AFB7AD1EF9FCE933FE269720D021727FC8A4C9F5FD68EB4B4021BF98A0FDEFAD1FE7DA83414263FF00AFEF4D23E5E29C71F9521C16F5A06861239FF1A61EA7D3DAA42179E87FAD31C74C7E348B44441E320534E7D29E7F1F7A691F2FE9D6A0B4C8881F877A67F11CFF00FAAA523DB9EFDE9081FD4D06888B1E9DBAE7AD27AD388EB8FF001A38DDFE1DA958AB8C03E527A7AFAD725E2EB8173AC69BA60C91006BD940E718F953F3249C7B575E7014B13855E493C002BCEEDAE7FB5AFEF75A230B7726D873DA24E17F3E4FE34D2EA26EFA17323B9C7AFF005A4E4678F7F5CD36596386269A69552351977738007E349A6E957FE253BA3325869278370576CB71ED183F754FF78FE02989BB0C823BED72FDF4ED25B6796717578C3296E3D07F79C8EDDBA9AEEB48D26D344D3D2CAC90A46A72C4B659D8F5663DC9F5A7E9DA75A695671D958C0904118C2228E3F1F527AE4F5AB601E9EFE9410FBB193C79407182066A04C6E1D71D715739E73DB8AC7D72EBFB3B44D46EB38F22DE4618E0E769C7EB8A4D0E2F4679A69B74A166D467CB4B3DC4B22A6724E5CE0FB5171732DC4A58B7CA070A0F4AA76519B7B3863CE76A004FAF1CD4F9E08E724F1DB35A586B4449A390FE2493924C7678191D72FF00FD615D1FF11E31EC6B9BD0FF00E465B9EA716680FF00DF66BA6CFCB8C1C75AF570DFC34724FE265CD2067514C755463C1C7B7F8D747B13D0D73FA20C6A2D9C7FAB38E3DEBA3F97D0D79B8B7FBD638EC7236A33231DBDB00E714CBC07CD3C01800907B54B6B83131F53819E6A0BA24CE0632081C75AC3A9DA56BA3FB8978E887A75AE789F97A8CE307BE6BA19429864E0E769CE3E95CF8C0EE08CF3815684C5D2EE2E22D6256724D9C8EB6DBBB24BB37A8FF810C8FA8AE8C763D33C556F09D841ADDAF887469B28D30826490758D8021587D0A834DB3B99E58E48AED3CBBC81CC37098C6D71FD08C107D0D27B9116EED32F69171F65F1B68B31076CE66B6381FDE5C8FD52BD28E7FCF19AF26D426368B69A80CE6C2F22B83838CA86C37E84D7AD1C7F090476229A329AB4861EC38A8CF7F7E2A43CE077EBC76A6919C75C9A0488CFD7EB4D3EE739F5A79C8E29AE074FC38152CD131849F5FAD34F7EBC53CF6CF38A69C0F5CF538E948B4379EBFD69BEFC0E334FFE2F6C63205200493D7D79A0620E39C75F5E714BDB8E9D327B51CF7C7AE0D2F3C64F4F6E4D0018033C73DA9D8E9DB1ED4800FCBA669C07EBD68131700B7E14F4FD3F9D34638381D79CD380C1E9F9D3466C9003E9D7DA9463BFD73E94899FD714F1FCF9CD344301F43FE34A33CFBF7A400EE1E83D69FF00E7DAA8962D1CFAE3F9D4724D14263596454321DAA19B1B8FB549D3B0C1E69225871DE8C8A3D79FEB47BFE3C53107A8E28C67233ED47A7D3F3A47210658A819E4938C5003BF3EB49F9F06A1FB759676FDB201F59549A51796873FE930E3AE7CC068B8ECC9F1ED4DEB8E9552E356D3ADD732DEC2BFF03073F9566C9E27499C45A559CD7AE7A301B507D4D26D14A127D0DA91E3419765504800938FF2683F80ED59965A75D4B3ADE6AF2AC92A9CC50A0F921FF13EF5A847CBFE3421D92D2E30E770E69A40E4FE9521C1FAF5E69A79C9EDF5EB4C69919E73E94C20F23D3DAA5C7A7AE0FA1A6118E7F2A929323C7CA3F3F734C201E7815291D3F5F4A6E318E2A4B4C6143E9FD69B83BB91D7A8F4A931938C63B5214F9867FC0D055CE57C6DA8B47A7268D6EE45CEA7946653CC708FBEFF0088F97EA6B9B82E0DCCC34ED16CDEFE58C05DB11DB144071F349D001E9C9F6AE967F0341A96B977AA6B37D35E2CC42C76A84C51AC6BF755B072C3BF604D74B6D6B6D696C96D6B0456F0A0C2471AED51F80AAD09BB6CE5F4BF052F9C97BAF4CB7F3A1DD1DBAAE2DE13ECA7EF11FDE6FCABAC00F7EBE8697029D8E9D464F153B86884F4E9EBC8A51E8052E0E41E869F8FAFF5A7625B0C138E95C57C4CBA316936F62AEA1EFAE51594F5645F99BE9D07E75DB8EFC76AF2BF1D5F8D4BC5CD021FDDE9B088467A195BE66FC40DA2A92127AD8C5C7CFCFA67E940C7B9CF5C9A4CE38E724678ED4F892499C2203C8CE71C0AA361DA38DBE2471920CB698193D76BFF00F5C5749C119C75EDEB58AF1A596B3A580010E92C5CF72406FF00D94D6D6338C9381F857A78577868725456933474427FB45F0063CB38F5EB5D1E24F43FF7D5733A2B94D480278646193F9FF4AE93E5F55FCEBCEC547F7AC23B1CBDAA7EE0723209C7BD417A30E3A7CC31CF152599FDD15EBB4F041A4BC00C7BB691B4E0815CFD4ED290E463820FEB5CF4A82395D4E3E5241E715D081D876CE3B562EA3184BC73FDE008C77F5AB42668F826E8DB78C843B804BBB4742319CB210CBFA135BBE32D1A485FFE121B04679624097B020E66887461EACBD7DC715C5437A74DBFB2D4B9C59CEB2BE0F54E8DFF008EB1FCABD8FE43823953C823A1F4A52D1DCCEDA9E6CE906A560CAAE2482E222A181EA08FFEBD775E0BD49B53F0959348C0CF6EA6DA7ED8923F94FE6003F8D71FAFE8537872E65D4B4E467D26572D716E8B96B563D5D47F70F52074EBD2ADF823514B2F11CB64AEAD6BAC47F68B76072BE720F980C7F79307F034D133D753D048FCBF9537EBFF00D7A7919EBE99E29A33B8E7F1F7A6C8446707EB4C3EC7F3A94F2C3D33C834CC7B1A4CA447D7E99F4A43DBD0D3F079FCB9A319E3A549699191F9E79A5E69C7E9F90E69027F3A0AB898EDCE47AD2E3EB463B0C727F1A5E9EB9F4140AE201EBC93D69C0657A76FA503AE31F4F4A77A73D077A7625B1C131FE14A00F5EF9C9A4E7BF5A781C7AFE14C8619F9870453B1807A52018C63F9E69C3EEE0E7238E9544B17F134BB0F519F7A00E07D697F3FC682591DC5B41790B43711AC91B750C323FF00D759874BD46D3234BD40EC1FF2C2E86F51F46EBFCEB5FD339E9473CF1D6958149A30CDD78995829D3AD5C83F7965C03FAD4C1BC472E322C2DC1EA496722B5BFC8A39FC3B7BD161F3DFA233469B7F281F6AD5A639EAB02AC63F3EB520D12C379696233BE7ACCE5FF9D5FE319FCE90D3B0B99958E9B604153636C467BC4314CFEC5D2BB585B75ED10AB9FE3F9D073E98145907335B32A2691A646C196C6D830E87CB1C55A08A836AA851D805C62947A507F3CFE3458576F761EFFD690FA77EB4BCF4F7F4A3A31CFE1EB400DFAE7DCD348C28E9EB4FC77F6EB9A438E940C6123DA9081EDFCE9FDCF7A6E31D31FE141498CC63A8EF8E3BD308E4FA54BCF39A31D3D6A6C55C871D7B9F6A4299F5E95291D3F23ED46CEBF9D161DC88A1E9CF4FCA940C76EBED5263F9D340EDC7BF34582E371C66940F4FD2A4D9F2F3E9D28D83FF00D7C5160B89B33E9D29D8F41EF4A33D3F3F5A5E9C9202E32493D29D896CCDD7F588B40D06EB549B07C94FDDAF79243C2AFE2702BC6ADC4BB0BDC3EFB895DA599CF776393F8678FC2B73C5FE231E27D4D12D9B3A558B1309E82E25E864FF00747207E26B1439FC71EB548D211EAC7607B6473C74ABBA4BFF00A43272370C8AA00E79C673F8558B038BC4C6476E3BD0F6342DEB6E62B7B6BB1C7D96EA390B770A4ED3F986ADAFE3C8E9DFD6B36FEDBEDBA6DC5B753344CA08E4FB7F4A9B48B9379A55ADD13F3BC6BBC139C30E0FEA0D76E0E5A3473D656699A76122C5A8C0DBB197DA4FD7FC6BADE3D16B8A27636E5009521811DABA6FEDBB6F7FFBE6B0C6C1B9A6445E87396B20123A375619C1AB1311F676CE318E9EB599BDB7820F23B8EF4AF7124980EE5B1D39AE4B6A760993D07AE2A8EA51F990ACD8E63E0F19E0D5D3F74818E39A614F32228DDC608E99AA4073D222BC722372AC30C3D8F5AF48F046A4DA8F862059989B9B33F6598FA95E87F1520D79DCB1B45332B1395E0F7CD69F83F55FECBF13AA48C05B6A6040E09E1251FEADBF1E57F114DABA25F73D481C383DF3D08CFD6B8EF13F80AEA171A978499229A2996E058B9DA824073BA33FC24F20AFDD393D0D761F527F9D5CB7937C23B95E09A88B32A8BA91D94D25D58C1713DB35ACB2461A485B968D8F5071E86A5C7E7F9D3B0690E7DAB4334C691F8E69A7A9C74ED4F23FFAD8EF498A5629322C139CF4A4C7E55238FC39E9487EF73D3B522AE478FAFE147BE7EBE95260D18E9FE4D161DC8C0E9EBED4B81F87519A7FE94606EF61D6815C681D79FAFB53827BFD7B53B0A3E80E697F0A626C40338A701F9D1D7AF7F4A763E6A64B60076F7A77F10A307B7D297EBF9504B61C6051EDCFF85007E03F3A07A52B0877E5C51CFF00FAB9A6F1B7F5A3F953107E147E7C5038CE051907F3A0039E290F3DBB629E7D3B1F4A6FAF5F7F4A003233F4EF471D451CE7F97BD1F4E68187D7F0A09EFF0081CF6A3AE3D09EB40FFEBD0018F94527E7F8D047BF3FA53BA67D71400DC75F6E68E9838E3DF82294FF002149D7FF00AF4AC1710E3FFD54119C1C7B0E29C47F2CD1FC3FAD31DC611EDC5211EA09A7918A3D0FF9140EE478E3B918FCE8C1E7E94FE370EF463927F1A07719B3E5EF474C7E7D39A7E06DFF003CD2E318E99EB40AE4607CBF53C9A5C7B7FF005E9D8FD686291233C8CAAAA373331C003DFD8500D898CE7DCFE35E67E33F187F6B349A36953E2C5495BBB846C79E7BC6A7FBA3A123AF41C7351F8B7C6F26B9E6699A24863D3892B35D21C35CFAAA7A2F6DDDFB715CB222A055455545180A3A01DA9A348C6FAB1C368408A0051C050318147E58CE46683B8609E8467079269D0C6D2CA10670C7248F4EF48D89258488239B27E72481D87A52D97FC7F4447AE78AB5ABC82DB4A96620958B042838C738FEB55AC7E7BC8F91C6486E946E83A9B20124119FE5557412629350D3CF4827F3231D3F76FC8C7B03915649EA0EEE7BF4354588B5F115A5C642ADCC6D6EDF5FBC99FC88FC6B5C34B96A2BF533AAAEAE6D6095E40C8383DFE94BE4FB37FDF550DF5D258594D772FDC8632D83D4FA0FC4E07E35C37F68F8A7FC9AF46B4A29EA72A4CED0EE2DD4648C7349C738C8C1F4E0D2673C67E9DB34B8C74FC3B815E39DE19F97AF3FE73484838CF73939A070BEC4679EA28C83C13D7A83FA50053D4ADF7C5E70032BC11EA3FF00AD5912C4B730BC44950470437208EE3DC100FE15D1E37E41040C7E06B1EF2DDADE5E87CB6FBB8EDED4D3E826AE7A2784B5EFEDED195E6205EDBFEE6E907F787F17D1873F9D7456CE43EDFEF7B75AF1AD235997C3FAB2EA48A5A02A23BB887578F3D47FB4A727E9915EB76F7115CC31DCDB4AB2452A87475390C0F391F5A96ACEE66D5D599AB838FF002693FCFA508E2440DD3347383F5FCAA9331D84EA0F3DE931DBF0A77AF1C9A4A61719D0F6FAE283EBC7D29F8CF38FFEB526076FAD03B8DC0DDD78C7D68C0E73FF00D7A701F4CD1CF5CD2B0EE263B7E94003AFBF3C5380FE5F9D001E07AF3D28B0AE340C77E314A00C8EA78A763FFAD4A074C7E14C571B8FFEB53BFF00D7475E3F034EFF000ED409B131F5C51D14707DA9718FA527EB42106739F4FD683F7BF5E681C8FD0F6A380C307AFAD0003B7D78A0E327DE8E983EBC51F8F39E68107A7A63AE28E3AF7ED4EF7A6E3140075C7A51EFEF9E681EDCD3BAFD3F95031BCF5FF228CF03F2A5FCFAD275E9D4D0203F951C73E947A9E73E947F175E3B67AD002F3EFD293DBF4A3D31D3BE69D9A006F27D318E28F5E7F3A3FA52F3C64707D2818727F0A39E3038A4E4D1FC5DBD0D0018FD39A381F5A77B7414D0383EB4007CBDBBF349C7BF1DA978C0FE78A38E7A629582E1F88A4FF3F8D28C7E39AE6FC4FE37D3FC3B9B68C7DB751232B6D11FB9E85DBF847EA7B0A2C336754D5AC747B092FB51B94B6B741CB31EA7B003B93E839AF1FF001AF8CAFBC45673468AF69A7636C56E4E1E763C29931DBBED1D31CE4D54D4B51BFD76F85FEAD3F9D2AFFAB45188E01E88BEBFED1C93FA5663FF00A4EA11C20FEEEDFE77C71963C28FC3935491A28595D96E28FCB8D22073B5027E5562DADDEEA6083213F89BB54288F2385032CC7803BD694812C6CCA2E0BBF19EBCF7A19B245399D1E462A30A0ED03D00E95A1636FE541BDB876E7A741FFD7AA9616C64944CE3F760E47BFF00F5AB533DF9C138FF000A4D948A1E2023FB06F064728003D739618A6E9B1E6676CE42AE0718C545E207CE9AB09C832CF1AF1FEF67F90357AC54476D925BE73B8F1CE297427A96B7A9C9CF5E39ED54B5889E4D3247889F3602268F1D72BC8FCF047E356F38F7DBD33C9147A7A1EA3D7D684ECEE5495D58C8D6B528B569ADAD6DC86B7555B9998739C8CA2FEB9FC054387FF2D54ECEDD2CE5BAB440330CC78EB90795FD0E3F0AB5F3FF00CF46FCAB5A93737732A70B23A12483C13CFAD1C6D3D383F4A4C93C7A7E029A49DC38E33D7B0AC8D493F8867839FC2B3A526D75EB77FF00967771989B3D9D7E65FCC122AFE4825460E7D4551D5ADDA6D3A531922588896223A865E47E7D3F1A481EC5F241EF8CFE951CB124B19461F7BB63A545677897F6715D443E5986E208E9EDF81E2A6C0FD79EE2986E635C44F6F310C783D0E3822B6BC1FE251A15DAE977AE069B3B7EE5C9C8B790FF0009F4463F913E9515C44970843F6E84718358F736EF16E494028C3192321C53DD5896BB1EDF6D232318DB8C9C8AB5F4EBD6BCA3C25E316D25A3D3759998D98216DEF1DB261F447F6EC1BB743EB5EAB6F289630C0824FA720FFF0058D4A56D1984D751DFC27D0FAD18A5F7A3D491EC7B551171B8EBFAD1B3BF14BDFF00C8A31D714009D7A6783460FE54BE9ED4BC7B75CD0171BCF000F6A500FE9D697EBCFF002347AFB7B501713FCE68EB81C9C77A2979E07FFA8D02B873C76CF5A063823BD1C7A60F4A3DB8A005A4181F5C73DE9DC71D29B903FAFB5020FE2E7FFAD47A7F9345071FA7514007D4E0E68E3F314EF4E98A6F07A63DFB5001D3F1EF49FC3F5E7E94BE9FA503EBC8E28003D7A75E3D29C7D7DBA5378E99A33C7D3A8A0619F947F5E33477C7FF00AA8F4FA51F414007AFA0E9C51F514EE79E9F8D37DB1F95020F5FD28C8DBCF7A3EB9F6A07DD39E45030E99CF6A3D3A7E028E9FCE8FF000E28106477EBEF467E5FD28FE1E28E79E98A06071CF07A53B82C393ED4D3D063F9523C8B1C6649595235196666C01F527A5003AAB5FEA365A4D9BDDDFDD456B020E6490E07FF005CFB0AE375DF89D6506F83C3F10D4661C1B8725604FC7AB9FF00778F7AF3EBFBDBCD62E85E6A978F793A9F9038C247FEE20E07F3F7A762A306CEA7C43F112FB55DF6DA1092C6CC8F9AEDC62693FDC1FC00FA9E7D85723146B16703E662599C9CB39F524F527AE4D2E727A9CE71D73484E15B240519CE78A2C6F18A88DB8B916D197232D9C228EACC7A0FC4D32CEDDE18829F9E673BA461DD8FF874FC2A2B6CDF5CADDEDFDD20DB0A1E73FED7D4F415BF6766B11DEE01931C03DBFF00AF43635AEA49656AB6E819C0F331827D2A19236BDB9249610A1C0ED9AB79F4C1E792453B20AE3B939C9E6A6E58E08A001801178000E940EFC609F6E94DC8DC09EB8CF0698EE91A9918808A09627A01DE96E066EA28D7BAC5B5A03F2400CD29F427E55FC7A9AD61B428C03851818159DA3FEFA197517521EEDF7283D55070A3F2E7F1AD0CA819DD8C5312EE3860F3D48EBED4848E31D3A1C0A670719EFE839347392076E00E98A433175506DF598661D2EA2DA47FB4BD3F427F2A4CB7F7BF4AB1E2043FD9A2E30336F2ACBCF5C6707F4350E63FEEA55A22F666A58DF47A8DAA5D439DAC48C1ED8AB231C12DEC73C565DB46BA76ACF6AB85B7BA5F3225EC1D78603EA307F035A43B7FB43BF350CB4F41DEB9E1BBF6143E5D4A7AFA8FCEA3CE0000900F7A7E7AF6F422981896521D2F557B2948105CB9688F5D927A7FC0B19FA8ADBCF5C76E2B3358B34B8B6F9970A78241C6D3D88F706934AD40CCC6D2E8817710C96C604ABFDE1FD4763435D494ECECCD4E4F53920671E94D96359536B0DC08C7BD1CEEE781DB34A3EF64F6E7D33414655D5934392143C6473C64E3DEB47C33E2EBFF000B4C9032BDEE939C1801CC900F5427A81FDD3F853B27BF4EFCD56B8B08E505A2CA1CF38E869DFB9328DCF61D2F55B1D66CD2F74DB94B881FA321E9EC475047A1AB5C74E78AF08806A1A25F8BED36E64B49F3CBC7CA483D1D7A11F5E7DEBBFD03E26D95D04B5D75174EB93F289B3FE8F21F663F709F46FCE9D8E6941A3B8C2F3475C522BABA2B290508C860720FD3DA97FF00D74890E371C7028C77A3F87EBCD1DB38FAD001E849ED4EF5C7E069076149FCBAF02800E78F7E69DC7FFAE9BFC5FCA8F7FC28107FFAE8C7F9EB471B738A3F0E940C0E7AD00FCC7FAD1DF8C67A51FC5E9C71400633C679CE68F4C7E140FF003DE81E9C5001CD3BFF00D54723AFE54DFF001C034080D3813C73DBE94DE7BE3F0147B9CF1F85001C9A3D3DBBD1FCBF2A3042E73D3B0A061D3347B51E9F9D2D02108CFF003E29383DA97DB1F90A303703F8FD6800E78E38F7A3D8739F5A0FAFBD181F867B5001D00F4F7A3DFF00C8A319E39F4E05656B1E27D1342C8D4B51861908E210DBA46FA20E68035477FE74D9658E085A59A548E35196772140FA935E6FAAFC53B99919343D33C90471717DD48F5118FEA47D2B8DD4AF6FB5A984DABDECD7AC0F08ED88D3FDD41F2FF3FAD3B16A0D9E89AC7C51D36DB743A25BB6A920E0CB9D9029FF0078F2DFF0107EB5C16AFAC6AFE207DDACDE99E3072B6D10D90A7FC047DE3EED9AA3818C0E02F6CD195E3A118C9C516368D34B71DD5B382063181C629791827381DA908F980A6E475EBCE4E79C533424F5E091DC8FF3DAA96C7D55C451EEFB329C311FF2D4FA0F61EBDEAF7D88DE82841F298618F418AD4B5B54850450AE4E30001C9F4A4D89AB896B66B6EA09C6FC6010381F4AB1F305CF539E6B4E3D0660BBEF6682CE36190266F9BFEF91CD27D8B4ADA47F6BFCC38E216DB52D362E74B4467073C6383ED4D1845E00F515A536893242D716B3457B0A8C9684E4AFD41E71599BF3B720FA72324D2B149A7B0BE817B9AC9D5A56B89934B8891E761A761C154F4FA9FE556B53BE4B1877005E590ED8A307976FF01D6A0D26CD9049753B069A56CBB9EA4FB7A01D00A6909BBBB234D0048C22E02818181914864C63F203A75A320719C63900FF009E950492FF00A6431649C65B83D3B0A2C5163396FAFE54E19DBDFDB34C18E7191CE7D28E3918EF9C8A56012E211716D2C0D93E72329C0F515E7FE5EA7FDD7FCABD0724AF07827239E94CFB143FE4D512D0CD4AD9AEADBF72409E261242DDB70E9F81E47E34FB2BC4BDB45B95046EE0A91CA91D47E072295265946E439573818AA24FF66EA5BCE059DE38DFD8472FAFD1BA7D681BD1DCD4CF420E3B0F6A6F3B4FBF27069BCF20E28DFD33DBA9353618385910A38386E08ED583756A5DC297292C4D98E543865F422B7B3F29033CF407BFAD54D461678C4A0FCCBD40F4AA426AEB521B1D5B7B8B5D436C5719C23838497E9E87DAB4CF19519EBCE6B9E9228E4431BA2BA3762334B05D5F58AFC8DF6B841E2391BE741ECDDFE87F3A1A15DADCE809F7EDD4D23F20861CF619C553B2D56CEF5CA46FB241C98A4055BF2EFF00855BDF86C7A70726A6C55D3D8A4F71259B1470D244C7863DBDA964B5B7BC42D115E4608C647E22ACDC46932146DB83CE7A62B24192CE72A09054FE06AD08BBA66A5AD786E6274DBD9228FF00E7DDBF7901FF00809FBBFF0001C5761A57C538C858F5CD36481BA19ECFF789F52A7E61F866B95B7B94B843C00C3AA9151C9670C8DF2E51BB951D6919BA69EA8F60D375ED235703FB3F51B7B86E9B43E1C7D54F20FE157C8E80F0D8F4AF9EAF74D9AD6437D6EAB22A8FDEAA70C47F787B8F6EA2B4F4DF156BF6288F61ADCED080088E6226423FE05C81F4229D8C9C1DEC7B97A77A3EB5E5F6BF157578B1F6ED1ED2ED71C9B794C4C4FD1B23F5ADAB7F8B3A049B45DDAEA368F8CB6E83CC51F8A93458869AE876DF4F5FA507F120F5C76AE7ECBC7DE14BE04C7AE5B2303F7676F28FB70D8AD68B55D3AE1808350B49091C049D5B3F91A405AFE947A9A51CE08E7B8C1CE6821BFBADCFB50213AFD3AF347D7A5051B8C834701BF4C5001F4E9D452F3FE4D2F3D31F4E29BC6EFC2801DC727FAD3481FAF6A391D7F4A31FE7A5030FE2393F4A3F873DC51F951C73D3F0EB40074FFF005D1CFAFF00F5E90BA7F780FC71486541FC439E87AD016649FE18FAD34545F688C370093486E5BFBBFAE695D0F9593671E9413EDCD563349D7E519151659D4649CFD695C6A05C3222F0597F03CD723E29F885068773269DA7DA9BDD41002E1CED8A10791B8F5248E768FD2BA17758919DCFC8AA5893C741935E142EA4BE9A6D42724C977334ED9393F31F97F2181F8535A94A09BB1ADA9F8B7C49AD02B75A9B5BC4DFF2C2C8792A7EADF788FC6B1E382389895401DBAB9E58FE27AD38E3939F6A01E72491EFE9566AA315B073D0538676E0F7ED9C8A660EECE09F7F4A52719EF8E05050FE4FB0EF9E29B9E3BF5EA29A481D7E98A5041CE3918FA134C0781F2F078C7268B22D73A808563568A11995CF627A0FA9EBF4AAF712BC683C91BA59182C4B8EA4F4FC0727F0AD9B2B35B2B45B746C9CE5DC8E5D8F5352C16AEC5D8619269A38204DCEC76851D735A77BA85A786E236F68564BE23124E39D87D13E9FDEA8B4D97EC1A56A1AA003CD850470E7B33719FC003F9D73D6D1BDC39BA9C96E78C8C034225FBD2B7445B49AEAE6537372EC49E761393F8FA9A9727A67A7E18A673B47600FA519F946483EB48B4AC58B6BCB8B3B859E0959181C82A78A97C417FA6A5847AA02A92C8FB24B64FBC5FF00D91E87F4FA5645F6A30D842A5B2F239C246BF79CFF0087BD64849A6BAFB45C90D31E11472B10F45F7F7EF410F7D3727B4866BDBC373758F318630065625FEE8F7F7EE6B6B0130AA085030307A5436F6E96F185EAC4E5CFBD4C727048CF6EB4169590A38C0F41D4F7ACD925C6A41C95F9580C9E82B43F88E38C718EB58D21CB33671924F34C6CDC4201CF3EFC74A06338C8E0F1DAA0864DF0A31E4E3241E09F5A7C72091885CFC84A907A8A403F8EE0E4FA54B93FDC3F954248EBF91A5C37A3D3199D6336C9761E8E7B7406AF5C5BC77904B6D30051C107D7FC8EB5920846DC0720E4735B08FBD4329FBC33F5A1A256BA197A3EA2F36FD3AF09FB5DB12993FF002D00EFF5E9FCEB5724B0C0E7DF906B9FD4ADB3ABB152633244B3238E0ABAF048FC315A1A6EA46E7FD1AE404BB5192A38120F55F6F6ED4894EDA3347E5E48FA814704F4F94F6E94D3EBC03D39A090727D78E0F4A6599975088662547C87A76FF38A830370E0E7393835AF3209A22840E7A1EE2B1E58DA272AC0EE1EBC8A684D11CF0C7326D99036D3F2E4723FC296392FAD5BFD1AEBCD40788AE06E1F837503F3A5F7E7F0A5F5C0FA1A08B1623D7962E2FAD9E03FDF5F9D0FE2391534ED0DF4026B69125D8396439C8FFEB5500E78E39FCBFC8A8A5B688CA1D018E43D1E362ADFA75FC68B0EECB2923A38643861D0E2B4EDAE05C424F01C7040AE7CFDB2DDB861771E738FBAE3FA1FD2A7B4BE477CC2C772F0E8DC11F51431A7DCDF0781F4F5AC8B9D396D6E5A6B725619B931E380DDC8FAFA56A87474DC3EE30C8A8E61E642E87A91C0CF3ED490DAB98E9224912B232B0C751D07AFE34EDE7AE73E983D6A938FB2DC8232209DB0CBD91FFC0FF3AB7C7A75E3EB5442771CE32A0B6D391DC671501B2B46C31B684B03CB1402A63DF1F4DD8CE283F7B18EDF9D03B22336B08E9E62E3A6D95863F2353ACB731710DF5EA71FC1772027F5A8F07E9E9814BD48C9C67A738A44D9762CC7A96AB10CC7ACEA6A4719FB63F3F99AB16FE24F11594C27835DBD7753F72794CC8E3D0A9EDF4C1F7ACD23E6C9C8C74F5A5E73C753E94EC1CABB1EB9E15F1727892CE40C05BDEC007DA2DC3671E8CA7BA9FD3A1ADE32498FBE7AFAD786E99AAC9A1EB36DAAA93B617DB70A0643C2DC3FE5D7EA2BDBC6D750548208C8239CFF00FAEB36AC4DADA0EDF27F79B3DC6682EFD0B1FA669304FE1FE4D07D01E2A02C04B6EEA7A739E68EBC73D7D68F6A071D3BFA5031073CF24F518A53839E32074A5E8DD3AD211F291EFD7D28013233CF19A5E7D79C518E98CFE3473DB22800E3FC73460EEEA28E39C75E838C668390DC628031FC5F3FD9BC1FAC4D920AD9C8030ED918FEB5E3A8823444CE36A003078E38AF5CF1BA19BC13AB2282736F9E073D467F4C9AE0F58F046A5A4837362EDA9DA0E5942813C7F80E1C7D39F6AD2225249EA60670B8F5EFD7E9417EF8231C8ED4D8E58E45DD1B06423031C63D7F1A773F4F5E722ACD05F98700F3DFBD1CF6C7B102909F9881C91ED9A38DDC8F6F5A005C8C8C9E839F7A3249C67A0C7349EB9E83A7F4A8AE6530C0EFCEE030BEE7B7EB8A00B5A5C46E2F5EED81D90130C5CE32DFC47F90FCEB4AE26F261DC40C8E002719A8ECA1165651DBA904AA7CE4F73D49FCF354EEA6334A4E06C5E0773FE7AD48D688D9D02FE0992F74DD44B0B7BC01BCC033E530E87E9DAB48F86AF760FB1B41751740D1480FE879AE7ECA3F2ADC1FE2619CFA0A9FCEF250B99022A8C96DD80077FCA826CD6A99A72683AB46BF369D3AE0F3F2E6B3F52B5D5ACA11E4E9771248DC0668C845F73FE02B2E5D7F52B9C2D95D4D1403ACFB882FECA0F41EF56E1F126B516026A7390B8E19F229D85793D8C910BC533CB705A4B86FBEEE304FB01D80F6AD4B2B6D8BE63E77F6CF6ADBB3F107F69A84D72CE1B98DB812AA84947BE47F5A8F56D3869D70BE549E64132EF864030187F88E94869D9D9A29F45C8C75C7AE69792DD783D327F3A8F3D79FC8F4A70E71C753F5A0D064B2A45049231C05525883D303359D616CFA8DD5BDB40A4BCEC028C60F352EB6FE5E8F7001019D4463F138AD7F0FC6BA4E977BAF4A30F18F22D011D643C13F80E69A339BB326D5AE2D3FB44E9F66AA22B28D610E063791D4FBE4D6487F2F5060720480102A8DBCCC93895D886639627BE7AD4F7AE22B98DFB81926914B45634383D4E3EBFA53F29FDFFD2A3C839233D73C76A33EE3F5A0A31B2777CD827A9C1E6B5EDFFD42107F872463A563020A83EA78AD88BE48914F04281F5A6C94656ADCEAD67807FD4C80F38E322A19A2599006DC0A9CAB8E194F620D2DCCA26D6256524AC082207AFCC793FD053B93CFBFAD089D1DC9ED75778710EA4719385B9030A7FDEFEE9FD0D6AF1D46086E430E73FF00EBAC3C02A777DD3C1079CD16B9B2DC207611B7222272A3E9E945869B46EE460E07518FA557B9B75990F1890720FF009F5A8E2BF490E1FE4278E7A1AB59C80D9EA79239A45EE62B868C9041047041A3A824F3CE339AD2B9B659865481228C027BD66BEE43860460E08AA25AB09D7AE7AD2E32DB7BE7E99A4CE7A8EA71D3A5203DCF5C719A042E318FCC0A8A6B74B8C64323AFDC917823F1F4F6A9093B80EBDB34B81F90EA3A1A009749BD7494D85D63CC6E6371C093D7E87BE2B5C64F1D8FE95CFCD0ACD11462579C861C104771EE2B4F4CBE7BA80A4FC4F0B6D90763FED0F62306A58D3B68CA57B1233CD0BF2ADC1E3B1AAB692398C46E419223B1C9EFEFF88C1ABF7B933F3D48CE7B566BED8B524970764E983EEC3FC467F2AA25E8EE5BCE1B83CE33CF5349C0F7E7BD1D1860103B12290938C13D6818E19E3B01D73DE8CFD4F607BFB521C0C11F53DE9B93B80278EBCF5A0071E7A1209E9EF483CC2F1A431349248E1628D172CEC7B0F7A5240C92401D739C015D4683A15DD9F875FC4658C177A8491DA69C4AF30248E14CBEC48248F603D682252B2134EF8757FA8C25B51D4A2B68D815786DC095876219CF008E9800FD6BBCF09DC3DD784F4B9DC9DED6A8A73DF6F1F9F1516CD37C37A239451059DA445CE7A9EE4FBB13DFB93537852DA4B3F0AE9904E08916DD4B82B8209F9B1F51BB1512D8CA2DB7A9ADEBEFF85046383CF38E7AD27F17D452F5500FE39EF599A873CFB0A0F6CE7FC68E07A7A7D2938FAE79A005CF6C8E7DA8F4CFAFD68CE3A73C74F4A0FF009C500185E3B71C527D07B7AD29CF1D718EFDA93FCFD68017195FC33C8A4C7FFABAD19CA824F3471CFF003A00ABAAD92EA7A45EE9E58A8B981E2C8EA370C0AC5D26FAEAFF00C2905DDA8517BF67D8165190B328DA4363FDA535D28F6FAFD2B93D4E497C233DEEA22079F49B83E6C8B12E5AD673C676F74738E9D18FA1AB8BB68673575731F55F09BF88F448BC4FA1C021BD9210F35A8E05C7F787B383919EF8C1F5AE1D1FCD0180201EB9E083DC11EA0F15EEBE18B1974DF0CE9F6B7036CE90832AFA3B7CCDF91635C1FC45F09B584F2F88F4D8BFD1E639BF8917EE37FCF51EC7F8BF3F5ABB85395B4670E39EDD7F1CD2E40C0EFD08E9481C63AF1D4F3D680707239E7AD337179FC473F5A8D97CEBEB4808054CBBD81EE179FE78A70E3924F1D3069D6397D60138DB1DB920FB9603FA5027D8D1BE984708419CB751DF1DE9DA0692758BF1097F26145DF339E7628FEB546E65F32666E48E8302B73C232A4B2EA1A5ABAADD5DDB11083C6E65E71F8FF5A41376445AD5FE9B67317B689A3831B628C9DCD211E83D4FE95CFCCF36A2E1EF085887296E0E547BB7A9FD297ECF225D3BDDEE7BA1F29257013D947614B903807BE7D714585BAD4711EFC7503AE2AC5B5B999F2D9D8A7F3F5A8608CCB2051919E4B62B500D881400028C01DA865A43FD3030547181915B3A8E53C39A52BFFAC2646507AEDCF1FAE6AA693A649A8CC59C886D61F9A598F01477FA93D315D1496767AB20B97B3BD78957CB896301551074C67A93D7F1A444E6949791C78C9527A9C7E546463D73CFA56C3E99656FAE4D617373388D48588C51EE6627D7D3145CF85EF2DD6E9834662B72D862705C038240EF8A0BE74731A946F79716361029692E27C851CE76F4FD48AD6F155C476EF6FA1DA9062D3D30E41E1E53F78FE7C7E149E1F0B6F79A8F89265062D323FB3DA83D1A66E78FA71F9561A6FBABB5DED979A4E58F3824F3FAD3467BB6FB0CE318E71DF153DCC8D2792DDDA3073EB5B69E1373E2392C1A726D6DD43CD7046004EFF8D74D63E1DD3BC690C9347235BDB5A7EE2DC201CE3B9FAFF5A01D448E3A224C284E0E5473DFDEA5CB7AFEB5D06B7E0B6F0FE92975F6A59361D8CB8C75AE6FF77FDE6FCE91AC5A92B99708DD3AA9C90C73C8CF4AB77F7FF62B7DC9F34AE76C484753FE03AFE1515AFF00C849BEA7F9557D47FE4356FF00F5C5FF0098A6C9E8436F188220A0EE24EE76F527A9A9067827F1F4A73FDE34C8FEE3FD2980B92189EF8E99A0632318F5C7A50DD4D28FB87F0A004EA3181EFC53A391E3395623BF1D29A7A7E34BFC5F85005B8AFC16C4CBD3A103352C91457A3E46F98747EE2B3FB8AB163FF1F87FDDA43B90C91490B6D7073DB8E0D47EA323EBD6B4EFBEE27E159A7EE0FAD340C4CF4E383C7A519CFE06953BFD690FDEFC2810848E7009C9A2190DAEA70C808027061727A13D57F1CE47E34E7FE0FA54327FAEB7FF00AF88FF00F42A04CBD7C41B818EC323B5665F710A4D9FF572AB7E19C1FE75A9A9FF00C7CB7FBA3F9D65EABFF20D9FE8BFD2843916F38C9FC71D73487239CF03A503F87FDDA1FEF0FA5001D79CE4FE547BE47AE0D29FF583E94B1F6FAD006CF843C32DE29D60C7203FD9968C1AED870243D4463EBD4FA0FAD7ACF883493AAF87EE34FB72B0CAC81ADCF40B2210C9F802A07D2B0BE10FFC88C9FF005F73FF00E875DB8EA7E952CE66EECE0744B593C4C22D6759642209488F4C8FFD5C12A1C13267EF38238EC3B03D6BAB2496F73D4E6B17C3FF00F21FF14FFD8453FF0044A56F9FBE7EB59C9BB971D887F8B8CD04FA0FAD4DE948FD07D291647F5E28E47A7D2A6F5FAD20FBBF8500458EFC628F4F7E2A44FB8FF5A73F6FA500420E73C8C74FA5277F5EDC53FF0089BE86A43F747D28020C1E07A528E3DFFA54AFD07D693FC68022FE2FC3F2AC3741E25D7D2CA33BB4CD266125D367226B81CA45EE173B9BDF68AE887DD3F4AC2F86FF00F226C5FF005F171FFA35AAA244B63A5FEBD691D55D0C6E03238C15619C83D8FB1A9C7DD1F5A3FC6A8C8F14F1AF8365F0BDC3DF58C65F4691B381C9B427B1FF00609E87B743EB5CDE7A1CF071EE2BE80D77FE4077FF00F5E927FE835F3C699FF20B83FDCAA46D09327F6FC49C5164FE5DF5D9E73F675233F534E4FE2FA5323FF8FCB8FF00AF74FF00D0A99A3DD115CCC618812ACCEC70883AB1EDFE34EB112D94A2E9653F6ACEE320EC7B01EC2A19FF00E42B69FEE3D5A1DA816ECEA1F51D17C4A80EAA4E9D7E4006E517292FFBC3B1F7A85FC157D265AC6F2CAF23ECC92807F235CEFF007AAEE99FEBD3FDFF00EB489775B1BD6BE11D4A18F12FD9E32796779D401FAD59163A3587CF7B7FF6A703221B7E87EAC7A7E19AA179F78FD2AABF41F4FE9498E2DB5B9AAFAF2DC5E5AC2D02C1A7452026DD3A11DF3EA6B606B1A5DB6AC9A84FA84B7AEAE3CB8A342A912F6FC40EC3F3AE407FAB5FAD3BF80FD4D05BA68D94D474EB6D7DF501E7DD46A0BA07182F27A9F41DE9C9E21B7B88B519759BCFB3FDA630B1CBB3704E7EE803D6B0C7DE6ACED73FE3DACFFEBE93FAD04B82B1D1C771E183E1EB2D326D46F1638373CA120CB4929EAC79ACAD44787E2B657D2AE2F5EE15C1FDF280BFA77AC8FE1FC69C3EF8AA263137B55F185C6AB61F654B78ED4385F3991B9948E067DBDA9BE16F16DCF866E4955125B48732C7DFF0F7AC3FE0A5EDFF0003A4572AB1D76BBE2BB9F112A129E5DB839441DFEBEF58F93FDE5A6D97FC7A475787DD1F4A46918A48FFD9);
INSERT INTO `post_image_data` VALUES (4, 0xFFD8FFE000104A46494600010100000100010000FFDB0043000A07070807060A0808080B0A0A0B0E18100E0D0D0E1D15161118231F2524221F2221262B372F26293429212230413134393B3E3E3E252E4449433C48373D3E3BFFDB0043010A0B0B0E0D0E1C10101C3B2822283B3B3B3B3B3B3B3B3B3B3B3B3B3B3B3B3B3B3B3B3B3B3B3B3B3B3B3B3B3B3B3B3B3B3B3B3B3B3B3B3B3B3B3B3B3B3B3B3B3BFFC000110801DA01DA03012200021101031101FFC4001F0000010501010101010100000000000000000102030405060708090A0BFFC400B5100002010303020403050504040000017D01020300041105122131410613516107227114328191A1082342B1C11552D1F02433627282090A161718191A25262728292A3435363738393A434445464748494A535455565758595A636465666768696A737475767778797A838485868788898A92939495969798999AA2A3A4A5A6A7A8A9AAB2B3B4B5B6B7B8B9BAC2C3C4C5C6C7C8C9CAD2D3D4D5D6D7D8D9DAE1E2E3E4E5E6E7E8E9EAF1F2F3F4F5F6F7F8F9FAFFC4001F0100030101010101010101010000000000000102030405060708090A0BFFC400B51100020102040403040705040400010277000102031104052131061241510761711322328108144291A1B1C109233352F0156272D10A162434E125F11718191A262728292A35363738393A434445464748494A535455565758595A636465666768696A737475767778797A82838485868788898A92939495969798999AA2A3A4A5A6A7A8A9AAB2B3B4B5B6B7B8B9BAC2C3C4C5C6C7C8C9CAD2D3D4D5D6D7D8D9DAE2E3E4E5E6E7E8E9EAF2F3F4F5F6F7F8F9FAFFDA000C03010002110311003F00F622E431F4A4DED43FDEC51400073D7D69771F5A4FC781CD21EFD2801DB8FAFE946E6FD693FAFA573DA87899A4BD934BF0FDA8D4B5243894E7105A9FFA68E3B8FEE8CB7D3AD006178BF53863D4E69679D218A05119773803BFF335434ED275DF1080D6B19D32C5B1FE97751E649077F2E33D33EAD8FA1AE9748F065B5ADE7F69EB137F6A6A6496F3245C45113CFEED3A0FF78E4FBD6DDC6A31C7955F9DBD49E056DCEDA4A22D8A3E1EF0C697E14B6923B2126F98EE9A795F2643EA7B0FC00AB936A8A9C440B9F53C0ACF96E2499BF7ADC751E951F1E87EBEB49416EC57259AEE49892ED9F6C74A87CC6FBBC75CE314D2FDC75CE29BBCE4F273D338CD68925B087177E7B1A42E769E73DB14C2FF002E3A0E3A734D24EE001E9F866980F1211C671C71DE9BE637041F63C66A327F887073D3B5373F2F43C1F5A7626E4A656C1191CF1D2A3327CC391F8F6A8DCAF270704F4ED4127B907D6AAC21C64CAE33C0E4714DDEC396CF1D463AD30BFCDD8607AD35DF1DFA8E0F4A603CBB03BBB9EF4CC90A00C0C9E7BE6984839C679381DE9A7B73F30EB8A007798DC827AF27D699BC86C83EFC0E693F87271C75F7A4191918E838E298084F5E78C53792DCE720638A71C0EDDFA51B01CE01E7DF34C91A492BEBC633D334D1BB8E808E69D807007A52E0ED27B7738CE28B811E0F4CF39E940E303F0E6A0BAD534EB2CFDAEFADA12A395794023F0ACD9BC5FA3A656DCDCDD90320C30120FD09C0A4E496ECA516F646D64BE7241F5C77F4A53CF5CFAE2B9893C612941F66D1DF1D8CD3AAE0FD066B3AF3C5DAE46A8DB2C2DE267C17556729E99C9E950EAC5752D529763B9D8DBBA138E29D8254F523183C5706FABEB72E59F57743D0F930A281FA1AA8E6EA6C19752BF90F4C1B96507F0152EB2E88A5424CF480841239CF5C7A544F710C78F327853279DEE0135E6E6CA12E4B095C83C9695CE7F5A3EC568001F66881E9CA86A9F6DE452C3BEE7A39BDB319DD796E3B8CCABFE34C3AAE9DD3FB4AD064F24CCBFE35E79F62B50DC5AC381D311834EFB3423A4118E300841C52F6EFB15F57F33D0D351B17C817F6A7B8C4CBFE353EAF6161AEE876B736DAADBC1AA6985CC0E2456041FBCA509E4118F7E3AD7999B5B53856B68BF140690D8D9F39B5848CF1840054CAA5EDA0D506BA9D6A49AF8031169D3803EF2C8EBBBF0C1C7EB572D9EFA4426FADE381D4E008E5DE3F50315C21B0B5DBC43B475011997F9524915DC2A24B2BCB98E453928276C37E75A2ADDC1D268EFAE6E12D6DE59E66DB1C68CEE71D854D61E15BFD62D21BED4F529ACBCD50F15A5BC484C4A795DCCC0E5B1C9C6076AF3D9751D4AFF4D9A11A94D32488C8F1CD1A923DBA641F7AF5CF08EB116B5A05B4CADBA548C2BE4FCC78C67F1C63EA2B9B135E565CBA0E14F5D4E7F52B0D53C35109EEEE1750D30101AE047B25833DDD47057271B8631DC77A937F4C107233B877AED6444943432A2BA382AC846720F1FAD798E937D696B0DC69CD7B103633C90A799200C6353953F82E07E15784AEE578C89A904B54695FDEC3A7594975704ED51C28E4B9EC07B93C573D671CE0CD7577B7ED174DE64AA3A27180A3E8303DE95EE9F58BB4BC6561670F36A8782E7A190FF4F6E6AC1EE01E9EBFAD555A9CCECB635A50B6ACC9D6256926B5B5ED9F39BDB6F03F53FA542770271F4CF7A2E8F99ACDC1C8FDDC688081D3F88FF4A5E31C0C1EFEF59234DDB6347B1EBCE0F14EF6E31E99A4C6307F5C5182477C1EC3A53013279C74F7FD6B4ECA3D96E1BBB1C8AA3146657540739383EA3D6B5C03C05C71C006931A141E3A8F6A40E7B76E8314B8E4E319CE0678A318273D71C0E98A918A4B3E189E9C0E2AA6A08658E180004CF750A05CF272E3FA0AB3EA73D79F7A934AB637DE28D2ED8E4AC2CD76E00EC838FF00C798537A2149D933D28B9F31B1EBDC714BF27BD33E6E7AF4CF3CD3BE7FEE9AC1A39CD0B7D7F4BBAE56E950E7A4836FF3ABD1CB1CAA0C6E8E08FE16CFF2AF343CBE01EA31F5A11DA27DC8CC848EC48AF49D05D198DCF4E03DAA0BABBB6B1B57BABB9D2DE0897749248D80A3DC9AF399BC4177A6A03F6CB925D82C51212EF2B1E8AA3B935BDA4787751D55A2D4BC5B29B896321EDF4E2DBA2B73D8BE3877F73C0ED584E1C9A36171DE76ABE30044267D27436E3CDFB975763FD9CFFAB43EBF78F6C56ED9D9586896096B650476B6F1FDD441D7D7EA4FA9C9A9EE6ED61C8CE643FC3E95912CCD339691B9A231B8364D737AF3700ED8F3F741C13F5AAD9F41924F4348493D3EF6783DCD04FCA7FC715AA8DB624338538E3EA299901BA9048E71D291CF1918FAD30B83F5EBEF55601C5F1D71C9E86999C7A73D79EB4992189EE073CE2A324F273FD29A42B8FCE549F4E83D29BE6281D7DB1D698E78E071EE714CDFDF07039E383ED5562473B9EFE98E69A481EA33EA69AEE79C2F0474EB4CC8E3A6074CD301F9CE7E94CDF8278E3B9032690FB1C93EF49BFD4F1D47AD003B241EA06E38E94DC9FC3BE29BC724E3F1A518DC01F4CE4500079C7236E39E702938385EDDF1D68EB9E3183E9D2B3EF35FD3AD66FB399CDC5C671E45AA99A4FC97A7E38A1B4B70B5CD0C13EC01E7B7D28E7200EA4E302B2E397C417AFF00E8D61069D19E44978FBDFDBE45E9F89A953C37F69C9D5354BCBECFFCB30DE4C5FF007CA73F993594AB456DA9A2A72617BAD69B62DE54F7F0F983811A9DCE7D3E51CD634DE318B691A7E9B75704FF001CC042A7F3E7F4AE824D1ECAD34ABB834DB586D24781C2B44BB581C1C73D739AF3EB493CDB38653CB322924FAE39ACDD66F6358D157B3669C9E21D76E3387B5B356E8228FCC61F8B77F7C567CA971799FB65FDDDC8C73BE6214FE03029E403818CF39CE6908F4A87293DD9BAA715B2218ED6DE251E55BC6B9FE20A327D6A7E791DBA01DA8E78F5F63CD2756C6318E08EF525A496C21C7278F5EB8A695592321D430618208CE7FF00AD4E19E98C76E39CD1FC5D7A71EC68194ADCBDACC2D2425A363FB972724FAA9F71FA8AB847423B74ED51DC429730946C8079041C153EBEC45456D70E1DAD6E08132F21B3C483D7FF00ADDA82569A16761F4C963E980284C73CF4F6EB47CDC01CE4FE228F9BB6067B1E6828403E6C0DA7278C9C13475E4752707BD2E0F63C8E9498C7A918CF27140011D36E33EB9EB4879EC38E9DA9D807E806063F5A4E368E9F4A006FF08CF1EC052E3A7A671C52F4E3B76A5C1EB9E0738340152E2D9FCE3736E76CA060A9FBB20F43FE353E8DAC5DE9331BBD30B152DFBD809C321EF8CF507AE0F1E8697EA41F6E86A09ADA42FF0069B72AB32F1C9E1C7A1FF1ED49A4D5990D75474F71F12F529ADDE1B7B5904C46DC98767E649E31ED5CA1B049ED8A5CE1E4725D9C2E1B71E491F4E9535BCCB708782B229C3A1382A6A7C740700FA9E9531828EC0927B92E9BA9BBB8B2BC0AB700651C70251EDEFED5ABB18F5DBC9C9FE95CFDC5B25CA046CAB03B9594E0A9EC47BD5FD335392573657647DA946437412AFA8F7F5154CA4EDA328B9FF8995FEEC0FDEAF1FF000018A70CF1E98C0EF4B729E5EB774391BD2371EFD41FE549CF3C0F4F5CFA5312170DB47704E0E3F4A4C9DC3B67B8A51F7867078FCA9D81B8E71C7A9A0A2E69D0B043311CB703B62AF8E187DDC1ACC4BE7D802AA85031C0E949F6DB8FF9EBC74E1690D334B078E9F5A5C63BF04E39E49ACC8BED572480ED80796DD802B42DEDD618C8DC58B1C124D0171FCEE1F4EDDE8F0F832DFDE6A40B0527ECD0B06C6557EF1FC5BF9556BF924D91DA5A8C5D5D9D910E9B7FBCE7D9473F956F59DAC563670DAC20F970A051DC9F7FA9EB5D785A7CCF99EC8E7AD2E88B02493FE7B3F0791BB91526F93FE7B37FDF55060F3D727A714FC1F51F957A3CABB1CFA8A7BF6E7A62AB5CDE792F1C10C2D717772DB20B68CFCD29FE80752C7814B7B72D6EE90DBDBB5D5E5C36CB7B743CCADDFE807527B0AEC7C2FE165D111AF2F5D6E754B85C4D7007CA83B4718EC83F5EA7D2B86A54E5D16E222F0BF84BFB2E41AA6A8CB75ABBAE0B81F25B29FE08FDBB16EA7E95BD757AB6FF002AF321FD3FFAF45E5D792BB53FD61FD2B24BE725B927A93CE4D7324DBBB06C1CB3B12C7258F249E4D47C9E7BD193B8E474E7D29A721B924E39C74AD44048DD9269A4F6E9CF4CE0D264923A60F63DFD6985FD00233826A9210E2FED81EB51E7F9E0734D77F98FA1EA00E94DCF7C8CE73EF4D2131C5DBD893CF15193DF3CF4A32431EBC1CD3491DCF19EDC66A842F3CE7A11D7351924B7A13C63A526FCB1E428EC3D29093E99E7A818FA5340293823E5C923239A427E603B118F4A4247206015A304A9181EB4805EB918EDD05273B8019CFD2B3F51D734ED1DB65D5C812B0CAC2837C8DFF011EBEA715CEDDF89757BDE2D235D3A1FEFBE1E63FD17F5A9738ADCA8C252D91D5DEDFDA69B0F9F7B730DBA671991B04FD3B9FC3358D1F8A25D4EED2D745B405981DB71784C4A71D76AFDE6F5ED5CC25AA09BCE72D3CCDC996662EE7F13D3F0AB5632797E23D1DFA0375B0E3BE5581FCEB09566F6D0E85452576CEB07871EEB0758D4A7BD04E7C94FDCC23FE02BC91FEF135AD6B656B61008AD2DA2B68C0FBB12051FA77A97B8DC7A1EF49DB83C93D875AE7726F734514B641C6EC719038A0939C67BE0638A3E6CFF000FAE0F1473DB8C1EFD68283F88003F4C015E5561CE9F0FA60E7271DCE2BD465916282494903CB42C73D3815E5DA703FD9B003C650120F6CF34D02DCB1C73C704F3C51C7F41DA9793F9E28C0E78C81C714CD06F017A64FA1A518F4C1EA68387C7049F4A10138500649EC298098F980C8273D8521185FAF6A5CE723A76C52804A938C85EAC39C500347041C83EF505CDB2DC44304A4A8728E392A7FC3DAACE006E841CE471814D393CAF739C1E28135722B0325E3B42CAA97117DF42D8CFFB43D41AD11A6CA583175008CF1CD50962F31D27824F2E788651C8CE3D8FA83E95AF61A82DEC6C197CBB88F89A3CF2A7B63D41F5A4DB40BB3213A67732F078181C1A7A69B183F333118C7A55CC753DBDF9A5F97078FC3AD4DD95633E4D347FCB027207F11CE6A9C90C911019369FC87BD6EE31C81F5C77A690A720E083D723345C2C609078EDDB27BD03B8C7038C7F2AD29B4E8E4FF54769E9CF22A9C96734791B37AF72A335571588A3085C072541E0B75C55CFECC62A489073C8217AD532081D075FAE2ACD9DE7D9F08DB8C79C7033B7D7F0A1F9015AE746BA2C2E2DB6ACEA303271BC7A1F6F7ED504332CD9528C92C6712230C143FE7BF7AE8B2A406041079183906A8EA5A71BA61716CCA9771AE0123E571FDD6F6F7ED493EE26ADAA28F1C63AFF002A86E2DD6E507CC51D4EE8DD7828DD88A2197CD0E194A48876C91B70C87FC3DEA718DC3F51DEA83468A525E99AFED4DC00976A0C322818DE3AAB2FB1C1FA13573D739C8FF26AADF59FDBA1057E5990EE8D87383FE14FB5B91729F32ED954ED953FBA7FC0D04A767664DB0951D7F9D0475C0F94F4C76A5F53D71D31572D6C52640EED90D9014526EC5955239243B514B1E98AB90E9C430698E79C84157628922F951557E951DD5F5AD9F37370919230016E4FD07534B7D836DC90204C2A855C7A1C62A2BCBA8ECE253286691CE238D172F237A28A6A49A8DF0DB63646DE32302E2EC6C03E8BD4FE38ABFA6E910D8B9BA776B9BB61879E4E4FFC047F08F61F9D6F4F0F39BBBD1194EAA5A21BA469D25BCAF7D7841BD986D2A0E5614EBB07A9EE4F7AD2F73DF9E7BD20CED18E3BE00A7E06D2BF87A57A908A8C6C8E56EFAB0231904FB034BE5C5E87F2A586279A6481705D8E067B7AE7E95B9FD8969FDE6FCC573D5C42A72B0D265CF0B7855B44696FB51B85BCD5661B5E70B85441D1501E80F53EA6B76E6E16DA2CF566E1477352CD22C4A5D8F0A3271D4D61DC4CD71297278CE001DBD2B8526DDD89BB092486472CC412DD49A889CF7E87273DE83B79F6E7A75A613DCFE181D6B64AC481396E4100F3C5349E723A9E69093CF41F5EF4D77E807FF5EA9215C6920E3A81D71D69AEE79C679E00ED48E7E5C1F5C67F95309278FE62A9224767B8E0118E4F26999F9BAFE18E94991C3657F1E334DC9FA67B679A6021F5CFD0E7AD309E801FC4734EFF00272299C9FC7DA801D953C74FAF39A4C617802A0BCBCB5B0B6373773A41181CBBB707D3F1F615CBDF78A2F350CC7A62359438FF008F9957F78FFEEA9FBA3DCE4FB0A529A8EE5463293B23A0D4F5BD3F498C7DAE7FDE37290A0DD23FD147FF005857317DE22D5352F920274CB56E308434CC3DDBA2E7DB27DEA8C56F1C2EEE0B34AE7E795D8B3BFD49A7E719CF51DBA62B9A551BD16875428A5ABD48E2B686266D808763977272CDF5279269FD8E72475E79C52E7A1C0049A0038FE60F3591BA496C263E50C3F1C734B6C0BEB9A3FA8BD4200FA1A3079039F53D735A3E1BD3CEA5E25B089480D1C8655C9C7453FF00D7A052D8EEB8C838ED919ED5343657178BFBA89882796E82B76D747B7B760D2E6793AE58703E82B400C71C6074C714923073EC6243E1F3B81B89B1FECA0FEB59D790A5B5EC91479014E064E48E2BADE7A7B572DAB8C6A5376CE09F7E29B4106DBD4C0F135C7D9BC31A8C83395B67031EA4607F3AE0EDE2F2E185327E5400FA74E2BADF1C4DB3405B7070D77731C4474C8CEE3FA2D72C719C8FCE88EC6B1DC3391DF149FC5818CF7F5AB4F6E4E9C2603043678EF55B24FBF1803BD1B9A0DC7CDDB9AB765102925C36085520647F9E955920695C220F98FBF4AD7923486CDC2F0AA84671D686C118A78C0CF03BFA54B6B22A5C2E71B5BE520D47CED238E4671D73471BCF66ED40166F6C9A27DCB8F2C9E9FDDF4AABC05E3939C73CD6DC2E2E2D83302430C15359D79626DDC91FEAD8E07B509815477EFEE7F4A8A48DF7ACF6EC23B98BEEB9E41F556F507F4A9B1F29E30B4727D7D4D3135734F4ED452FE1231E5DC45C4B0919D87B7D41F5AB4701413D18F435CE490B8996E2D9C47731F2ADEBFECB0EE0D6CE9DA947A8A1054C7711F12C27923E9EA0FAD43409F465AC1C8E3240C74E4FFF00AA9BE8081B7F9D3FA678279E7DE9403D0E3AF4F4A450DCE7A8E71DC6052E3E5EB93DA971F2E71C7718CE6931C63F0EBD6802196DA29B978949F7183503E9A981E5BB0F63CD5EE46323F1C5260ED1D318E8053BB0B1422B5BBB563B76BC7DC6EC67D6AE83DF6E0E39078C53FE831DC0A6FD01E9819E4D2BDC0CDD4B4A378C2E2DC04BB41F29270241FDD6F6F7ED59B0CCB2AB06468E443B648DB8287DFEBEB5D37CD80090091C738ACED4F4C3738BAB52B1DDA0C649C0907F75BEBEBDAA9325AB6A8CFEB838E9DFD7D2AADCC2F1CC2F2DC132A0C3267FD62F71F51D6A6B7984B9F94A48A76BC67AA1EE0FF9E6A6F9463BE6A834688ACFED97F12CD65A6CD246D9C39655071C1EA6B4ADB4ED751081F62B756392598CA47E581546C6F4E897E6562458DC9C4C3AF96DD9FE87A1FCEBAF046DEC5586411CFD2BA69D384ACDEDD4E7729276B992340925E6FF0054B998E394848854FE5CFEB572CB4CD3EC5F7DB5A471BE305F6E58FD49E79AB67A063804F7EA69471CF7278E2BBA34A11D9193937B8ECFCA71DFB1E69A37700119A31C671DBA7A511A348D85DCEC4F455CD539463AB620E73918C63EB4E01E421101666E02819CD5E8745BA970652B02673C9CB7E55AF6B656F6AA442A3791CB93963FFD6AE4AB8B8A5686ACA5121D374E1660BCB832B0F9B1DBD8568E0FAFE951E73E98EFDB34ED9EE3F2AF2A4DC9DCD116350BAF3DF6A6420E71D33FFD6AA448DDC753D314AE707F5C9EF519279C70718C74AF412B2B1CE2971EF827F1A613EA781CD1EFC13DFB6699BF200F5E466A922583EEC7E19C835167AE33CFB74A09F980EB93EBD2985FE6208181ED549085F5E4E7B5464938E4F4EF41203739C6703B53491CE3774E99A60193919EC31C0C629A73C8F7CE09E694127A609E9CD417D7B6BA6DB3DD5DCE21894E0B1E87D87A9F614F6026E80E3A6381D722B0355F15436D29B4D3516F2ED78721B1143FEF37723D073F4AC8D4F5CBDD641862DF6362782A0E25987FB47F801F41CFAD538A3486311C681114602818C573CEAF447453A2DEAC6C827BAB9177A84ED73303C311858FD957B0FD7DEA4249CF183D0719C527E00719E297B771CF00573B6DEE7546292B20E727D863F1A4FCF839A0638CF718E68046D3D7D876A0A01B42818FC451EDF8673464F239C75A4C61C1F41F4A00773C8E38E46062B7BE1FDAFDA7C796F211F2DA5ACB31C0E84E107F36ACBB5B06B801D9B6213C1EA7DEBB3F86762A352D6EF955BCB5315AA316CEE2A0B37E45C0A0CEA3B44F41E68E3776A4FD7D697F84F1DE99CA1CF35CBEAC49D5662380081FA5751CFE15C9EA47CCD4A61EB2118A4CBA7B9C2F8CEE04BACD8D96322DE27B87E72016F957F1C03F9D62E32DCE4678E9525E5D8D475BBFBE524ABCBE54447744F978F62727F1A7D945E6DE46182900E48278A3647445686A7D9FFD0C459FE0C0EF5883D876AE871DFDF9E79AA76D62B0C8F2B0DC41F9307A7FF5EA533462D9DAADBC43701E630E48E714B7E40B3909C1DC7030327FCF1567E6E9C63A8E6A96A6710A275DC73D685B88CA009CFA1E3EB4EE79C8E14D212A801F9768192738CD03E9C119245581A3A649F7A124FA8F7ABCD187C820104F20F35876F298A55707853920719F5ADE04100A9E319045431A322F6C5EDBE7504C64E79EA3FF00AD5509EFDC9E0D7458EBB86770C7AD65DED8F940CB102C84E0FB534C452EB9E00F5ED8A8A5899E549A094C5731FDC900C8FA1F507D2A60086E3A671EDED41C0C9CF3D001DAA84D5CBFA66A697EA61994417718C49167B7F797D41ABE31B4118C9EB9E715CDCD089763233473447314A8394FF107D2B4F4DD58DC916B74AB15E20E547DD907F797FC3B543409F4668F2149FF00EB52601C923DA9C38CFBF607A52ECF97D0E7148A1A777DDF439E0E0D21195C938DBC907BD5EB7482E6211B2ED917856E99A82E2D64B7CE46549E1C0E0D2B8166C12DE48591E352E0E39EE3DAA3B9B031E5E2C94C7201E9FF00D6AAE84C6E1C1E579040E2B5ADEE52E13A6187DE039C7FF5A93D00C6E4A8047207E7464ED38C8EFE95A17364082F0F07392A0F5AA250024118ED914EF7033354D2DEE88BBB52A976AB81938132FF0075BDFD0F6FA566DBDC47711161B95D5B6BA370CA7B83EE2BA520EE1EFEBC5656ABA64B238BDB355FB5A0F9D338132FA1F71D8D5264B56D5147CB4752A7E65618653D08ABFE1CD45A27FEC4BA9370505AD64273BD3FB9F55FE559F0CAB709B86E5E769423054F707DC536E2DDAE220637F2A546DF1483828C3A7E15B539B8CBC889C7995D1DD59C2F793185255470377CD9E6B413423D64BA6E3FBABC5737A1EAC752B35B851E4DD42DB6641FC0E3FA1EBF8D769657A97D6C1D010E0E1D49E87FFAF5A62255216716ECCC124F74451691671F588B9EA77B67156D23589008C2A2E3A28C62972074E84F1E94B8E79F4EF5C2E4DEAD9561083B793DFD3AD281F2E33D072294E368CE79E68E718CF7C7348607B74C76A931FE7351E7E5E3F1A7E6802B1251CE4F51D698493D48E073ED49249863CF3DF1C5444FCB920F3D40AF4D2396E39DB0DC67A726A2DD83FE14A49E4E7AD467E4CF18CF4AA44817EA40E87B734871BB04F53C714D24F39EB9C1269A480C31DC60E3822980139CF23238C52100B7231DCF340C818E381CE2B9ED73C4BF6699ECB4AD92DE0E24908CC707D7D5BFD9FCE8949257638C5B7645FD635FB5D1C08D81B8BC90662B64FBCDEEDFDD1EE7F0CD71F7125CDFDC8BBD46559E65FF00568BC4710F451EBFED1E4D3628846ECE5DA79E53BA49A439690FBFB7B76A93919C750702B92751CB4E876D3A4A3ABDC013D0E738CFF8D1F3751E99208A439FC4FAD2E78231CE7A673599B071CF3CFAE690E0E4FA9C73DE970781DF1C83D68E79FAF7E94007CC580F98E0633498098E3BE697D30781CF3487A739C74E6801DE9FD78FA539233338500E5B8C8E0D331F28EB8EA474C568E9B6E0299CF56E1075FAD0F402F222C5174C22AF27D31D6BB6F87366D6DE0BB59DC0125F3BDDB63BEF6C8FFC7715E7FA9A4971666CADFF00E3E2F1D2DA301B1F339DA7F2049FC2BD92DEDE3B6B686DA2C08E1408A00EC0629230ACF644BC9C1A4E69719FCF1E9471DEA8C04381C9EC326BCF3C4DA9B69DA3DEDDA1FDF302B160E09918E17F2273F857777F2793612B83821703F1E0578FF8C2F16EB58B6D354E63B41E7CB8EEEDC20FA8193F8D26694D18D6F0886D9205EA8B83EA4F7AD5D321C0799872C7033C55008D23600E58E063BD6E42822815171803073C13499D490EEBE9D3E9480639C739E297071D4FCBC9268E4E72791DCF4A81871C63E86B2B52937DC85ECA983CF1FE7A56B0C96C82700F38AC2B890C9348F9CEE391EA29A06576B57D46E2DF4E4DDE65E4EB0018CFCA4F3F92E4D5CD73459FC33AAFD8662EF6529FF42B83CEE1FF003CD8FF00787EA39AD6F0069ED7FE259B50607CBD3A2D8A7A032BF5FC427F3AEFF54D2ED359D3E5B1BE8BCC8651C8E854F6607B11D734DCACEC67AB7747901E7824FA0C70456A69B705E3311EAA3233E9FE155356D2AF3C3FA80D3EFCF98B264DB5C8181328F5F461DC7E22A18A468660EB8CA9CE29EE8A8BBEA6EF5FA1E4519F949033CE32064511C892C61C72186411DA9D8073C71DF1C5494675ED881BA487A8E4A77ACEE377A1FCF15D160EE191C01D7F9553BCB113AEF886D93B80300D34C2C64FCBC60F19A64D6E970A15810C8728EAD86423B83EB52B86420302ACBC1A4031C1C039FC05508B361AB38916D7516412E3114E3859BD8FA37B77ED5AC5086E1474F5E95CF4D0C7344D14AA19186083D3DBF11EB52D96A6FA73AC1A8B3496D9C47724E4A7A07F51DB77E752D093B68F637790C304E47439C11FFEAAD2B6BC4993CA948DC46067F8BFFAF59C795C82082323D3FF00D540FBDC1F7E98A968A2DDC5900ACD02961D0A7A5578E4789C329395EA31572DAF77FC931E7180FEBF5A96E2D526C963B1F1F7C1A57EE03ADEE1654DCA4E7A15351DD59ACA0B2615FAF5EBFF00D7AABFBDB3983151E9C0EB57A2B88EE06E52723A8F4A5B6C33276104E7A83D08A420641FBB57351D9E70C11B80F980AA9C6D38031D7E954232356D2642E6FEC949B80312C79C0987F461EBDFA5508664B98C4919C8271C8C107D0FB835D3E0EDE87F1EF58BAA69B2452BEA1609B989FDFC007FAD1FDE1FED8FD6A9325AB6A8A515C9D23515D440FDCB811DD20EEBD9FEA3F966BB8B3BDFB2CEB3212D1301BC0E430F5FC2B898E48AF200C30D1B8EFDFD4568F866F5A277D1E6725A01BADD8F568FD3EABD3E98AECA52538BA72D9EC613567747A58292207560C8C32181CE69DD7BF4AC5D16F761FB239F94E4C673D0F71FD6B6C11DC753827F9570D483849C5893B8DE78C75EFF00D69DC6093DB81CD1F5079E339A6E4649ED8C8CD40C5C7AFD3EB4EC0F4FD2A3C3633DBA0CF1563E6F53F9D0065BB9DE03633E80530B9E41032A32691C9E79048E7DE9B93B7391B7DEBD6B1C605FBFE551EF3C8C75EB93D69C4F5C838C75C75A692327A60F7A000F3904E7039A4006DEB8CF1E9411851D7D7D6B8FD73C40DAA3C963A74852D14ED9EE10E0CBEA887D3B16FC052949455D8E317276449ADF889EE4BE9DA3CA5514EDB8BC5EDFECA7BFFB5D076E6B1A1863B788431A80A0F427273DCE7D4FAD3A38D23458D155554602818C53BA93CE73D7B571CA4E4EECEF853505A09DBAE33E9C554B8DD0EA16B2670240F1B60F53D47F23573E62D8FC6AA6A242431CE3AC3323673C8C9C1FCC1A92DEC5A032BEBCFD28E38C8E3DB9A5380DF4F7E6874C30273CF23DE8189D181CD2807A75C9C60739A08EB838F4F5AB7A7421DDA46E11067D79FF003CD202A63AF3F4C7E94718233DBF0A307BB724E4FBD3800EC38C93802980FB785AE26080F519247615B51ED8D02A8E00C63B0A8ECEDD6DA22083BD87393D3DBF0A98051C9C01D4923FCF4A96EE345BF0CD90D4FC6F6A301A2D3226BA94F6DEDF2C63F0F98FE15EA3F88AE3FE1A58ECD0E6D61D36CBAACC655CF5112FCB18FC813F8D763F8D52D8E29BBC9B13DFBD2FF9FC293FC9A5CF4A64983E2BD4A0D334B696E182C680C8F9F45E83F13C578DC524B70D35D5CFFC7C5D399A5E7A13D17E80607E15D5FC48D5FF00B475A8F4684E62876C9738EE07DD5FC4E4FD00AE60234920006598E0657935274535A5CB9A6442494CADF7546147AFFF00AAB5FAE58E3D31D6A3861FB3C2B10E70324FAFAD4CF1491B286561B8646475A96EECD88F078201F5C0340073CE4027918CD588ECDE44F332179EE3AD40472739C83C8CD21905ECAD1DB3953CE3681D335837128B785DCFCDB46427A9EC3EA4E0569EAB2832A43FDD1B9BFA54BE12D27FB63C4B1975CDA69B89E6C8E1A4FF00966BF872DF80AA5A2B92DD8EEFC2BA39D0FC3D6F6922A8B971E75CB0EF2B72DF9703F0AD8C9EBC608E9DE83CE3240E73CD193CF7CFE159377256852D5749B3D734F7B0BE8F7C6C32187DE43D994F623D6BCB354D2AF740D40585FF00CC1F26DAE40C2CEBFD18775FC4715EC1FC43D2A96AFA4D96B9A7BD85F45E646FC861C3230E8CA7B11EB54A56179A3CCF4DB921840E405272B93D0FFF005EB4C93C71F41DAB1756D2EF3C3DA80B3BE62EAE49B6BB0B85980EC7D18771F88AD2B3B91711E1803228C38EB9F4AA7AEA8D13B93E0F4EA7D29D93B79E87A8E947CDC903A7033D6AF848EF230C540618071C11486645CDAA5CA827E561FC5E9591716D240E55C753D73C1AE927B568B3C92BD88AAF2C292A10E063A60D5261639E1CE07279A5211C156C1523183DEADDE58BDB9DC80BA75DDDC7E5557F8BB11D00C75F4A62688EDAE6E74770155AE2CB3930839687DD7D47FB3F956FDBDC4175024F6F22C9138C861FE7AD6263A119C8EA338A89127B299EE74F655663BA585BEE4BFE07DC50D5C4B43A519E39C1279C1AB56F74D131560590F39EB8ACAD3753835242B16E49D3FD642FC327F88F719ABD83C6319A868A4EFB1A64477084E03A9E6A85C422DA53B0B608C8E70452472346D95257D71DE9AE5E4C6E6CB0E99E295AC033049C9CEECF24739A300F7E71DE9C70383C718C0A0E3A9EE303D6980D20F3EBD89EA28209EA7A1C6470053F07AFB64F14983C0FFF005D00616AB60D6733EA16684C4DF35CC03AFBBAFBFA8EFF005AA133B948750B36CCD01F32261D1C775FA11915D68FBC7391DB8E6B9CD4EC5F4991AEEDC66C9DB32C639F249EACBEC7B8EDD6AE32B3B9128E9E474B657B1DF59C3796CDF2480321E841FF001078FC2BABB1BCFB6DB09081BC1DB22FA1FF00EBD799F87EE859EA4DA71C79177996DC83C2B7F12FE3D7F3AEBEC6E8D9DD8739F2DFE593D00F5FC2BB2B47DAD3535BADCE55EEBB33A6C90D9A4E4E7A60F4ED4A7B7BF23BD30739FC8115E69A0FE4647191DB14EF9BDFF3A602DC0393C67EB5373FE4500613921F9C03D0F7CD2171F972573D6909C92473DB8A6FAE476C7A62BD638C7E43E3A74E32339A401B8C8E7D452273D3F0AE53C47ADB5CCD268FA74FB5546DBBB853CAFF00D3353EA7B9EDD3AD2949455D8E29C9D911EBBAF3EA9349A769EE56CD0EDB99D1B1E69EE8A7D3B123E82B363458D42A00A8A30117A0A48C2431AC71AAAA270001D29704371900F3EE6B8E527277677D38282B0A437D71DE83C638EA7820E290E481C7434BC73C6727B0C549A00038E727A6076AABAAA674CB81D084C9FC39FE9568738E98CE326A3BB532D94C98FBD1B039EA78A04F6352CAC44891CD37218060A0F269BA9A0122302412B8C1E2AE69AEB269568E391E4A139FF74557D5400B11C7009E71537D47D0A1146D2CA8880E49EB9E95B1205B5B170070A98C9EA4FF00FACD2595B2C3186C2B3B0C9CF6A8F5397642883AB1C91EDFE19A1EAC0CBC9F51827A7F3AD2D3ACF0BE6C83E63CA7A8F7A8EC6C89C4F282140F957B9F7FA56A721B3818FE5437D0684C0EB9CE3DAAB5E452DFBDBE936EDFBFD4A6100DBD510F2EDF8266AD609F4CE723B56CFC3FD30DEEA975E2195731419B4B227A100FEF1C7D48DB9F63492BB22A3B23BC8218EDADE3B78542C71284451D0003007E5520FD6947D4D15A1C62566788F5A83C3FA0DD6A77078893E45EECE780A3DC9AD4F4AF22F1E6BC3C41E201636EFBB4FD2DC8241C896E3B9F70A38FA9340E29B7639C8BCE7792E6ED835D5CB99266F73DBE80607E15A9A6DB1FF8F8209C1C2FAD54B584DCCC101CE4E493C6056E471818450718C01D87A54B676C5589ECE2F3260720851923A66A6B9FDE5CAA0EDD4E738FF3C54A805B5B927860371CF19A6DAA7FCB46C6F6E79ACEE3272E224C804051900D63C8E42191F185193C735A17B26C8420FBCC391D45616AB73B504208CB72C01EDDA9C50332AF2EBCBDF70CACCD9E140E5C9E001EE7815E9BE12D13FB03418E09706EE6266BA61DE46EA3E80607E15C7782F473ABEBC6FE4526CB4B2083DA59FB0F70A39FA915E99EA7A679E289BE8677BBB87FFAC1EF40E83FCFD28E7D80A00EBEE78A81871CFF00851FC47A0EE68EB8E41F4A38EFF4FA50054D574CB3D62C24B1BF844B048391D083D883D88F515E65AA6997FE15BF48EE9FCEB790E2DEF08C0907F71FD1BF43DABD639F5C7A8F4A82FACAD752B596CEF6159A09576C91B0C83FFD71D73DAAA2EC2F3479FC3325CA065E727B9E41EF534723C526E523838231C1F5AA3AAE9177E0EB9F34B3DC690E76A5C1E5A13FDD93F906FC0F356D1E39143A1CAB0C86AA65A77356378EE1495E57BAFA554B8B329831F2A393DCFBD4292796E1D7BF2455E8A44930C0F4EDE951B0CCED878E33C9CF6FA550B9D3564CB5B603F523A035B5756D84322FDE03903806AA9079CF51C73C55260738F19472194A9070411487B0C8EB8CFA56F5C5AC5728438F987018751595736525B9070590F3B80CE3EB569DC56284B02BBA4C8ED0CF11CC7321F997FC47B1E2AED86BFBEEBEC3A898E2B9206C71C24BF4CFDD3C74A871C0E40CFE954352850DC5BCF2229889F26552BC00DD3F2207E74DAB92EEB54763CE4804E7B8C5281C608E735CE59EA377A4A88E4F32EECD7FE052C43FF6603D3A8F7AE82DAE60BC844F6F324F131C87439FC3D8FB5434D149A7A0F27E6E7071CE48A319EB904761CD2E00183D7AE3BFBD18247B039FA548C41DB9CF39C74A0F19E8368E077A5E030FCC639C5280075C7E59A006E0F201EA38A429904119041C82339A7756C7A74069483F877A00E435AD366D28092D8916AB20781FFE7DA4EC0FFB2791ED9C74AEA34DBE4D4B4E86E94712AE4E463047DE1F50722A592349A2785D55E2618643C823BD61E9717F60EA6FA5CAEDF63BB6325A3B73B5FBA13EA7823D7F1AEBC3D469DBB9CF5616D51DFE8F7466B630CA499621804F75FF00EB74AD1E38CE3238AE56DAE5AD6E526EBB4E1F1DC77AEA72AE0383953C8C7A76AC6BC3925A6CC84EE870F4EDEDDE9F86F45A88F439C6DA9BF13F9D6051C9D8EB30EAEEEA6D1AC6EE203CEB466CEDCF4607B8231CFAE455DE7710327D4FA573FA8AC32DFDBC16F39B7D59433DBC817700A3EF093FD827039EFD39AB7ADEB1FD9160842AC97B3FC90C233867EE4FFB23AFE95EADF956BD0E5E5BBD0A9E24D724B5DBA669EE05E4AB99241CF9087BFF00BC7B0FC6B91D22158ED1D909DAF2B30C9C923381CFBE339A7DC17B5B0BAB867325C4A0B492B75773C0FC3B63B54D6D6E2DA08A01D23400E47E75C939B93B9D94E9F27A92E4F71CE3A520C27B027A834A71819E3B6734991EE72703B541B0640048E3E828E79C0E18F20F7A96185EE2608A325B924F18F7A7DE4496EE2150D954196F53480808529E808CE33414DE1B38230474FCE8C03F78700F23D691C908C093F2A9EB4C4CD4D04FFC48ECB83FEA179CF069753C9F2539F99B1CF3468285341B2CFF00CF15F7A926412EA36EA31851B88F4F4A8EA35B22DE360FD003DAA9FD945C5C79D383E5A8C2211D47BD5DE411C0CE7B504E7A0383D7BE68189C7A743814A70539C1C1FA1A31DC743D6932A99676015464B138C7AD2020B91737325BE9B6448BDBF93C98C819D9FDE7FA2AE4E7E95EADA5E9B6FA4E976DA6DA2ED82DA311A7E1DFEA7AFD4D723F0FB496B8697C4B74841B81E558AB75483BBE3B17233F403D6BB93DBF4AD22AC725495D87D7F951CFBFF8D2E6B2F5FD72D3C3BA3CDA8DE13B63F952307E695CFDD45F727F2EBD2999989F103C50DA269E34EB0931A95F2908472618FA349F8741EF5E5D6F1A431AC11825546D00F24FFF005CF5A9E7B9BBD4AFE7D4B5160D797472F83958D7B46BEC07EB935A1A759E317128C13F71476A4DD8EAA70B2BB2C5ADAFD9A1C1237B7249EA2B46CE20EFB88C2A9FD6A0D8368233963C62AE922DED88190DDB3D01AC9BB9A8C9BFD22710853B472E47EB568E0608E807A5416F11442E7259B92339FA517521484A8E377F9FFEB548CA7732A92F23711AF439EC2B9C98DD5F5E476D68BBAF6EDFCB8508FBBEAC7D028C9FC2AF6AD7891C4537E1146E91BD3DABA2F01E86F0C2FAF5F4656E2ED316E8E39861EBF816EBF4C0AD168AE449F4474DA2E976DA1E93069B6A7290AE0B9EB231E4B1F72726AEE31DFF003A323D73C76A3F138EB59EE4EC1C6EEDE868E771EE3AFA507BFE429523677DA0673CE4F51403D058E269324638EBDE9B8238C7E1DAAFC68B1AE0638EA6992C2B2720E1BB7BD572E866AA6A53E39A3A67F4E334A50A12AC31CD271EF52697239628E585E19D5648DD76BA3AE4383D723D2B80D63C3773E1876BBD2E392EB482774B6C32D25AFBA77641E9D47B8AF42EABC67D297A723AD34EC16D6E8F3AB7B88EE6059E291648DF95653C62A58CBA3EE5386C7157B5BF08CB67349A9F87231B9CEEB8D38B6125FF00693FBAFEDD0FB1AC9B5BD8AF919E12C194ED911C6D789BB861D88A7BAB95195F465E372E50AE073C120726A003AF3DFD3A52E48C0E79E87AD18E32303D7271414200303AE3B7B52ECF948DA30C39F7ACBB9F11E996E7CA495AE651D52DD77E3F1E83F3ACD9B5BD52E72B0471D9275DC7F78FF97DD1FAD03577B2B9A77BA7471A34EAEB1851C872028FC4F4AE6EF2F6DEEEDA6B5B7492E19C63720F950F63B8F1C1A924B659650F76F25DC8392D3B6E03E83A0FC2A6C0DA157A7008E94F9EC5AA2DEEEC43637EF7133DBDC422399501203643FBD5911496D31B9D3E4104DFC698CC72FF00BC3D7DC735977F9B7BD86E549051C64F6C1E0FF3FD2B6F8C907B7AF5AB4EE8CA51B3B1A1A76B715ECC6DEE11AD6EC0E6263F7FFDD3FC43F5F6AD4C0DD8E381819E715CBDC431DC445264DE01C8E7041EC47A1F7A9AD755BDD370B77BEF2D471E68199631EE3F887BF5FAD4B42BB5B9D0E06E1FA10714AFC2F39C1ED515BDCC17B6EB716F2ACB13746539FF00F51F6A94E78279CF5A9284209C71DF231401D78C1C63AD3BAB1C70073C520E3A1FAF7A06273C9EF9CE3AD45796505F5ABDBDC45BE36E4E38208E847A11539181D8034A77073F9914C4D2666D85CCD15C7F65DFB6E9953304C4605C20FF00D9C7423F1AEBB44B9F36D9AD9BEF4472A3B953FE15CC5FD825FC1B3718E546DF0CCBF7A271D187F877A7689ABCFE7B24DB52FAD4813C63EEB8FEF2FF00B2DFA1AE9BFB68D9EE8E6945C1DFA1DBFCA5B1C9C1C735363DC7E5556D6E23B9843C5D3382A48383E87E956B78FF0026B91AB6E079EC36F0E87697379A85D34F311BAE2E5970580E1401E838181DCD73DE64D7B72FA85D644B20C227FCF28FB2FD7B93EB53EA3A8A6B775198096B0B72190918F364F5FA2F4FAD331D307DC122BB6ACD3D16C14A1D594EF47993DADA83F7E4F31C7B273FA9C55CEDD4F5CE7AD54B76171A95C5C60ED8C08533C648E4FEA40FC2AD84C2FD3F4AC0DD7704C75DB8F514F8A279A5088B966E0E78C7FF005A88D1DD822AE589C0AD9B3B65B6871D5D872D8EB43761D875B4296F10418271C9EE6B2AF5CBDE3907201C7AE6B5E4758A2DCC48DA327BD617980B1C83F31E474C54ADC6C41DF27DB00531D43A14627046D201EBEB56A2B567B69A7380146133DFD6AA4D325BC46670CCAA4640EF93C7E26988E8E28E38618E2404471A8500F6C0A86205EF269FD008C7F5A9E422342E4105467EB490C652200E73C93EE7AD48121F4F5191DA9367CDDC679C53803BB9233F4A3AA8C0C67B1E714861D7AF03A1C9C532D34B97C49ADC7A24591691812EA2E38C47DA31EEFD3E99351DD4B2AF936F69119AF6E5BCBB6801FBEC7AE7D00E493D857A37863408BC3BA42DA2BF9D712379B733779642393F4E800EC00AA4AFA98D59D9591AB1C69146B1C6A11100555030001C01F874A93AFF002A3F98A64B347042F2CCEA91C60B3331C0503A93EC2ACE623BDBBB7B0B396EEF25586DE15DF248C78502BC5F5ED7AE7C55AB0D4660F0D9C248B2B66E36AF79187F7987E438AB5E2CF1449E2FBE10C1BD344B77CC6BD0DDB8E8EC3FBA3B0EFD6A958D9BDE3EE23110393EA7E949B37A70EAC75858999C4928CC6A72327AD6C03D7D33F4A0613E555185E3038C52F031C74E0566DDCE842A1D8C181C10714E924695C17F4C8C0C0FF2699EA31C138CF4C528CF6C1F4CF7A405F13461376474E2B36F2E9635799C1E380B9EBE9F8D3F8E7D3BD64C90DDF887588F49D3CED38DD34D8E218FBBFD4F403B9E68481BB226F0D688FE27D59A6B91BB4CB39374D91C4F28E447F41C13F80AF50FF24555D374EB6D274F874DB14F2EDE15DA80F24FB9F524F39F7AB3CF3D38EE0D0DDCCD77629FC4F6268E368F7E99E28C74F7FD295033BED5079F4ED5202005CED5E49ABD144B12F62DDCE39A218844BEAC472714FC927F1AD12B184E57D107AE68FF0038E9460EE3F9F147D077CFD2A881AE8B27041C1E38ED552585A224F5527AD5DCD071CF1C639F4352D26529346774C724E28E0F3D2ACCB6DFC51E7DC556E8D823D8E7B5435637524F6138EB9EBF9D607887C2B16AF2FDBACA4165AAA0DAB70172B28FEEC83F887BF51FA56FFE74EFA67D0524EC36AE78F5DEB7AB41733D89B286DAEAD5BCB9DA493780DD7E503A820E727D6B3668A4BD606FEEA6BA2390AC76C63FE023FF00AF5D87C42D0E5B6BC1E21B68D9E074097C106766385931E98E0FA601AE265D4AD6100975DA7A1DD8CD53F237A6A0D5DEE8B51A246A16250AAA71803029C02F538E3D4E3354E27D46FF001F61B396443C87DBB54FFC09BFA55E83C2DA9DCF377791DBAF40918DE7F33C7F3A2DDCD1D58A5A6A4325CC3164B301819E0648AAB1DF3DD394B2B792E1BBEC52D8FE82BA5B6F0AE97090CF035DC9FDE9DB77E9D2B5D2248942AAAA81D150600A2C88751BD958E1A5D1B529A5B34BF54B58AE6611862DB997B8E070338C75EF5D7DC69D14D92331BE71BBFC6A2D7E22FA3DC3200658009D3BE4A1DDFD0D5D8665B9B78E789818E550E31DF2323F9D3B995DB7A9812DBBDBB95946DDDD30720D30921863B1C0EF5D1CB0A5C21465254F518E45615C5AB5ACBB7AA9E437AD52770291B6921B83736331B69D87CCC06524FF00797BFD7835A963E2047916D75141693B1C2B1398E4FF0075BD7D8F3F5AA7BFF23C018CD23C6932343246AF1B0C15619AA6AE2B5B63A5FC07271C5271B8F277139AE62D67D4349702D1FED36C0736D2B6597FDC73D3E86B6EC357B4D494885CACEA3E7B79176BA7D47F519ACDAB0D3E8CB838E848E7B8A767E62037A64E6939E076CF43474E3A8C77EF48626147F2AA3A8D8BCC23BCB22A97D6E098988C071DD1BD8FE879AD0F9766467A7AD19E85B1CF07DA9C64E2EE824935663743D69654177186009DB7101E19187507DC7F2AEA3FB5F4DFF9EC7F235C26A30C9A75D36B1691B32E31770A8E6541FC63FDA5FD47153FFC247A0FFD04E0FF00BEABB54615BDEEA71C938BB180238D061000A3A003005366916DA19276FBB1A96FF3FA0A90E39E413EA0553BE1F689ADED3A2BBEF9067AAAF27F33815CC753D112584261B38C39FDE30DF2761B8F3FD715671F2E00E48E281D98FE0056869B6A4E6E1C1C0FB808FF003D287A0244F6366B6F107704C8DD4019DB56864E09C7A63D694039230319C0C74A31F3007B7A8EB50F528A5A9CA12D828CE5CE2B3E185A69422E739E4F6C53AEA5FB4DD9201619DA8077AD2B3B516D1608CBB724E33F4A7B20DC9C4682311827CBC6D1C7F3AE6DE3F3750B2B3C0F9E7F31F07A04E4FEB8AE9B2719C03EBE959161106F125ECC30C96C823538C80CDF31FC40007E34264B3630AF8DD80339F5A5C77E8075A08C6075CF23DA8007273DF038A9285E467803233D7AD4175731595B35C4C711A8C00064B13D001DC93C63BD4935C436F0C93DC4A1238C64B1E00ADDF07F85E5BDB9875FD66064119DD616720C18F3FF002D1C7F7CF61FC23DE9C55C89CF957997BC15E1A9ECB7EB5AAC61753B95DB1C44E7ECB17641FED1EAC7D78ED5D7FF00172292A2BBB9B7B2B596EAEA74820897749239C2A8AD0E46DB7763A59A386169A67548D016676380A07727D2BC8BC5FE2C97C5B3358583BC7A2C6C03374378C3F9463D3BF5A678A7C5D73E2E95ADADB7C1A2236421F95EEF1DDBD13D17BF53556C74E3361994A443800753E9F8526EC6B4E9DF5632CEC8DCBF20A46BC123B7D2B6923489422F0074142058902200157A0038A76318C673D783D2A1BB9D2B41B8F9BA1C83F81A5C8E380477CF414B8E99EAA339E99A3076F3D7A7A5480648C63D7041147F175DD918E0726820951D4E0F38AAF7978B6AA812369EE267D905BA72D239EC3F9E7B500DDB5641A95C4C5E2D3F4F89A7BEBB3B628C761DD89ECA3B9AEDFC39E1F83C39A68B75227B99487BAB83FF002D1FFC07403B0AAFE17F0DFF0064A3DE5F959B54BA1FBE71F7625ED1A7A28F5EE79ADFC7CDD450DF433DDDD87A03D71CFB5001F6F4C0A4FAFF002A9A3B7693058E17F9D4A5713696AC6471B4BD071D09F4AB91C6B18217193D4F734E1845C280052F033FCBD6B44AC62E4D89CF18A5FC7FA51EFDFA51CF5FC2A880FE5F5A303A77F514B49C723DBF2A0618CE723DA9327E9DBD694E6909014938000C93E9400BD003E83273C62B9BBCF18E9325E359E9B05DEB374870E9A745E604FF0079CE147E7515D699A9F8BEE192FDE5D3F411C2DB212935E8F590FF00021FEEF523AE3A5745636369A6D9A5A58DB476D020F962897681FF00D7A2C98936B5473925DF89987C9A0DADBA1E8D757DCE3DC229C1FC699F6AF1647F33E95A5CE075586F5D5BDBEF262BACC6739F4E73CD432DB0EA8707A15A86ADB1AC677DCE61BC45756D95D4BC39A8C69B7E778156E53FF1D3920FD2AAE8F1781E499974DB6D352E1B21E29220B2F3D46D7E47D0574EE191B9047F5AAB7DA569DABA6CD46C2DEE940FF96B18623E87A8FC2A6E696B9CA6A5E13BAD159EE7428DA7B263BE4D399BE64F7849FF00D04FE06A8DADF417D097818FCA76C88576BC6DDD594F208F7AE93FE11EBAB0CB687ACCF6EA3916B79FE9107B019F9947D0FE1589ADC292C8B73ADD9BE89A829C2EAD663CEB693DA4EF8F66031D8D527704DA1879EBD7AF3DA94EEE4F383D462A97DB64B1744D596280480986F227DD6D703D51FB13FDD6C1FAD67DC78A2DF95D36DDAED87490FC918FC4F5FC052B1AA69EC6E101D0861C11820F39F5AE5F4EF1041A7E9C34F8E292F2EED9DE1DA830814310096EC318F5AAD732DE5FFF00C842E99A2E86087E48C7D7BB7E342C71C282344545072005C0A2F62D536DDDE836F27D47514637B70557195B7809551E993D49FF000AD4F0FDE3EABA7496776C5EE2D4801CF2594FDD6FA8E47E158D35F436E42EEDEE78540324FF00F5FF003AD3F0C6997F6D7EF7F3C3F668648B608DCE5DB9CE48ED8E7DF9A136C2A28AB25B92491B42EC8C307383EB4CF7F5EC4D6A6AD6BF20B850411C3E3D3B1ACB2416F6EC315AA773361E9D483C8CF7F5A826B682E1C33065917949518ABA7D08E956075C71D3BF6A3D7767079E9D6815AE3EDF5BBBB0012FD4DDC03813C43F78BFEF28EB8F51F956E59DC5BDE422E2DE649626E3721C8FFF005FB560FE5C7AD402D9A29FED565335ADC13F3320CAB8F465E8DFCFDEA5A409B5B1D575C71C8EB9EF4718CF6CE09EF58B67E2158D961D5635B6763859D7985BF1FE127D0FE75B5F296057690C33907AD43562934C390DC7F10C8E33557FB0F4AFFA06DB7FDFB15738E801F5CD49B8FF0074FE740591C87B6DC773EA6A8D885B89EE2F71F239F2E2CFF757BFE273525FCCF1DA148799663E5C67DCFF0080C9FC2A6B7896DE1481012230140F5AD49DD962DADCDC5C84E703966EB8FF00F5D6E80A8A1400A074A82D6DFECF0E31F39397AB07A1E993FAD4377187CBB88C0F43EB55351B868D042BB8C920C003D3FC7B55BC8E319C1F7A822B629299E43BE563D7B28F6A064563646DD43B8FDE11C7A2FF00F5EAEF3BB39EBC0CD2F1CE48EBC52000A9393D7181C526EE0326912185E620045524E7B566F87118E922EDC112DE48F33123AE4F1FA0151F89E768F4F1691644D72E235EFD4E3FC4FE15AF0C496F6C902050B1A2A28E84638A7B216EC7719201CE38E9515CDCC1676ED7134AA91A8F998F1F41F53E945D5E259840CAED2C8DB628625DCF2B7F7557B93F90AE9BC33E0C93CF8B59F1122B5DA1DF6D660EE8ED7D09FEF49EFD076F5A12B913A8A3A752B785FC2936A37516B3AE406382321ECEC64E79ED2483FBDE8BDBA9E6BD03FC9A43E9EBCD733E29F1BD8F873FD1635FB76A6C329691B7DDF42EDFC23EBC9EC2AD2B1CADB6CD7D675BD3FC3FA7B5F6A3388620700632CEDFDD51DC9F415E45E20D7F51F175D06BB8DADAC236DD058039C9ECF27AB7FB3D07EB51CC752F106A5F6FD527FB4DC8E13036C56E3D1076FAF535A76B651DB1DC30D21382C4631FE1437637A74FAB2AD969CA30F373DC20E71F5AD34E31EFD07F2A0E7A8EE73CF14723E53DFA5677B9B80076F1DCE3A75A38D83B7F4A39EA0719CFA54775751595B4B7370C1628C658E324F6C0F524F18A41B11DEDEA59792AC19E49E411C51A8F99BD4FD00E6AC124F190707A8159DA75B4F2DC3EA77ABB2E655DB1C64E7ECF1FF77EA7A93F855CB9BA313C76F6F135CDE4E4AC36D18F99CF73EC0752C7814C49E97632EAE96D510796D2CF2BEC8608F9799CF603FAF415D3786FC36FA748753D4CACBAA4C9B70394B64FF9E69EFEADDCFB51E1CF0B8D2A46D475174B9D5241B4B8FF00570AFF007231E9EA7A9FD2BA119DDF28C9FA66937D110DDF561CF63F9F14A88CFF002A8273C9E6A68AD49F99F8E7EE8AB21163401401E828516C87512D88A3B654396396C679E82A53C0F7EE6979FCF8A327BFE19AD12B18B6DEAC38E074A33FFD7A3D3DFDA8E3BFD7D4D001CF7FD28EBFFD6A07403F1A3F0A003F9D1D7268E4F63ED467AFA77A00318F5FE741CF4E0FA628CF03B76A70E73EFD281067E6E87EB4DE7FC78A083E82B13C53E29B2F0B69C2E2E15A69E562B6F6C870D2B77FA01D49EDF5A02D7369F6842588551C9627007FF5AB9AD47E23785F4E91E1FED0377229C14B48DA539FA8F978FAD794EB7AF6AFE2494B6AB764C59CA5A44C5614F4E3F88F6CB66A900110051B57A003A506AA9BEA7A74DF15B4139034DD4E450339F2917F9B5353E267878BAAB47A8400F259EDB38FAED26BCCF041FA0FAD28DDC9E9CE7E94AC99695B667B15AF8ABC3F7D38820D66D1E63D10CBB49FCEB5720A657055860107208FF0AF0678E3946D9235753D997353D85F6A3A41CE99A85C59F7288DBA33FF00003C7F2A5C9D81BB1D7FC40F0C59DAE9F1EAB636C628E2B80F776E84F944371E66CE808247231C135CA97545C9601471CFF4AE9B4DF8913227D9F5EB05B88D815927B55EA0FF007A33D473FC27F0AB361E02F0B6B7235EE9DAA5CCFA7B1F96DA198011FB127E603FD938C5269F535A75146F6470B25F2194430234F2B1C0455DC7F21FFD6A98693AA4B736915E9FB14574E5148C33E402471D06707D6BB0B8F0AD9E83B209E3682D4395B7D62D576CB6D9FE19C7474270371FC71D6A87896D759D221B76D46D9658E0BA8E54BFB6198C8CE0EE5EA84827D47BD0920755BDF427D3745B0D29736D07EF587333FCCEDF8F61F4C55EE3DFA76A7F1D7F2C0A08C77C8EBC521A5D88DE28E4465201561820F7AE7DE268D9D4F0CA7073DEBA4E338C7D47F9F4AC6D562C5C86E36B8F4EB4D30652E7773C8C7AE33483033BB9C1C1A33D86081D3229464918C727806AC42F3CFAF519A3A6782467207A52DD4D1C9A85C41186CC0551C11C13B4631EDD29A07539FE946E023A128632A1948C608C83504725D68F149369CF9854177B47E5481D769EAA7F4F6AB24FE04763DA9AE824421BA10411EB9A7625A34F4BD6ED3534409BA1999038B79461B07BAFF787B8FD2B5B07FBDFCAB9BD12CADB55F0DDBDADE2167B47684303868CAB606D23A1C62AEFF625DFFD0C3A8FFDF4BFE15BFD526D5E264AB5B74733115BDBF6B85398201B626E8198FDE3F80C0FC6B734DB7F325131FBAA78E3A9EFF9567DA5924412D2D86133818E71DEBA48A210C62241C28C0F7F5AE76EC6C90BC0C74C7BF38A53DBE9F9D1C9EBCF627D697AE7924E7AF5CD66509C9CF1DB8E78A1063E99EBD734BF5F4F5CE68FF208A000FA8381FCE8E0024E30A32491D294ED1818CE38F6ACBD72FD2D2DB6B4B8DF80540C96F4007727DA9AD41BB228C3BB53F144648262B543211D46E3C2FE4326B5FED12DD5E1D3F4D48EE2EC7323B3621B7CF791BB7FBA324D52F0E787356B98659AF0B69B6F74FE6BED3FBF907F0AFF00B000E3D7E95DCE93A2A416E96DA6DB2410AF248E00F727B9F7E4D53463CDA0DF0FE9BA7682E6EB2FA9EAF28DAD74EBB40CFF000A2FF0AFD393DCD756F7AB65A7BDE6A93C16D1A0DCEECDB5507D4F7AE32FFC61A568D23DA68F18D6B531D4C67F7309F77F6F4193F4AE62EE0D4FC41722EF5FBCF3CA9DD1DBA0DB145F45F5F73934EF63350727A1B3AF7C44BCD5DDACFC37BEDADCE435F3A7EF241FF4C94F41FED37E03BD60D8E8B1C2A5A72C598EE7258B339F566EA4D69C50A449FBA55008E481FE78A93047272081C760693773A234D446C6888A1555428E00038A7632C4E339EDE949DB91F2FBF434BC1C939193C8ED505811D3393E99147CBBB23EBEB49D31D48E8292478E147926758E35192EC70063D6810B2491C31BC923848D1773B9380077ACAB68A4D5EE63D42E9192CE13BAD2061824F691BDFD076CE69AA8DADB8BAB9063D322C34513FCA67FF6DF3D147500F5EA6A96A5E27F3A510E9A243007C4B70840623BF959E338CF278A6886EFAB379A6B8BABFF00ECCD2E24B9BD232F9388E007F8A43D87B0E4D75BA0F8720D195A62E6EEFE75C4F76EB867F651FC2A3FBA3F1C9AAFE08D43C317969F61D124104A3E696DE61B6766EECD9FBE7FDA19AEBD2348F0140FEA69D999CAA22B476ACFCB1C2F61DCD5948D23FBA3A73CF7A77BF1C71CD1F5A692464E4DEE00D1F4FD683C74A773CE29886FD73EB4BFD781499EFDBF3CD0411FD334083F8BFC68F5FAF6A31D3BE7F2A38C9A00771F8FB537AE3A7A7D283C2803D2838EF9C7B77A00523A739A07D3DA93F87DFA503340C3AF3C71C7B51C0FF0A3F1FAD1FA73C73408ADA96A36BA4E9B71A85F388EDEDD0BC8D8CE07B7A93C0FA9AF06D6FC452EBDADC9A95E6E12484470C206E16E9D5573D89E49F53ED5EC3E2AF0CC9E2A6B2B59EFDEDB4D8A4325CC517DF9987DD19EC0727BFF005AF35F1BB595BEBE9A26956C96D61A4263620E1A67196627B90B8193CF2682A1B9827BFAE73C76A4CFCB9242AE3924F157348D2350F10EA3F60D2E00F2AF3248E711C20F763FFB28E4FEB5DB5C685E0EF03C51BEB2AFADEAB27CD1C3228627DD63FBA8B9FE26FCCD1E6CD9CD2765A9E6E6FAD5327ED31E0FFB59A44BEB5918E2E539F56C577F71E3EBB8A53168BA1E976B68BCAACD19DFD39CAAE0039C8E3355478EFC4258EF4D22442394366429FF00C7AB1F6F4D751DAA3D6C72314B1CBCC4EAFEBB5B34F0406CFF002EF5D1B78834FBAC7F6D78334AB94C9CC963FB99067D33DFFE042A5B6F0BF877C4395F0CEB93595E0191A7EA6B93F407EF63DD4B56B1A9196CEE66F996E8E5F192178E0E79A75B5C5C585E0BCB0B86B3B9519F3633807D987461EC6ACEADA4EA7A04EB06B166F6C58E12607744FF00EEB8EFEC707DAAA72F8C839E9E95A6E4DEE7A1786FE205BEA2F1D86B491DA5DB9DA930E219BDB9FBA4F1C1E0F63DABA1F12DAB5E786353B5C125ED640A071920647EA0578D3A2488CAEAAC1860A919AE9FC31E339B4855D3758924B8D30FC897049692DF3C73FDE4FD47B8ACDC7AA344FA3346CA6FB669D6D7208FDF448C403DCAE4D4DC05E7A7439E959BE1BD8DA1DBC68E8EB017883A9C83B588CE7D0800FE35A63EE8E39CF38350CDA2EE90703048EDF9D67EAD1EFB657E46D6E38F5ABE719009C9FEF0ED515E26FB3997BEDC838E98A16E366011FC59FBA706A7B28C4D7B183C8CE4FA0C5561B4AF4E3BD69E8F16F692538040DA3DEB47B08CCBE8DA1F125D020059A08E41EF8CAFF414A79CFDEC6724549ADA30F10D9B03F7ED64423D70C0FF005A660E07B7A9E9427A09060E07CDC03E9D690700F032463D2A68A3122B803951B971C671FF00D6A887DD1FC88A2E325F0D1314DAA5B7F76E048173D99473F9835D0617DFF3AE6B4793CBF125D42463CFB54707A7DD623FA8AE93CB5FF2D5ECE165FBB4714E3EF33274CB6540672064F033FAD5FC0E48273DB3574F85B5AFF967AF68D267FBD0BA63F26A51E12D7FA9D5343E3DA4FF001AF15A6CEAF688A04631D7A600C52E303904F19C74AD0FF84375C2081AF6931923A2C0ED8FCDEA68FC0F7AF1E2EFC5F1AB7FD3BDA22E3F32695987B5464FCA3F3A65CDC4369199EEA748901E59DB02B7A3F0468FB40BCF136A570C78F9275887E4AB521F0AF8034F4375776F14C14732DE4CF201FF007D1C51625D5EC8E08F88E3BD72BA7C91C71E70669159DCFAEC897E66C7A9C0ADED1342BCF38DDE9FA05E5E5D3139D435561001FEEA9F9947FBABF8D69CDF113C3FA5C5E4785F4917440DA1E2884102FD588C91DF807EB5811EAFAD78BA17BAD5EF645B495888ACAD58C71320EED8F99B27D4FE1DAAAC9109CA6CE8A4F1069DA429B699D35DD589C9B7D3C6218FD03393818C77393E9591A95E6B3AFAECD52EC5B59918FB058B1443FEFBFDE6EDC703DA96DEDEDEDA1582DE35891780A8A0014E27B750783EF49B358D34B57A915B5A5B5A4223B7812241C00A315281D3D8F19E3E9597ACEBB1697B20853ED37D36161B743C927A13EDFE7DEACE9B6D756F6B9BC9DA7BA98EF91B3C29F451D80E9536EA5A6AF645CC65874C632093C51839190739E4E7AD1CF18E839C75CD2E70A4E7F1A430FE1C7BF4F4A419E73804FE3460F1B7208E9ED59DAAEB965A3C7FE90C1A661948948DCDF9F41EE7F5A01B4B565DB9B982CA069EE6558E24EACDDFFC4FD2B9FBCBE8A4D971AB6F4B72DBADB4E03324C7B338F4EFB4F03BE7A567497BA96A738B90116453985E55CA423FD843D4FF00B4DF8015A7617FA5C31F93AC784AD752561996EA29D8DC93EB96EFEC08A4AA413B36AE672726AE96865DF5F5E6AED8BC6115B678B68CE47B163FC47DBA5547B78E49A29C431BC909055645DC87FD965EE3FCF15DFC7E00D1BC4565F6FF0008EB8E899C35BDC8F3150FF74FF1A1FAE7A572DAC78735BF0F03FDA9A7BAC20E05CC27CD88FB92395FF81015ADADB10A517A33B9F06DAF837C46893C3A1DAD8EAB62CAF245112A50F675208DCA7FFAC6BD073FAFE15F3CD8DF5D585E41A8E9B32A5CC0731B839571DD1BD41E9FFD7AF72F0EEBB6DE23D162D46D97617F964898FCD1483EF21F71FCB06833946CCD4EB473C75C9F4A3FCF14EF4F63412373F8D0338A4FE2E3AE697838FF0022800EBDC5381EE7E94CEABF8518F5FD28017079F6E947F0FF009C5073F874F7A3AFF2A003A0EB40FC3A5031C7347208C9E714000EBFCA83DCE3F3A3A30ED41FD73C714007F9E28FF39A38E3A7D28FF2281115EDD476167717739022B789A4727B05193FCABC2343D3353F17EB2D14076CD72ED71773B8C8815DB39F73D80F6F4AF5DF1CDB6A179E0FBFB3D2EDDA7BABA510A2A103019806249EC066AC7857C376FE18D123B28C896663BEE270306593B9FA0E8076029A1A6D6C66EA73E9DF0E7C2822D32D8199D8456E8FCB4F31EAEE7BF00927D06062BCB9DE69EE25BBBA9DAE2EE73BA69DFAB9FE8074007415D37C4ABB6B9F16C7685F11585A0600B701E42727EA1540FA1AE3CEA36833FBF538EBB41603F115C18994A4F963B1D541452E665AE993DB3413E83A0C7CC3A5321B98A704C52A3807AA1C914F208C9CF04FD6B85A6B4674A77D83A70BF438EF4C68925DA5FEF210C8CA70C87D411C823D6A423A7EB938A69C7AE79C509B4EE81ABAB33AEF0FF8DD7C9FEC5F1704BCB29FE44BC9943633D1651DC7FB5F9FAD37C51F0D66B047BEF0DAB5CDB7DE7B12DB9D07AC4DDC7FB27F03DAB9274574646190C083CE41AF40F0378DE5B8BD4D0F56640ECBFE85381B43E0731B7FB400C83DC7BD7A787AFCFEECB738EAD2E5D56C799248B2024127692086182A7D3D88F4A08E71E9CE2BD67C67E00835DDFA9E9812D754032DD92E7D9FD0FA37E7915E51209629E5B6B985A0B885B6CB0C830D19F7F6F71C1AEB222D337BC1CE3FB26E2155C086E9D7A76386FEB5BE48DBD067B915CD7845CEED4A3E36ACA8C0F6E579FE42BA5E98E5B03D2B296E6F1D83E6DA783D38C1CD34E5C1538F98114F180C383C5264804F7EA7DEA5328E64F7E071C74E6BA0B5885BDAAA919723273593676E67BE2BD514E49C703D07E35B993D89E9D3D6ADB0473FE213B355D2B8C67CE04FFC04543CF039EB91563C47817FA4939FBF28FF00C76A0232C0773DCF4A71D895BB27B2711DE444E704E3D8E692EA0FB3DCBA745CE573D876A8D0EC96323F8581FAD69EAF1874590638F9738E31FE343DC663D91F2FC5366E33FBDB7950FE1835D5653FBABF957220AAF8874A7E36B3C919FC57FF00AD5D6E0FA1AF5F04FF00767254F88D97CEFC0001CF71471839C60F26B9E93C4BA9CB9167A0C919E99BB9D5063E8B93503CDAFDD0226D420B4427056D20CB0FF813FF00302BC837D5F43A725234691CAAA2E4EF63803F3AC7B8F156908CC96CEFA84838F2ECD0BFE6DF747E26B19F4BD3F224D42696F2407EFDDCC64FD3A0FC0539F52861012D611B474C2ED5C7D05035165B9B56D7EF17F710DBE97093C973E74A7FF651FAD61DF5B4124C1A7965BF9F39696E1F781FEEAFDD1F80A7CD7934D9DE7E527EE8E2ABCB2470C2D3C8C15106589E78A690EC96A45346D792C5A645B83CDC48C0FDC8C7DE3F88E3EA6BA98E38E2892340AB1C636A81C600E9597A05849146F7D749B6E6EB9DA7AC71FF000AFD7B9F735A575796D6503DC5D4CB0C4072CC783E807A9F6A96EE35DD9200770E3B76AC1D5BC42B0A4B169EE9943892E0AEE48BD87F79CF4C0E3F9553D4B569AFE363233D8D80EB938966F6FF00641F41C9AB9A2E8AC4C779770AC222E6DED40C88BFDA6F56FE5F5A2D6D5836DE884F0FE886DDFF00B4AF11BED52F31AC8773203DD8FF0078FE83815D063049EE7B9EF40C1C0239C7D3EB54AFB58D3F4E47FB55D28655DC634F99C7E03A0F738A5B8D25145D00F4F5F5A8E69E1B585A5B995228C0E59D82E0D60CBAFEA176A3EC56EB6B1B0C892E3E673F451D33EFF955036A1E6FB45CBBDD4B9FBF31DD8FA0E807D2B09D68474BDC6937B17AFBC437374820D210229EB7932E07FC054F53EE6B320D2E08663713335C5C31CB4B2FCC49FE956B39EBF88A31EA7AD7254AF2968B445AA693BBD58BF2F183D7B74CD267A01BB3DA8040C71C9E727A0A7124672393EF581A1258DF5EE91A826A5A5CC21BB5E08232932FF75C7707D7A8EA2BD8FC39E20B3F13692B796EA54E764F6EFCB44FDD4FF3CF70735E2E076CE703AFA568F8675D6F0DF8862BD2D8B3B82B05EAF60A7EEC9F5527AFA135DB86ACD3517B7439AB534D732DCEEFC41F0CF47D54C973A77FC4AEF5B9DF0AFEEDCFFB49D39F51835CC78563D63C0FE305D3757804765AA9F296743985E503E4607F849191B4E0F23AF5AF5AC82BC60E790477A8A5863B84DB2C4922A90C03A86008E879EE3AE6BD038EEF6019E68E08F7A067BE7DB349EBEBDE90C5EFD338E98ED464FD7E947E3475CF6A004E4FAF069F4DF5FAF5141FF2280173F4A4E39CFE9C53B9C81EF4DC0A0418347033FA5047BFB71DE8C0E7F2E94001FBDFAD1D71FA73460F1E8683400EE39A68FC68E307EB471F975A0078CF1FCE9DCFFF00AA999E9EC7E94FE79F4A6819C54DE05B7D57C6B7FACEA9247756A4C421B3072372A004C83BE3B2F4E735D7470430C4228208E340301110003F015E2DE228E7B3F1BEB32C3733DB5CFDAF72CB0C851B0514AF4EA07BE6ACDAF8D3C55661546AB1DCAAF41756EAC4FD59706B9E55E09B4F43554A4D268F4CD43C31A26A8DBEEB4D80CCA085991023AE463A8F63DF35E4DACE8F3787B5C9B4A9A5699446268273D648C923E6FF00681047BF5AD593E2178AA588A87D36024F0E96CCCC3F066C5725AA6BAABA93CFA95D4F7779363CC9580E17B0C0E001D703D6B2AB28548DA3AB3482941DDE88B873F5C7040EB4A400C7393C718E2A386E23B98C4903ABA11C1152020609EE7926BCF69A76675A77D506473D70790453248CCA31B9918306574386461C823D082334FCE140EFEBD290E7A76EF426D3BA06935667AE7827C4A7C49A207B92A2FED0F957483A16ECE3D9873F98A83C67E09B7F135BFDA6DB6DBEAB02910CF8E1C7F71FD54FAF51D4579EF863596F0FF896DEF49DB6B3916F779E9B18FCAFF55623F026BDB7F1AF6694D4E299E7548F24AC784785C4B6BAE6A7657703413C689E644E3946048FC41C8E7D2BA9C74E067A82383563C5D098FE20C52A803CDD2B071C64ACBFCF06ABFF00182067B0EF4496A6F4DDD5D89C1CF1C1C67D695F8C81D31939E949C648E4027B8EB41E71BB1C9FAD49A15AC6DFC988B1FBF29DC7BFD2AD63BF73DFB5274C37E18ED4739EA79E99FD6981CFF890B7F6AE92A4FF0014A700F4F945463EF77E4F4A7EBE41D7F4E5CF2904AE7B9E4802A2E39E381FE455AD895BB179CFD0E700F26B7EE2232DA3A63AAE463B9ED5CFE7AF38CF15D2A1CC69919214673DE931A395603FB574ACE78BB03A7FB2D5D5FCDE8BF957357B188F5EB05FBA05E0C67FDD6AE9B7B7FB5F9D7AD82BF2338EB7C473C752BA2C4EE51EFB6A17BA9E4FBD33E0F039C63D6A33C76EBD00EB55AFE39AE44565006125D92A48EC83EF1FC071F8D799A1D6DE8490DC25CC42650C5189C1618CFBFD0D4A3B8F5E477FAD597B38ECE25591B0546D4893A81DB3E82AB64E791D4F718C5086000EF9C138C6304D2585A0D5AFC3C833636AD9724FFAD907F0FF00BABC13EFC555D43EDBE5882CE31BE4C86909DBB07F89A05AC92C0905D4FF00E8E830B6B08D918FAF76FC6864BBB7635EF3C431EF6874D4FB54AA705F38850FBB773EC3358F317FB524B76D25F5F39FDD46AB9C7FBABFC23FDA3F9D5C0891C7B220AA00F9428E05634D611A5CC8CD34D248E3F78CCF8CFE03B0F4A4958977366DFF00B3F4D9BED9ACDE40F76A7F776F19DE21FA01D4FF00B5F953AEBC5C52376B5B062A064CB70762E07B753FA563450C717FA98950673C2E335D97C3AF0AFF006E5E8D6AFA3CE9F6927EE108C8B89477F7553F9B7D28B77265269686B7863C177DAD69D1EA3E27BAB8884D874D3EDCF92A13B6F23E6C9EB8C8C563F8CDF4DB5BFF00F846F45B286D2CAD76C97A625C19A4EAA8CDD5828C139CF247A57B003D3D735C3DF7C2ED32EA7BAB98353D42DE7B995A663B95D0331C9E0AF23F1FC6A669B8B51D199C64B9AF2D4F37C8381EA793D8D1EBFA1A9B50B0B9D1F54BAD2EF19249AD587CF1F02446190D8ED91DBB62A1E71D33DB9EF5E3CA2E3269EE8F422D349A14E79C8E48E68E38249E940276F19CF6E7AD4735C476D199A53B5146493FE7AD4A4DBB21B76D592E3AF6E7038CE69B92703A803D2A8D8EB3697D39850B23F550E3EF55EF7EF4E51945D9AB0949357428F5EB8F6EB48EA92068DC168D970C0F71D297D33C739F6A07E98E475A5E83DCF58F87BAB36A9E14B7595CB5C59136B31279253A1FC5706BA6FEA3B5799FC2CBC31EAFAAD8160165863B945030723284FE5B6BD372057B54E5CD14FB9E64D5A4D109FD3A52FA7D2939A3E9EB543B0BF4FAD009149927AF5EC297BFAFD3B50203DFF2A77E5CD348E3D3FAD3BFFD74005379FC7BE28FE5ED47F9FA5001C7B71D3DA8FE234EE7FAD378ED91F5EB40838E7FC6827D28F4E9472185001F4E99A33F3607D7D69DFE79E29B8EF9F6E281873C7A54808E3EB8A6508704E4D084CF24F8876DF64F1CCCF8C2DEDAC73039EA57E43FA015CF00BC6391D7A57A27C55D3CBE9565AC46B96B29B64AC0748E4E0FE01B69AF3CF5E38FD2BCDC546D3BF73BA84AF1B7613F831B7DFA735C76B793ACDC139FBDC67E95EB3E12D1126CEA57481D14E2143C8247527E9D2BCEFC75A549A6F8825DC328E786FE5FA628C234A6D7742AEAF133345D45AC6F029622194ED71E9EFF00515D781807D3DEBCFF00D8FE35E8BE058E1D6DA1B7BB0CC023AB61B04ED1C73F956D8BA6ACA688A13DE2C8BDF9CF4C7AD29EA06074C60735D26A5E0E9E1CCD60FF00695C7FAB61861FE3FA57364346487054838208C107FC6BCF3AC6491A4B1BC6E3E470411D8D7AEF807587D63C256CD70DBAEAD49B69C9EEC9C67F15C1FC6BC908E38E9FCABAFF00861A81B6D7EFB4C627CBBB804EA09FF9689F2B7E6A57F2AECC24ED271EE736223757EC6978CC63C6760467E7D3A51D7D2453FD6B3F9E0E46471E98AD0F1B1FF8AC34CF6B098FAFF1A62B378DBC9C01EDD6BBA5B934BE114118C9238E739EBE94EE770047247E54981BB91DB228E38078A9340C10A339E3B66804FA719E3D28EBC920E4E3278228EBC73EC31F9500733A91593C5073FF002EF68ABD718DCD9FE429493CF1C11C7A0A2E2244D56EEEB70DD3E17A7002F14D19E481F9D68B6250BED8E09C74CFF915D28CE179238C019E95CE4437C8147F13000119EF5D2728B9079F506A645230F578C8D7F49C7F14F9E391C2B67F1ADBCCBFDC5ACBBEC9F10E963008549A523D3E503FAD6C795F4FCEBD6C0DFD99C757E22A8B7891FE58541ED85C66B022BE59B54BCBD4F98A9FB342C7A055E58FE2D91F8569EBD2C96DA54CF13324B80B1AAF25D98ED03F322A945A149676D1C092AB05001CF07DFF0033935E4AF33A9EF62B97791C962598F562739F4A6E48F6C0ED568D85D8E0464FB86069A2CAEFA181B83C0C55DD0C83E6033C73C0E338A0007231EDD6AC9B1BA0C0790D9EBDB152269572586E2ABDF04E4D1740675C4A2186593A2A297CE3D0563D98616718624B14C923D4F3FD6B7B5EB15B6D12E19A463238544503192C71FCB358B2158D0B363620C93D852BDC97B97745D1EE3C43ACDBE8F6AE53CD05A6947262887DE6FA9E83DCD7BDD959DBE9D650D95A46B15BC08123403A015CA7C35F0E1D23433A85D478BDD4B1238230638FF813F00727DCD7647BFB53472C9DD884845C92001C924E2B8FF107C48D2F4D0F6FA501AA5E29DA5626FDD467FDB7E9C7A0C9FA5677C5B984969A4E9C48226B869A443D0AA291CFB6585704811176AA855030140C0AE6AD88F66EC96A6D4A8F3ABB7A0F966B9BBBCB8BDBC9BCCBBB97DF2BE3009E802FA00001F8533F87AF1D722948EB9C818ED48483D80FE9E9F8579929393BBDCED5149590EE0F279E3232735CE78A2E1B30DA83C637903BF61FD6BA23EBC75AE5BC4F91A9AE7FE798C1EBDCD7461527535E86359DA065452B4332CC990C8430AEF21904D0ABA9C8750C00F7AF3FE3D3DBEB5DEF866D9EF60D3A0F98F9A42E075233CFE42BA3191F75332C3BD5A24C63A73EA280471819ED9EE3D2BACBDF066D52DA7DC92F8C8498609FF810AE5A689E199E19D1A3914ED2A46315E71D8745F0E9C2F8DC772F612A93E986435EB44E14FB0AF26F86C8B278D9982E7CAD3DC96E8065D40FCF06BD5A521139EF5EBE1FF868F3EB6B5191E738CF4CD3BDFF005A61FBC3AF5EF4A0FF00F5AB52477E5F8D19A38DB421F7F6E3B50217FC68FF00F551DFA0C7D68CFAFD39A04038FA8E0D19C2D21C9C66971E9D4500031D38E3F0A38EA28F4E7F3A01FAF140067D319E9F5A3E9DA8E3A7B76A3D7FCE681064E73F8D19CFF218A33F2FAE3A518EBEDFAD0C627B1A4E3FC3D69491BBDCD3727F0EB40EC36F6CEDF56D36E2CAE97743731B4720F50463F3AF0BB8B5B8D32FEE34BBCDDF69B37F2D8918DE3F85C7B15C1FCEBDD7251B20F6E95C8FC40F0CBEAD68BAC69B116D46D14868C75B88BA95F761D47E23BD635A9FB48DBAA34A72E477E8C9B4FB65B5D3ADEDC63E4400E0753DFF00AD6278CFC2C3C43A69F240FB5443E438FBDEDF5ABFE1CD523D5F4682E964DEC17639F71FCAB62DA21712ED6C8006783D6BCB8F3464ADB9D6ECD3BEC7CD3736D3595CBDB5CC4D1C8870CA4608AF49F84F6327EFEEDD7118076B118E4F1FC81AF43D6BC25A46A789AEACE39D9792C46187E3E952E95A75A5B27D9ADE3486251908A319EDF9D75D6AAE7150B59B30A71516E49E82F1C671D78AC7D73418F5588CF1054BA41856E81FD8FF008D74D258215FDD92A718C1E73EB549C346E5586D615C6E128EE6F19A7B1E5324524533C32828CA76B29E31577C3F786C3C57A3DD6F0886E842C7AE5641B71F9915D2F8B747FB45B9D42DD7F7D12FEF1718DEBFE23F9570F3C8D6E8970A70D14B1BA11C0C870455D176A8BD42A2BC5A3D07C66C0F8E6D13232BA63920FBCA3F9E2A9F181C8200CF4E9563C59B65F884CE0F31E971A1C762D239FE42AA640EDC63B8CD7AB2DCC297C23F9DA7DFA91CD21E99C753F5CFAD031C67EEFA74C7FF005A82FF00371DF9E948D001E87807AF5A6C8FB11989C6D04FAD1F316383DBD39F6ACFD7E5963D1E54833E7CE560880E32CC703F9E685B8376573339CE49249EF9E4519E063839E3D6AB58C8F258425886754DAE41CFCC383FA8AB3C0EA4E7AE7A62B4253BEA4F62864BC8F041C1DC475E95BFF46E48EDC66B274940F3BBF5DA3191C56A705B1BBF1C5437A948CC40B378AA6620E2D6D16319E99762C7F4515ABF37B7FDF5593A26D992EB50EA2F2E5993DE35F957F3DA7F3AD8F2D3FBC7F215EDE1E3CB4D238A7AC998D7FBAF35EB1B5CEE5B60D75203C631F2A7EA49FC2B4B838E983EBDEB1BC3F2B6A3F6AD59860DD384407B2A0C7FE844D6D74EB8FE405788CEC5AEA3707827BF38E9413D87E1F4A703F30C6323AE7BD3704FAFA7038348A17EFE17DB3F4A5209247B719E68E3919CF718E281B8F6E7EBD2811CFF008BA43F64B2840E24BA078EDB41355BC31A2AF883C4F65A737300267B91EB1A738FF811207E26A4F15480DF69E8738559188F7E07F5AEB3E105B44F2EB37A769955E3B75E7909B777EA4FE9568C66EC99E97FC8F4038C52FAF34746EB47F2E956731E65F14DB77883498FFBB6B336477CB20C7E95C69DDB4E723BD76DF15A175D4F46BAE02149E227BEEF9580FC813F857139DEBC839C75C62BCBC5FF0013E477D0F803E5C0C93EB535AD9CF797020B746776FE11C63DFE94D8617B89D20850B4921C2A8EF5E85A3E9316916C101DF2B81E6C857EF1F4FA0AE5362A691E17B5B0DB25CE2E671CE4F2ABF41DFEA6BCE3E22E8AF6BAA3CE887603B8607F0B1C8FC8E457B17A723A7AD50D63478358B6093E51C728E172467B63B83574A6E1252226949599F3CC71BCB2AA20CBB1C003926BD8FC0FA3F9212ED8111429E5C5C7DE6E84FE59FCEA3D3BE1BDB4379E634910C9C0F294E5BF3E9F857A043A5456F6E90A1F2D5176AA81F28AE8AD51D6B28AD118C22A96EF72AFB607A735CBF8CAC51EDD35145C3A9D9211FC40F4CFD3A7E35D53A18DCA9EA0F27B562F8B1D97C3B70A837CD2BA470C7D0C921601547D4FE99AE48C5B9591BF324AE33E155992DAB6ACD9D924896D1E7B841927F37C7E15DDC8E1C9C745E0566E81A5AF877C3D69A5AB299228F333018DF21E58FE249AB99EBFD2BDA4946292E8716F27264BCFB734A3B83F4A68E319A5E00FC7F1AA01E395FC7E94B8EB8EDEA69BEB9CD28FBD8EF4AC40EEBF9D1C85FAFB7349DFF4A5FC78A6217F0A5FE2F4EDF5A6FF000FF9E681DB9F7A00777A6FF09F5F6A33D7AFB0A33F31EB827F1A003B0C8E7BD1CF393DE8F4A5E0F5FAF340098EB4678C76CE39EA68E7B7E1EF463E6E680421F4FCE9A7F0EBDE94FD7A0EB4DE76FD28290840ED9A6E48EE7F0ED4A7BE7D6987BE7E949B291CB6A3A05C69DA9CDAB685087170737B61BB6898FF007E33D15FBE0F0DEC69DA678874E96F961676B5B91C35B5D298A419F66EBFF01CD7467F9F5AA97F6165A95B1B7BFB58AE63CE764C8180FA7A1FA5613A519BBECCD5376B742F60151D0E466B2849E55DEE43F74918F51DEB3BFE11B96C971A36B57D65181FF1EEEDE7C3F4DAFF00301F46155C9F135A921F4DB1D423CE37DBDC1858FBEC7E33FF0002AC2AD293B38F41C15AE99D62489246190E41E7DEA0BE8C1877F0190F1DEB9B8FC43359664B8D1757B65079FF0046F354FF00DF04D364F1BE973A00CD749EAA6CA607FF0041A96A4E2D34EE251B3BA66AF073FDD239046735E69E26D28DA6A2D610722792310A93FDE6181F5CF1F857623C57A6BB85861D427623858AC6539FCD78AC08ECBC43A8F8A2DB557F0FCBE4412ACCB1DC4C910257EE0E727009CF4CF159D1A52E64DAB1ACA4B95DB535F5AC49E3AD61F764471DB46483D30A49FF00D087E75071B8F3CE6A8D8DC5CDEDE6A97B7623F3A7BF937AC44B2A95C26013D40DBDF1577AA9C73E95E93229AB450BC9CE383D0E3AF14BC1E41E3A73DA908F404FAFB5260FDDF43CFBFAD22EC3CEEE475EE2A1D3AD4EADE2EB48480D0696BF6A989E8643C463EBD4FE14CBCBA8EC6DA4BA933E5C40B11DC9EC07B9E07E35D0F85749974CD28CD7400BDBC7FB45C81FC2C7A27D15703F3A3625EAEC700615B5BCBFB55FBB05E4C8323A0DD9FE468CFCA063F4A9B514F2FC43ACA0E8B7AEC33EE01FEB51C68647545EAC42D6AB612D8D6D323D96DBB182C73E9F4A358BA6B3D2A5687FD74A04310033976E07E59CFE156E31E5A2C608DAAB8CD6639FB76BEB1000C3A78F31FBE656FBA3FE02B93F88A54E0E73490A6F96268D9DAA5958C36A9F7214080F738FF1A9779F43499F9BDF391DFEB52E4FF79BF2AF7968AC7114ECED62B1B44B680058D3380063A9C9FE66A4EBFD314AE7E720FEA334F8A357C9390ABC915F3A7A0958660720631F9D51D4E668E110A1F99FA9F6ABC31B8E401DC71D6B135191A4BB7F9B217818ED8AA4AE0CDB18DA0019C0E79EB46782467D70074A48CE63561D0AE464E28CE3EF67DC8152072BE277075C8223D16D49FCDBFF00AD5D2FC28BE6B6F12DF69EC485BBB512A8C7478CE0FE61FF004ACBB8F0EDFF008835FBA3A6B2FDA2D2C52410B8C79C0BB0C03D8F1C678EDC75ACCF0FEA6DA3F8A74EBF914C26DAE84170920C3206F91830F51907F0CD688C26D34D1F4075E9467DA97FA1A0FB0EB54739C6FC50B0373E155BD4037E9B709707232767DD6FD1B3F857997A0FD41EB5EF1776B0DF59CD697081A19E331C8BEAA4608FD6BC2AE2C67D22FEE74ABACF9B64FB371E37A7556FA15C1FAE6B871706D2923AB0F2B5D33AAF06E9B88DF51917963B22C8E71DCFF4AEA7F8BF91EBF4AA7A3C46DF45B4880C7EE8139E793C9FE75739FD3A8EB5E71D4CBB65103994A8249C0E38F7A7DF22F961B8C83D4F5A6D9DC471DB84660A41EFDEA0B9B8F39F68E117A7727DEBA1B8AA76EE609373BB1F6317EF4B11F7071EBCD68F3B7F95621D6F4AD2212750BF82DDD8E1509CBBFD147CC7F015049ADEB3A982BA3E8E6DA3ED79A98280FBAC43E63FF02C56D460F95344546DCAC59D4EE6DED1A5B9B99D218631F33BB6D02A9689692EA9A8C5AE5FC0D15BC00FF66DAC8B86C9E0CEE3B1238553D01CF534EB5F0CDB9BB4BED5EE64D5AF14EE57B8004519FF006231F28FA9C9F7ADEDF9E49AD69D1506E4F5653BB493D87176273D49E69E0F40476E7351827D7B67DE9DD7F2ADEE4325CF5C1FAFB53860E3B0A60E7D7A76A7FA0E4D34431C3EF63D3D28E79C75239F5A41F7BE879A518AA258EE36D2FE348013CF2294FE18F5E940831F29E9D28FE11CD18FF228C73C8E868100FBA3A53BF1E73CD33F8BF0EB8A5CD020FC3A7147BFA9A3D703B518FF003E940C0FD4507F95193D3AE39031487E809A06843F881ED4D3C7F5A71069A73FE1ED40D0C392B8FC6A33FCF9E6A420E734DE3DE91688CE491E83D4D46E3DB9CD4871E9FD698738C541A4461FFEB9F6A8F9E338A7E176F3EBF95308C376EBDB8A4CD108739F4E38E78A0C8FFDE3C8E99A319C0EDDA9BEBEE3F0A45A149638F99B3FA5325952DE29276E91A176278000193FCA9D9F7AC5F195D1B5F0ADE846C4B72A2DA3F7690EDFE44D08727657395D103368D6F3480892E034F20EB92EC5BFAD6871B7EE9007273D053628D61863823C08D0051819E00C0A518DC07B706A999AD10B9E99C71F8D2641E06324638ED4EEC73938E7355A2B6B9D7F526D26CDDE38E300DEDCAFFCB153FC0A7FBEDFA0E6806EC58D12C7FB7B5617728074DD3A4FDD83D279C77F754FD5BE95DB63E6273C75350DB5941A7DB45696C8B1C10A848D471803FAD4C3D3B91498D2B23CBB5839F13EB1C8C7DAF1EBFC099A9B4A87CC94CE41DAA3008EE6AA5E9797C41AB10A0B35FC8A3DF181FD2B662F2ED2D86E62AAA32495C935A3D895B097D7A9A7D9C972CA599462341C1773C05FC4E05334AB392C6C424C4B5CC8C659DC73976EBF80E9F85677DA3FB4BC4565091FBA863926443D378C00C7DC64D6EE00CE3B9CE4D7A183A692727B9CD5A5776018183D31C8F4A7E17D0FE744713CB20441F3B9C0C56CFF0060A7FCFC7E95B55C4469CAC649181F301C0E7E98AB52FEEAD02E0E58E091C83EB55E14F3245CF3CF38E9535E11BD78E8338E95E31E815C9017B7D3D3D6B9D721E566278639E79ADF9C810C8464E10919E2B9EE739208E2A9099BF6AC5ECE13E831CF3ED52E0EE1E9D86719AA5A53B1B62B9C946C1E7D6AE1C6D0C3B75C0FCE93DC68BDE0C931E3BD41003F36991B7E529FF1AD0F1D78162F12DBC97961B21D5026DDC7859D7FBAFEE3B376FA567784DD62F1D73FF2F1A6BA83FEE48A7FF66AF4027B63AF154B63925BB327C23AADD5F786AD1F528258AF615F22E5255DADE627CA4FB8380723D6B74489FDE191C63A556FE2CE7DBD6ABDD3CC2DA56B58D24B8D84C69236D52DDB247414EE4F2A6683CA91A17775441C1666C0AE2BC79E1A1AF5BA6ABA3B4536A36CA54C68E09B88BA95FF0078751F88EF56A3F0D5BCDBEF7C46EBAADCED2CCAE998211DD638FD3DCE58FAF6ACDD23C3565A8CEDA9DC68F6F616722325B58AC0A8CC87FE5A4A473B88FE1E300F39349D9A6994A2D3BA1BA56BFA6BE896D3CF7F040563DAEB34AAAC8470410790411D29DFF0946972305B2FB46A0D8E0595BBCA0FFC080DBFAD6D43E1DD12CDC3C1A358C6DD370B7527F3ABFC01B546140C040318FA571FD5A09DDB67529499CD0B8F10DD63EC9A2C766ADCEFD42700E3FDC4C9CFD48A78F0F5FDE20FED5D76761D5A0B15FB3A1FF8172C47E22BA1393CF4FE94C3FCBBF5AD634E11D90B57B94AC344D2F49E6CACA28E43D64C6E90FD5CFCC4FD4D6875F5FE79A671CFF9CD3B03919E83A5683B58775F4EBD3D69DCFF004A68F6E3EBC5380F97F5A0962FA739F5F6A907DEE9ED4CE8474F534EE7767269A2192027F0CFA74A763F4ED4D19FF0F5A7E47079E4D3443147DEEDF9D387EB4D1F4A70EDC5510C5C761F5C74A5FE2E9471D4E31EBDC5033D3A7F5A042D27E1C0FC682718FD69C3B9E322810DE3AFB7AD1EF9FCE933FE269720D021727FC8A4C9F5FD68EB4B4021BF98A0FDEFAD1FE7DA83414263FF00AFEF4D23E5E29C71F9521C16F5A06861239FF1A61EA7D3DAA42179E87FAD31C74C7E348B44441E320534E7D29E7F1F7A691F2FE9D6A0B4C8881F877A67F11CFF00FAAA523DB9EFDE9081FD4D06888B1E9DBAE7AD27AD388EB8FF001A38DDFE1DA958AB8C03E527A7AFAD725E2EB8173AC69BA60C91006BD940E718F953F3249C7B575E7014B13855E493C002BCEEDAE7FB5AFEF75A230B7726D873DA24E17F3E4FE34D2EA26EFA17323B9C7AFF005A4E4678F7F5CD36596386269A69552351977738007E349A6E957FE253BA3325869278370576CB71ED183F754FF78FE02989BB0C823BED72FDF4ED25B6796717578C3296E3D07F79C8EDDBA9AEEB48D26D344D3D2CAC90A46A72C4B659D8F5663DC9F5A7E9DA75A695671D958C0904118C2228E3F1F527AE4F5AB601E9EFE9410FBB193C79407182066A04C6E1D71D715739E73DB8AC7D72EBFB3B44D46EB38F22DE4618E0E769C7EB8A4D0E2F4679A69B74A166D467CB4B3DC4B22A6724E5CE0FB5171732DC4A58B7CA070A0F4AA76519B7B3863CE76A004FAF1CD4F9E08E724F1DB35A586B4449A390FE2493924C7678191D72FF00FD615D1FF11E31EC6B9BD0FF00E465B9EA716680FF00DF66BA6CFCB8C1C75AF570DFC34724FE265CD2067514C755463C1C7B7F8D747B13D0D73FA20C6A2D9C7FAB38E3DEBA3F97D0D79B8B7FBD638EC7236A33231DBDB00E714CBC07CD3C01800907B54B6B83131F53819E6A0BA24CE0632081C75AC3A9DA56BA3FB8978E887A75AE789F97A8CE307BE6BA19429864E0E769CE3E95CF8C0EE08CF3815684C5D2EE2E22D6256724D9C8EB6DBBB24BB37A8FF810C8FA8AE8C763D33C556F09D841ADDAF887469B28D30826490758D8021587D0A834DB3B99E58E48AED3CBBC81CC37098C6D71FD08C107D0D27B9116EED32F69171F65F1B68B31076CE66B6381FDE5C8FD52BD28E7FCF19AF26D426368B69A80CE6C2F22B83838CA86C37E84D7AD1C7F090476229A329AB4861EC38A8CF7F7E2A43CE077EBC76A6919C75C9A0488CFD7EB4D3EE739F5A79C8E29AE074FC38152CD131849F5FAD34F7EBC53CF6CF38A69C0F5CF538E948B4379EBFD69BEFC0E334FFE2F6C63205200493D7D79A0620E39C75F5E714BDB8E9D327B51CF7C7AE0D2F3C64F4F6E4D0018033C73DA9D8E9DB1ED4800FCBA669C07EBD68131700B7E14F4FD3F9D34638381D79CD380C1E9F9D3466C9003E9D7DA9463BFD73E94899FD714F1FCF9CD344301F43FE34A33CFBF7A400EE1E83D69FF00E7DAA8962D1CFAE3F9D4724D14263596454321DAA19B1B8FB549D3B0C1E69225871DE8C8A3D79FEB47BFE3C53107A8E28C67233ED47A7D3F3A47210658A819E4938C5003BF3EB49F9F06A1FB759676FDB201F59549A51796873FE930E3AE7CC068B8ECC9F1ED4DEB8E9552E356D3ADD732DEC2BFF03073F9566C9E27499C45A559CD7AE7A301B507D4D26D14A127D0DA91E3419765504800938FF2683F80ED59965A75D4B3ADE6AF2AC92A9CC50A0F921FF13EF5A847CBFE3421D92D2E30E770E69A40E4FE9521C1FAF5E69A79C9EDF5EB4C69919E73E94C20F23D3DAA5C7A7AE0FA1A6118E7F2A929323C7CA3F3F734C201E7815291D3F5F4A6E318E2A4B4C6143E9FD69B83BB91D7A8F4A931938C63B5214F9867FC0D055CE57C6DA8B47A7268D6EE45CEA7946653CC708FBEFF0088F97EA6B9B82E0DCCC34ED16CDEFE58C05DB11DB144071F349D001E9C9F6AE967F0341A96B977AA6B37D35E2CC42C76A84C51AC6BF755B072C3BF604D74B6D6B6D696C96D6B0456F0A0C2471AED51F80AAD09BB6CE5F4BF052F9C97BAF4CB7F3A1DD1DBAAE2DE13ECA7EF11FDE6FCABAC00F7EBE8697029D8E9D464F153B86884F4E9EBC8A51E8052E0E41E869F8FAFF5A7625B0C138E95C57C4CBA316936F62AEA1EFAE51594F5645F99BE9D07E75DB8EFC76AF2BF1D5F8D4BC5CD021FDDE9B088467A195BE66FC40DA2A92127AD8C5C7CFCFA67E940C7B9CF5C9A4CE38E724678ED4F892499C2203C8CE71C0AA361DA38DBE2471920CB698193D76BFF00F5C5749C119C75EDEB58AF1A596B3A580010E92C5CF72406FF00D94D6D6338C9381F857A78577868725456933474427FB45F0063CB38F5EB5D1E24F43FF7D5733A2B94D480278646193F9FF4AE93E5F55FCEBCEC547F7AC23B1CBDAA7EE0723209C7BD417A30E3A7CC31CF152599FDD15EBB4F041A4BC00C7BB691B4E0815CFD4ED290E463820FEB5CF4A82395D4E3E5241E715D081D876CE3B562EA3184BC73FDE008C77F5AB42668F826E8DB78C843B804BBB4742319CB210CBFA135BBE32D1A485FFE121B04679624097B020E66887461EACBD7DC715C5437A74DBFB2D4B9C59CEB2BE0F54E8DFF008EB1FCABD8FE43823953C823A1F4A52D1DCCEDA9E6CE906A560CAAE2482E222A181EA08FFEBD775E0BD49B53F0959348C0CF6EA6DA7ED8923F94FE6003F8D71FAFE8537872E65D4B4E467D26572D716E8B96B563D5D47F70F52074EBD2ADF823514B2F11CB64AEAD6BAC47F68B76072BE720F980C7F79307F034D133D753D048FCBF9537EBFF00D7A7919EBE99E29A33B8E7F1F7A6C8446707EB4C3EC7F3A94F2C3D33C834CC7B1A4CA447D7E99F4A43DBD0D3F079FCB9A319E3A549699191F9E79A5E69C7E9F90E69027F3A0AB898EDCE47AD2E3EB463B0C727F1A5E9EB9F4140AE201EBC93D69C0657A76FA503AE31F4F4A77A73D077A7625B1C131FE14A00F5EF9C9A4E7BF5A781C7AFE14C8619F9870453B1807A52018C63F9E69C3EEE0E7238E9544B17F134BB0F519F7A00E07D697F3FC682591DC5B41790B43711AC91B750C323FF00D759874BD46D3234BD40EC1FF2C2E86F51F46EBFCEB5FD339E9473CF1D6958149A30CDD78995829D3AD5C83F7965C03FAD4C1BC472E322C2DC1EA496722B5BFC8A39FC3B7BD161F3DFA233469B7F281F6AD5A639EAB02AC63F3EB520D12C379696233BE7ACCE5FF9D5FE319FCE90D3B0B99958E9B604153636C467BC4314CFEC5D2BB585B75ED10AB9FE3F9D073E98145907335B32A2691A646C196C6D830E87CB1C55A08A836AA851D805C62947A507F3CFE3458576F761EFFD690FA77EB4BCF4F7F4A3A31CFE1EB400DFAE7DCD348C28E9EB4FC77F6EB9A438E940C6123DA9081EDFCE9FDCF7A6E31D31FE141498CC63A8EF8E3BD308E4FA54BCF39A31D3D6A6C55C871D7B9F6A4299F5E95291D3F23ED46CEBF9D161DC88A1E9CF4FCA940C76EBED5263F9D340EDC7BF34582E371C66940F4FD2A4D9F2F3E9D28D83FF00D7C5160B89B33E9D29D8F41EF4A33D3F3F5A5E9C9202E32493D29D896CCDD7F588B40D06EB549B07C94FDDAF79243C2AFE2702BC6ADC4BB0BDC3EFB895DA599CF776393F8678FC2B73C5FE231E27D4D12D9B3A558B1309E82E25E864FF00747207E26B1439FC71EB548D211EAC7607B6473C74ABBA4BFF00A43272370C8AA00E79C673F8558B038BC4C6476E3BD0F6342DEB6E62B7B6BB1C7D96EA390B770A4ED3F986ADAFE3C8E9DFD6B36FEDBEDBA6DC5B753344CA08E4FB7F4A9B48B9379A55ADD13F3BC6BBC139C30E0FEA0D76E0E5A3473D656699A76122C5A8C0DBB197DA4FD7FC6BADE3D16B8A27636E5009521811DABA6FEDBB6F7FFBE6B0C6C1B9A6445E87396B20123A375619C1AB1311F676CE318E9EB599BDB7820F23B8EF4AF7124980EE5B1D39AE4B6A760993D07AE2A8EA51F990ACD8E63E0F19E0D5D3F74818E39A614F32228DDC608E99AA4073D222BC722372AC30C3D8F5AF48F046A4DA8F862059989B9B33F6598FA95E87F1520D79DCB1B45332B1395E0F7CD69F83F55FECBF13AA48C05B6A6040E09E1251FEADBF1E57F114DABA25F73D481C383DF3D08CFD6B8EF13F80AEA171A978499229A2996E058B9DA824073BA33FC24F20AFDD393D0D761F527F9D5CB7937C23B95E09A88B32A8BA91D94D25D58C1713DB35ACB2461A485B968D8F5071E86A5C7E7F9D3B0690E7DAB4334C691F8E69A7A9C74ED4F23FFAD8EF498A5629322C139CF4A4C7E55238FC39E9487EF73D3B522AE478FAFE147BE7EBE95260D18E9FE4D161DC8C0E9EBED4B81F87519A7FE94606EF61D6815C681D79FAFB53827BFD7B53B0A3E80E697F0A626C40338A701F9D1D7AF7F4A763E6A64B60076F7A77F10A307B7D297EBF9504B61C6051EDCFF85007E03F3A07A52B0877E5C51CFF00FAB9A6F1B7F5A3F953107E147E7C5038CE051907F3A0039E290F3DBB629E7D3B1F4A6FAF5F7F4A003233F4EF471D451CE7F97BD1F4E68187D7F0A09EFF0081CF6A3AE3D09EB40FFEBD0018F94527E7F8D047BF3FA53BA67D71400DC75F6E68E9838E3DF82294FF002149D7FF00AF4AC1710E3FFD54119C1C7B0E29C47F2CD1FC3FAD31DC611EDC5211EA09A7918A3D0FF9140EE478E3B918FCE8C1E7E94FE370EF463927F1A07719B3E5EF474C7E7D39A7E06DFF003CD2E318E99EB40AE4607CBF53C9A5C7B7FF005E9D8FD686291233C8CAAAA373331C003DFD8500D898CE7DCFE35E67E33F187F6B349A36953E2C5495BBB846C79E7BC6A7FBA3A123AF41C7351F8B7C6F26B9E6699A24863D3892B35D21C35CFAAA7A2F6DDDFB715CB222A055455545180A3A01DA9A348C6FAB1C368408A0051C050318147E58CE46683B8609E8467079269D0C6D2CA10670C7248F4EF48D89258488239B27E72481D87A52D97FC7F4447AE78AB5ABC82DB4A96620958B042838C738FEB55AC7E7BC8F91C6486E946E83A9B20124119FE5557412629350D3CF4827F3231D3F76FC8C7B03915649EA0EEE7BF4354588B5F115A5C642ADCC6D6EDF5FBC99FC88FC6B5C34B96A2BF533AAAEAE6D6095E40C8383DFE94BE4FB37FDF550DF5D258594D772FDC8632D83D4FA0FC4E07E35C37F68F8A7FC9AF46B4A29EA72A4CED0EE2DD4648C7349C738C8C1F4E0D2673C67E9DB34B8C74FC3B815E39DE19F97AF3FE73484838CF73939A070BEC4679EA28C83C13D7A83FA50053D4ADF7C5E70032BC11EA3FF00AD5912C4B730BC44950470437208EE3DC100FE15D1E37E41040C7E06B1EF2DDADE5E87CB6FBB8EDED4D3E826AE7A2784B5EFEDED195E6205EDBFEE6E907F787F17D1873F9D7456CE43EDFEF7B75AF1AD235997C3FAB2EA48A5A02A23BB887578F3D47FB4A727E9915EB76F7115CC31DCDB4AB2452A87475390C0F391F5A96ACEE66D5D599AB838FF002693FCFA508E2440DD3347383F5FCAA9331D84EA0F3DE931DBF0A77AF1C9A4A61719D0F6FAE283EBC7D29F8CF38FFEB526076FAD03B8DC0DDD78C7D68C0E73FF00D7A701F4CD1CF5CD2B0EE263B7E94003AFBF3C5380FE5F9D001E07AF3D28B0AE340C77E314A00C8EA78A763FFAD4A074C7E14C571B8FFEB53BFF00D7475E3F034EFF000ED409B131F5C51D14707DA9718FA527EB42106739F4FD683F7BF5E681C8FD0F6A380C307AFAD0003B7D78A0E327DE8E983EBC51F8F39E68107A7A63AE28E3AF7ED4EF7A6E3140075C7A51EFEF9E681EDCD3BAFD3F95031BCF5FF228CF03F2A5FCFAD275E9D4D0203F951C73E947A9E73E947F175E3B67AD002F3EFD293DBF4A3D31D3BE69D9A006F27D318E28F5E7F3A3FA52F3C64707D2818727F0A39E3038A4E4D1FC5DBD0D0018FD39A381F5A77B7414D0383EB4007CBDBBF349C7BF1DA978C0FE78A38E7A629582E1F88A4FF3F8D28C7E39AE6FC4FE37D3FC3B9B68C7DB751232B6D11FB9E85DBF847EA7B0A2C336754D5AC747B092FB51B94B6B741CB31EA7B003B93E839AF1FF001AF8CAFBC45673468AF69A7636C56E4E1E763C29931DBBED1D31CE4D54D4B51BFD76F85FEAD3F9D2AFFAB45188E01E88BEBFED1C93FA5663FF00A4EA11C20FEEEDFE77C71963C28FC3935491A28595D96E28FCB8D22073B5027E5562DADDEEA6083213F89BB54288F2385032CC7803BD694812C6CCA2E0BBF19EBCF7A19B245399D1E462A30A0ED03D00E95A1636FE541BDB876E7A741FFD7AA9616C64944CE3F760E47BFF00F5AB533DF9C138FF000A4D948A1E2023FB06F064728003D739618A6E9B1E6676CE42AE0718C545E207CE9AB09C832CF1AF1FEF67F90357AC54476D925BE73B8F1CE297427A96B7A9C9CF5E39ED54B5889E4D3247889F3602268F1D72BC8FCF047E356F38F7DBD33C9147A7A1EA3D7D684ECEE5495D58C8D6B528B569ADAD6DC86B7555B9998739C8CA2FEB9FC054387FF2D54ECEDD2CE5BAB440330CC78EB90795FD0E3F0AB5F3FF00CF46FCAB5A93737732A70B23A12483C13CFAD1C6D3D383F4A4C93C7A7E029A49DC38E33D7B0AC8D493F8867839FC2B3A526D75EB77FF00967771989B3D9D7E65FCC122AFE4825460E7D4551D5ADDA6D3A531922588896223A865E47E7D3F1A481EC5F241EF8CFE951CB124B19461F7BB63A545677897F6715D443E5986E208E9EDF81E2A6C0FD79EE2986E635C44F6F310C783D0E3822B6BC1FE251A15DAE977AE069B3B7EE5C9C8B790FF0009F4463F913E9515C44970843F6E84718358F736EF16E494028C3192321C53DD5896BB1EDF6D232318DB8C9C8AB5F4EBD6BCA3C25E316D25A3D3759998D98216DEF1DB261F447F6EC1BB743EB5EAB6F289630C0824FA720FFF0058D4A56D1984D751DFC27D0FAD18A5F7A3D491EC7B551171B8EBFAD1B3BF14BDFF00C8A31D714009D7A6783460FE54BE9ED4BC7B75CD0171BCF000F6A500FE9D697EBCFF002347AFB7B501713FCE68EB81C9C77A2979E07FFA8D02B873C76CF5A063823BD1C7A60F4A3DB8A005A4181F5C73DE9DC71D29B903FAFB5020FE2E7FFAD47A7F9345071FA7514007D4E0E68E3F314EF4E98A6F07A63DFB5001D3F1EF49FC3F5E7E94BE9FA503EBC8E28003D7A75E3D29C7D7DBA5378E99A33C7D3A8A0619F947F5E33477C7FF00AA8F4FA51F414007AFA0E9C51F514EE79E9F8D37DB1F95020F5FD28C8DBCF7A3EB9F6A07DD39E45030E99CF6A3D3A7E028E9FCE8FF000E28106477EBEF467E5FD28FE1E28E79E98A06071CF07A53B82C393ED4D3D063F9523C8B1C6649595235196666C01F527A5003AAB5FEA365A4D9BDDDFDD456B020E6490E07FF005CFB0AE375DF89D6506F83C3F10D4661C1B8725604FC7AB9FF00778F7AF3EBFBDBCD62E85E6A978F793A9F9038C247FEE20E07F3F7A762A306CEA7C43F112FB55DF6DA1092C6CC8F9AEDC62693FDC1FC00FA9E7D85723146B16703E662599C9CB39F524F527AE4D2E727A9CE71D73484E15B240519CE78A2C6F18A88DB8B916D197232D9C228EACC7A0FC4D32CEDDE18829F9E673BA461DD8FF874FC2A2B6CDF5CADDEDFDD20DB0A1E73FED7D4F415BF6766B11DEE01931C03DBFF00AF43635AEA49656AB6E819C0F331827D2A19236BDB9249610A1C0ED9AB79F4C1E792453B20AE3B939C9E6A6E58E08A001801178000E940EFC609F6E94DC8DC09EB8CF0698EE91A9918808A09627A01DE96E066EA28D7BAC5B5A03F2400CD29F427E55FC7A9AD61B428C03851818159DA3FEFA197517521EEDF7283D55070A3F2E7F1AD0CA819DD8C5312EE3860F3D48EBED4848E31D3A1C0A670719EFE839347392076E00E98A433175506DF598661D2EA2DA47FB4BD3F427F2A4CB7F7BF4AB1E2043FD9A2E30336F2ACBCF5C6707F4350E63FEEA55A22F666A58DF47A8DAA5D439DAC48C1ED8AB231C12DEC73C565DB46BA76ACF6AB85B7BA5F3225EC1D78603EA307F035A43B7FB43BF350CB4F41DEB9E1BBF6143E5D4A7AFA8FCEA3CE0000900F7A7E7AF6F422981896521D2F557B2948105CB9688F5D927A7FC0B19FA8ADBCF5C76E2B3358B34B8B6F9970A78241C6D3D88F706934AD40CCC6D2E8817710C96C604ABFDE1FD4763435D494ECECCD4E4F53920671E94D96359536B0DC08C7BD1CEEE781DB34A3EF64F6E7D33414655D5934392143C6473C64E3DEB47C33E2EBFF000B4C9032BDEE939C1801CC900F5427A81FDD3F853B27BF4EFCD56B8B08E505A2CA1CF38E869DFB9328DCF61D2F55B1D66CD2F74DB94B881FA321E9EC475047A1AB5C74E78AF08806A1A25F8BED36E64B49F3CBC7CA483D1D7A11F5E7DEBBFD03E26D95D04B5D75174EB93F289B3FE8F21F663F709F46FCE9D8E6941A3B8C2F3475C522BABA2B290508C860720FD3DA97FF00D74890E371C7028C77A3F87EBCD1DB38FAD001E849ED4EF5C7E069076149FCBAF02800E78F7E69DC7FFAE9BFC5FCA8F7FC28107FFAE8C7F9EB471B738A3F0E940C0E7AD00FCC7FAD1DF8C67A51FC5E9C71400633C679CE68F4C7E140FF003DE81E9C5001CD3BFF00D54723AFE54DFF001C034080D3813C73DBE94DE7BE3F0147B9CF1F85001C9A3D3DBBD1FCBF2A3042E73D3B0A061D3347B51E9F9D2D02108CFF003E29383DA97DB1F90A303703F8FD6800E78E38F7A3D8739F5A0FAFBD181F867B5001D00F4F7A3DFF00C8A319E39F4E05656B1E27D1342C8D4B51861908E210DBA46FA20E68035477FE74D9658E085A59A548E35196772140FA935E6FAAFC53B99919343D33C90471717DD48F5118FEA47D2B8DD4AF6FB5A984DABDECD7AC0F08ED88D3FDD41F2FF3FAD3B16A0D9E89AC7C51D36DB743A25BB6A920E0CB9D9029FF0078F2DFF0107EB5C16AFAC6AFE207DDACDE99E3072B6D10D90A7FC047DE3EED9AA3818C0E02F6CD195E3A118C9C516368D34B71DD5B382063181C629791827381DA908F980A6E475EBCE4E79C533424F5E091DC8FF3DAA96C7D55C451EEFB329C311FF2D4FA0F61EBDEAF7D88DE82841F298618F418AD4B5B54850450AE4E30001C9F4A4D89AB896B66B6EA09C6FC6010381F4AB1F305CF539E6B4E3D0660BBEF6682CE36190266F9BFEF91CD27D8B4ADA47F6BFCC38E216DB52D362E74B4467073C6383ED4D1845E00F515A536893242D716B3457B0A8C9684E4AFD41E71599BF3B720FA72324D2B149A7B0BE817B9AC9D5A56B89934B8891E761A761C154F4FA9FE556B53BE4B1877005E590ED8A307976FF01D6A0D26CD9049753B069A56CBB9EA4FB7A01D00A6909BBBB234D0048C22E02818181914864C63F203A75A320719C63900FF009E950492FF00A6431649C65B83D3B0A2C5163396FAFE54E19DBDFDB34C18E7191CE7D28E3918EF9C8A56012E211716D2C0D93E72329C0F515E7FE5EA7FDD7FCABD0724AF07827239E94CFB143FE4D512D0CD4AD9AEADBF72409E261242DDB70E9F81E47E34FB2BC4BDB45B95046EE0A91CA91D47E072295265946E439573818AA24FF66EA5BCE059DE38DFD8472FAFD1BA7D681BD1DCD4CF420E3B0F6A6F3B4FBF27069BCF20E28DFD33DBA9353618385910A38386E08ED583756A5DC297292C4D98E543865F422B7B3F29033CF407BFAD54D461678C4A0FCCBD40F4AA426AEB521B1D5B7B8B5D436C5719C23838497E9E87DAB4CF19519EBCE6B9E9228E4431BA2BA3762334B05D5F58AFC8DF6B841E2391BE741ECDDFE87F3A1A15DADCE809F7EDD4D23F20861CF619C553B2D56CEF5CA46FB241C98A4055BF2EFF00855BDF86C7A70726A6C55D3D8A4F71259B1470D244C7863DBDA964B5B7BC42D115E4608C647E22ACDC46932146DB83CE7A62B24192CE72A09054FE06AD08BBA66A5AD786E6274DBD9228FF00E7DDBF7901FF00809FBBFF0001C5761A57C538C858F5CD36481BA19ECFF789F52A7E61F866B95B7B94B843C00C3AA9151C9670C8DF2E51BB951D6919BA69EA8F60D375ED235703FB3F51B7B86E9B43E1C7D54F20FE157C8E80F0D8F4AF9EAF74D9AD6437D6EAB22A8FDEAA70C47F787B8F6EA2B4F4DF156BF6288F61ADCED080088E6226423FE05C81F4229D8C9C1DEC7B97A77A3EB5E5F6BF157578B1F6ED1ED2ED71C9B794C4C4FD1B23F5ADAB7F8B3A049B45DDAEA368F8CB6E83CC51F8A93458869AE876DF4F5FA507F120F5C76AE7ECBC7DE14BE04C7AE5B2303F7676F28FB70D8AD68B55D3AE1808350B49091C049D5B3F91A405AFE947A9A51CE08E7B8C1CE6821BFBADCFB50213AFD3AF347D7A5051B8C834701BF4C5001F4E9D452F3FE4D2F3D31F4E29BC6EFC2801DC727FAD3481FAF6A391D7F4A31FE7A5030FE2393F4A3F873DC51F951C73D3F0EB40074FFF005D1CFAFF00F5E90BA7F780FC71486541FC439E87AD016649FE18FAD34545F688C370093486E5BFBBFAE695D0F9593671E9413EDCD563349D7E519151659D4649CFD695C6A05C3222F0597F03CD723E29F885068773269DA7DA9BDD41002E1CED8A10791B8F5248E768FD2BA17758919DCFC8AA5893C741935E142EA4BE9A6D42724C977334ED9393F31F97F2181F8535A94A09BB1ADA9F8B7C49AD02B75A9B5BC4DFF2C2C8792A7EADF788FC6B1E382389895401DBAB9E58FE27AD38E3939F6A01E72491EFE9566AA315B073D0538676E0F7ED9C8A660EECE09F7F4A52719EF8E05050FE4FB0EF9E29B9E3BF5EA29A481D7E98A5041CE3918FA134C0781F2F078C7268B22D73A808563568A11995CF627A0FA9EBF4AAF712BC683C91BA59182C4B8EA4F4FC0727F0AD9B2B35B2B45B746C9CE5DC8E5D8F5352C16AEC5D8619269A38204DCEC76851D735A77BA85A786E236F68564BE23124E39D87D13E9FDEA8B4D97EC1A56A1AA003CD850470E7B33719FC003F9D73D6D1BDC39BA9C96E78C8C034225FBD2B7445B49AEAE6537372EC49E761393F8FA9A9727A67A7E18A673B47600FA519F946483EB48B4AC58B6BCB8B3B859E0959181C82A78A97C417FA6A5847AA02A92C8FB24B64FBC5FF00D91E87F4FA5645F6A30D842A5B2F239C246BF79CFF0087BD64849A6BAFB45C90D31E11472B10F45F7F7EF410F7D3727B4866BDBC373758F318630065625FEE8F7F7EE6B6B0130AA085030307A5436F6E96F185EAC4E5CFBD4C727048CF6EB4169590A38C0F41D4F7ACD925C6A41C95F9580C9E82B43F88E38C718EB58D21CB33671924F34C6CDC4201CF3EFC74A06338C8E0F1DAA0864DF0A31E4E3241E09F5A7C72091885CFC84A907A8A403F8EE0E4FA54B93FDC3F954248EBF91A5C37A3D3199D6336C9761E8E7B7406AF5C5BC77904B6D30051C107D7FC8EB5920846DC0720E4735B08FBD4329FBC33F5A1A256BA197A3EA2F36FD3AF09FB5DB12993FF002D00EFF5E9FCEB5724B0C0E7DF906B9FD4ADB3ABB152633244B3238E0ABAF048FC315A1A6EA46E7FD1AE404BB5192A38120F55F6F6ED4894EDA3347E5E48FA814704F4F94F6E94D3EBC03D39A090727D78E0F4A6599975088662547C87A76FF38A830370E0E7393835AF3209A22840E7A1EE2B1E58DA272AC0EE1EBC8A684D11CF0C7326D99036D3F2E4723FC296392FAD5BFD1AEBCD40788AE06E1F837503F3A5F7E7F0A5F5C0FA1A08B1623D7962E2FAD9E03FDF5F9D0FE2391534ED0DF4026B69125D8396439C8FFEB5500E78E39FCBFC8A8A5B688CA1D018E43D1E362ADFA75FC68B0EECB2923A38643861D0E2B4EDAE05C424F01C7040AE7CFDB2DDB861771E738FBAE3FA1FD2A7B4BE477CC2C772F0E8DC11F51431A7DCDF0781F4F5AC8B9D396D6E5A6B725619B931E380DDC8FAFA56A87474DC3EE30C8A8E61E642E87A91C0CF3ED490DAB98E9224912B232B0C751D07AFE34EDE7AE73E983D6A938FB2DC8232209DB0CBD91FFC0FF3AB7C7A75E3EB5442771CE32A0B6D391DC671501B2B46C31B684B03CB1402A63DF1F4DD8CE283F7B18EDF9D03B22336B08E9E62E3A6D95863F2353ACB731710DF5EA71FC1772027F5A8F07E9E9814BD48C9C67A738A44D9762CC7A96AB10CC7ACEA6A4719FB63F3F99AB16FE24F11594C27835DBD7753F72794CC8E3D0A9EDF4C1F7ACD23E6C9C8C74F5A5E73C753E94EC1CABB1EB9E15F1727892CE40C05BDEC007DA2DC3671E8CA7BA9FD3A1ADE32498FBE7AFAD786E99AAC9A1EB36DAAA93B617DB70A0643C2DC3FE5D7EA2BDBC6D750548208C8239CFF00FAEB36AC4DADA0EDF27F79B3DC6682EFD0B1FA669304FE1FE4D07D01E2A02C04B6EEA7A739E68EBC73D7D68F6A071D3BFA5031073CF24F518A53839E32074A5E8DD3AD211F291EFD7D28013233CF19A5E7D79C518E98CFE3473DB22800E3FC73460EEEA28E39C75E838C668390DC628031FC5F3FD9BC1FAC4D920AD9C8030ED918FEB5E3A8823444CE36A003078E38AF5CF1BA19BC13AB2282736F9E073D467F4C9AE0F58F046A5A4837362EDA9DA0E5942813C7F80E1C7D39F6AD2225249EA60670B8F5EFD7E9417EF8231C8ED4D8E58E45DD1B06423031C63D7F1A773F4F5E722ACD05F98700F3DFBD1CF6C7B102909F9881C91ED9A38DDC8F6F5A005C8C8C9E839F7A3249C67A0C7349EB9E83A7F4A8AE6530C0EFCEE030BEE7B7EB8A00B5A5C46E2F5EED81D90130C5CE32DFC47F90FCEB4AE26F261DC40C8E002719A8ECA1165651DBA904AA7CE4F73D49FCF354EEA6334A4E06C5E0773FE7AD48D688D9D02FE0992F74DD44B0B7BC01BCC033E530E87E9DAB48F86AF760FB1B41751740D1480FE879AE7ECA3F2ADC1FE2619CFA0A9FCEF250B99022A8C96DD80077FCA826CD6A99A72683AB46BF369D3AE0F3F2E6B3F52B5D5ACA11E4E9771248DC0668C845F73FE02B2E5D7F52B9C2D95D4D1403ACFB882FECA0F41EF56E1F126B516026A7390B8E19F229D85793D8C910BC533CB705A4B86FBEEE304FB01D80F6AD4B2B6D8BE63E77F6CF6ADBB3F107F69A84D72CE1B98DB812AA84947BE47F5A8F56D3869D70BE549E64132EF864030187F88E94869D9D9A29F45C8C75C7AE69792DD783D327F3A8F3D79FC8F4A70E71C753F5A0D064B2A45049231C05525883D303359D616CFA8DD5BDB40A4BCEC028C60F352EB6FE5E8F7001019D4463F138AD7F0FC6BA4E977BAF4A30F18F22D011D643C13F80E69A339BB326D5AE2D3FB44E9F66AA22B28D610E063791D4FBE4D6487F2F5060720480102A8DBCCC93895D886639627BE7AD4F7AE22B98DFB81926914B45634383D4E3EBFA53F29FDFFD2A3C839233D73C76A33EE3F5A0A31B2777CD827A9C1E6B5EDFFD42107F872463A563020A83EA78AD88BE48914F04281F5A6C94656ADCEAD67807FD4C80F38E322A19A2599006DC0A9CAB8E194F620D2DCCA26D6256524AC082207AFCC793FD053B93CFBFAD089D1DC9ED75778710EA4719385B9030A7FDEFEE9FD0D6AF1D46086E430E73FF00EBAC3C02A777DD3C1079CD16B9B2DC207611B7222272A3E9E945869B46EE460E07518FA557B9B75990F1890720FF009F5A8E2BF490E1FE4278E7A1AB59C80D9EA79239A45EE62B868C9041047041A3A824F3CE339AD2B9B659865481228C027BD66BEE43860460E08AA25AB09D7AE7AD2E32DB7BE7E99A4CE7A8EA71D3A5203DCF5C719A042E318FCC0A8A6B74B8C64323AFDC917823F1F4F6A9093B80EBDB34B81F90EA3A1A009749BD7494D85D63CC6E6371C093D7E87BE2B5C64F1D8FE95CFCD0ACD11462579C861C104771EE2B4F4CBE7BA80A4FC4F0B6D90763FED0F62306A58D3B68CA57B1233CD0BF2ADC1E3B1AAB692398C46E419223B1C9EFEFF88C1ABF7B933F3D48CE7B566BED8B524970764E983EEC3FC467F2AA25E8EE5BCE1B83CE33CF5349C0F7E7BD1D1860103B12290938C13D6818E19E3B01D73DE8CFD4F607BFB521C0C11F53DE9B93B80278EBCF5A0071E7A1209E9EF483CC2F1A431349248E1628D172CEC7B0F7A5240C92401D739C015D4683A15DD9F875FC4658C177A8491DA69C4AF30248E14CBEC48248F603D682252B2134EF8757FA8C25B51D4A2B68D815786DC095876219CF008E9800FD6BBCF09DC3DD784F4B9DC9DED6A8A73DF6F1F9F1516CD37C37A239451059DA445CE7A9EE4FBB13DFB93537852DA4B3F0AE9904E08916DD4B82B8209F9B1F51BB1512D8CA2DB7A9ADEBEFF85046383CF38E7AD27F17D452F5500FE39EF599A873CFB0A0F6CE7FC68E07A7A7D2938FAE79A005CF6C8E7DA8F4CFAFD68CE3A73C74F4A0FF009C500185E3B71C527D07B7AD29CF1D718EFDA93FCFD68017195FC33C8A4C7FFABAD19CA824F3471CFF003A00ABAAD92EA7A45EE9E58A8B981E2C8EA370C0AC5D26FAEAFF00C2905DDA8517BF67D8165190B328DA4363FDA535D28F6FAFD2B93D4E497C233DEEA22079F49B83E6C8B12E5AD673C676F74738E9D18FA1AB8BB68673575731F55F09BF88F448BC4FA1C021BD9210F35A8E05C7F787B383919EF8C1F5AE1D1FCD0180201EB9E083DC11EA0F15EEBE18B1974DF0CE9F6B7036CE90832AFA3B7CCDF91635C1FC45F09B584F2F88F4D8BFD1E639BF8917EE37FCF51EC7F8BF3F5ABB85395B4670E39EDD7F1CD2E40C0EFD08E9481C63AF1D4F3D680707239E7AD337179FC473F5A8D97CEBEB4808054CBBD81EE179FE78A70E3924F1D3069D6397D60138DB1DB920FB9603FA5027D8D1BE984708419CB751DF1DE9DA0692758BF1097F26145DF339E7628FEB546E65F32666E48E8302B73C232A4B2EA1A5ABAADD5DDB11083C6E65E71F8FF5A41376445AD5FE9B67317B689A3831B628C9DCD211E83D4FE95CFCCF36A2E1EF085887296E0E547BB7A9FD297ECF225D3BDDEE7BA1F29257013D947614B903807BE7D714585BAD4711EFC7503AE2AC5B5B999F2D9D8A7F3F5A8608CCB2051919E4B62B500D881400028C01DA865A43FD3030547181915B3A8E53C39A52BFFAC2646507AEDCF1FAE6AA693A649A8CC59C886D61F9A598F01477FA93D315D1496767AB20B97B3BD78957CB896301551074C67A93D7F1A444E6949791C78C9527A9C7E546463D73CFA56C3E99656FAE4D617373388D48588C51EE6627D7D3145CF85EF2DD6E9834662B72D862705C038240EF8A0BE74731A946F79716361029692E27C851CE76F4FD48AD6F155C476EF6FA1DA9062D3D30E41E1E53F78FE7C7E149E1F0B6F79A8F89265062D323FB3DA83D1A66E78FA71F9561A6FBABB5DED979A4E58F3824F3FAD3467BB6FB0CE318E71DF153DCC8D2792DDDA3073EB5B69E1373E2392C1A726D6DD43CD7046004EFF8D74D63E1DD3BC690C9347235BDB5A7EE2DC201CE3B9FAFF5A01D448E3A224C284E0E5473DFDEA5CB7AFEB5D06B7E0B6F0FE92975F6A59361D8CB8C75AE6FF77FDE6FCE91AC5A92B99708DD3AA9C90C73C8CF4AB77F7FF62B7DC9F34AE76C484753FE03AFE1515AFF00C849BEA7F9557D47FE4356FF00F5C5FF0098A6C9E8436F188220A0EE24EE76F527A9A9067827F1F4A73FDE34C8FEE3FD2980B92189EF8E99A0632318F5C7A50DD4D28FB87F0A004EA3181EFC53A391E3395623BF1D29A7A7E34BFC5F85005B8AFC16C4CBD3A103352C91457A3E46F98747EE2B3FB8AB163FF1F87FDDA43B90C91490B6D7073DB8E0D47EA323EBD6B4EFBEE27E159A7EE0FAD340C4CF4E383C7A519CFE06953BFD690FDEFC2810848E7009C9A2190DAEA70C808027061727A13D57F1CE47E34E7FE0FA54327FAEB7FF00AF88FF00F42A04CBD7C41B818EC323B5665F710A4D9FF572AB7E19C1FE75A9A9FF00C7CB7FBA3F9D65EABFF20D9FE8BFD2843916F38C9FC71D73487239CF03A503F87FDDA1FEF0FA5001D79CE4FE547BE47AE0D29FF583E94B1F6FAD006CF843C32DE29D60C7203FD9968C1AED870243D4463EBD4FA0FAD7ACF883493AAF87EE34FB72B0CAC81ADCF40B2210C9F802A07D2B0BE10FFC88C9FF005F73FF00E875DB8EA7E952CE66EECE0744B593C4C22D6759642209488F4C8FFD5C12A1C13267EF38238EC3B03D6BAB2496F73D4E6B17C3FF00F21FF14FFD8453FF0044A56F9FBE7EB59C9BB971D887F8B8CD04FA0FAD4DE948FD07D291647F5E28E47A7D2A6F5FAD20FBBF8500458EFC628F4F7E2A44FB8FF5A73F6FA500420E73C8C74FA5277F5EDC53FF0089BE86A43F747D28020C1E07A528E3DFFA54AFD07D693FC68022FE2FC3F2AC3741E25D7D2CA33BB4CD266125D367226B81CA45EE173B9BDF68AE887DD3F4AC2F86FF00F226C5FF005F171FFA35AAA244B63A5FEBD691D55D0C6E03238C15619C83D8FB1A9C7DD1F5A3FC6A8C8F14F1AF8365F0BDC3DF58C65F4691B381C9B427B1FF00609E87B743EB5CDE7A1CF071EE2BE80D77FE4077FF00F5E927FE835F3C699FF20B83FDCAA46D09327F6FC49C5164FE5DF5D9E73F675233F534E4FE2FA5323FF8FCB8FF00AF74FF00D0A99A3DD115CCC618812ACCEC70883AB1EDFE34EB112D94A2E9653F6ACEE320EC7B01EC2A19FF00E42B69FEE3D5A1DA816ECEA1F51D17C4A80EAA4E9D7E4006E517292FFBC3B1F7A85FC157D265AC6F2CAF23ECC92807F235CEFF007AAEE99FEBD3FDFF00EB489775B1BD6BE11D4A18F12FD9E32796779D401FAD59163A3587CF7B7FF6A703221B7E87EAC7A7E19AA179F78FD2AABF41F4FE9498E2DB5B9AAFAF2DC5E5AC2D02C1A7452026DD3A11DF3EA6B606B1A5DB6AC9A84FA84B7AEAE3CB8A342A912F6FC40EC3F3AE407FAB5FAD3BF80FD4D05BA68D94D474EB6D7DF501E7DD46A0BA07182F27A9F41DE9C9E21B7B88B519759BCFB3FDA630B1CBB3704E7EE803D6B0C7DE6ACED73FE3DACFFEBE93FAD04B82B1D1C771E183E1EB2D326D46F1638373CA120CB4929EAC79ACAD44787E2B657D2AE2F5EE15C1FDF280BFA77AC8FE1FC69C3EF8AA263137B55F185C6AB61F654B78ED4385F3991B9948E067DBDA9BE16F16DCF866E4955125B48732C7DFF0F7AC3FE0A5EDFF0003A4572AB1D76BBE2BB9F112A129E5DB839441DFEBEF58F93FDE5A6D97FC7A475787DD1F4A46918A48FFD9);

-- ----------------------------
-- Table structure for post_tag
-- ----------------------------
DROP TABLE IF EXISTS `post_tag`;
CREATE TABLE `post_tag`  (
  `id` bigint(20) NOT NULL AUTO_INCREMENT,
  `post_id` bigint(20) NOT NULL,
  `tag_name` varchar(50) CHARACTER SET utf8mb4 COLLATE utf8mb4_unicode_ci NOT NULL,
  `tag_category` enum('BEVERAGE_TYPE','TASTE','SCENE','LOCATION','OTHER') CHARACTER SET utf8mb4 COLLATE utf8mb4_unicode_ci NOT NULL DEFAULT 'OTHER',
  `source` enum('USER','AUTO') CHARACTER SET utf8mb4 COLLATE utf8mb4_unicode_ci NOT NULL DEFAULT 'AUTO' COMMENT '标签来源：用户输入或自动提取',
  `created_at` timestamp NULL DEFAULT CURRENT_TIMESTAMP,
  PRIMARY KEY (`id`) USING BTREE,
  UNIQUE INDEX `uk_post_tag`(`post_id` ASC, `tag_name` ASC) USING BTREE,
  INDEX `idx_post_tag_post`(`post_id` ASC) USING BTREE,
  INDEX `idx_post_tag_name`(`tag_name` ASC) USING BTREE,
  INDEX `idx_post_tag_category`(`tag_category` ASC) USING BTREE,
  CONSTRAINT `post_tag_ibfk_1` FOREIGN KEY (`post_id`) REFERENCES `share_post` (`id`) ON DELETE CASCADE ON UPDATE RESTRICT
) ENGINE = InnoDB AUTO_INCREMENT = 447 CHARACTER SET = utf8mb4 COLLATE = utf8mb4_unicode_ci COMMENT = '动态标签表' ROW_FORMAT = DYNAMIC;

-- ----------------------------
-- Records of post_tag
-- ----------------------------
INSERT INTO `post_tag` VALUES (1, 1, '威士忌', 'BEVERAGE_TYPE', 'AUTO', '2025-12-31 23:12:52');
INSERT INTO `post_tag` VALUES (2, 1, '鸡尾酒', 'BEVERAGE_TYPE', 'USER', '2025-12-31 23:12:52');
INSERT INTO `post_tag` VALUES (3, 1, '醇厚', 'TASTE', 'AUTO', '2025-12-31 23:12:52');
INSERT INTO `post_tag` VALUES (4, 1, '酒吧', 'LOCATION', 'AUTO', '2025-12-31 23:12:52');
INSERT INTO `post_tag` VALUES (5, 2, '啤酒', 'BEVERAGE_TYPE', 'AUTO', '2025-12-31 23:12:52');
INSERT INTO `post_tag` VALUES (6, 2, '清爽', 'TASTE', 'AUTO', '2025-12-31 23:12:52');
INSERT INTO `post_tag` VALUES (7, 2, '酒吧', 'LOCATION', 'AUTO', '2025-12-31 23:12:52');
INSERT INTO `post_tag` VALUES (8, 2, '聚会', 'SCENE', 'AUTO', '2025-12-31 23:12:52');
INSERT INTO `post_tag` VALUES (9, 3, '鸡尾酒', 'BEVERAGE_TYPE', 'USER', '2025-12-31 23:12:52');
INSERT INTO `post_tag` VALUES (10, 3, '朗姆酒', 'BEVERAGE_TYPE', 'AUTO', '2025-12-31 23:12:52');
INSERT INTO `post_tag` VALUES (11, 3, '清爽', 'TASTE', 'AUTO', '2025-12-31 23:12:52');
INSERT INTO `post_tag` VALUES (12, 3, '家中', 'LOCATION', 'AUTO', '2025-12-31 23:12:52');
INSERT INTO `post_tag` VALUES (13, 4, '啤酒', 'BEVERAGE_TYPE', 'AUTO', '2025-12-31 23:12:52');
INSERT INTO `post_tag` VALUES (14, 4, '鸡尾酒', 'BEVERAGE_TYPE', 'AUTO', '2025-12-31 23:12:52');
INSERT INTO `post_tag` VALUES (15, 4, '酒吧', 'LOCATION', 'AUTO', '2025-12-31 23:12:52');
INSERT INTO `post_tag` VALUES (16, 4, '聚会', 'SCENE', 'AUTO', '2025-12-31 23:12:52');
INSERT INTO `post_tag` VALUES (17, 5, '威士忌', 'BEVERAGE_TYPE', 'USER', '2025-12-31 23:12:52');
INSERT INTO `post_tag` VALUES (18, 5, '醇厚', 'TASTE', 'AUTO', '2025-12-31 23:12:52');
INSERT INTO `post_tag` VALUES (19, 5, '烟熏', 'TASTE', 'AUTO', '2025-12-31 23:12:52');
INSERT INTO `post_tag` VALUES (20, 5, '果香', 'TASTE', 'AUTO', '2025-12-31 23:12:52');
INSERT INTO `post_tag` VALUES (21, 5, '品鉴', 'SCENE', 'AUTO', '2025-12-31 23:12:52');
INSERT INTO `post_tag` VALUES (22, 6, '红酒', 'BEVERAGE_TYPE', 'USER', '2025-12-31 23:12:52');
INSERT INTO `post_tag` VALUES (23, 6, '醇厚', 'TASTE', 'AUTO', '2025-12-31 23:12:52');
INSERT INTO `post_tag` VALUES (24, 6, '约会', 'SCENE', 'AUTO', '2025-12-31 23:12:52');
INSERT INTO `post_tag` VALUES (25, 6, '酒吧', 'LOCATION', 'AUTO', '2025-12-31 23:12:52');
INSERT INTO `post_tag` VALUES (28, 8, '鸡尾酒', 'BEVERAGE_TYPE', 'USER', '2025-12-31 23:12:52');
INSERT INTO `post_tag` VALUES (29, 8, '伏特加', 'BEVERAGE_TYPE', 'AUTO', '2025-12-31 23:12:52');
INSERT INTO `post_tag` VALUES (30, 8, '金酒', 'BEVERAGE_TYPE', 'AUTO', '2025-12-31 23:12:52');
INSERT INTO `post_tag` VALUES (31, 8, '朗姆酒', 'BEVERAGE_TYPE', 'AUTO', '2025-12-31 23:12:52');
INSERT INTO `post_tag` VALUES (32, 8, '聚会', 'SCENE', 'AUTO', '2025-12-31 23:12:52');
INSERT INTO `post_tag` VALUES (33, 9, '啤酒', 'BEVERAGE_TYPE', 'USER', '2025-12-31 23:12:52');
INSERT INTO `post_tag` VALUES (34, 9, '清爽', 'TASTE', 'AUTO', '2025-12-31 23:12:52');
INSERT INTO `post_tag` VALUES (35, 9, '聚会', 'SCENE', 'USER', '2025-12-31 23:12:52');
INSERT INTO `post_tag` VALUES (36, 9, '酒吧', 'LOCATION', 'AUTO', '2025-12-31 23:12:52');
INSERT INTO `post_tag` VALUES (37, 10, '鸡尾酒', 'BEVERAGE_TYPE', 'AUTO', '2025-12-31 23:12:52');
INSERT INTO `post_tag` VALUES (38, 10, '酒吧', 'LOCATION', 'USER', '2025-12-31 23:12:52');
INSERT INTO `post_tag` VALUES (39, 10, '独酌', 'SCENE', 'AUTO', '2025-12-31 23:12:52');
INSERT INTO `post_tag` VALUES (40, 11, '红酒', 'BEVERAGE_TYPE', 'USER', '2025-12-31 23:12:52');
INSERT INTO `post_tag` VALUES (41, 11, '醇厚', 'TASTE', 'AUTO', '2025-12-31 23:12:52');
INSERT INTO `post_tag` VALUES (42, 11, '品鉴', 'SCENE', 'AUTO', '2025-12-31 23:12:52');
INSERT INTO `post_tag` VALUES (43, 12, '鸡尾酒', 'BEVERAGE_TYPE', 'AUTO', '2025-12-31 23:12:52');
INSERT INTO `post_tag` VALUES (44, 12, '清爽', 'TASTE', 'USER', '2025-12-31 23:12:52');
INSERT INTO `post_tag` VALUES (45, 12, '家中', 'LOCATION', 'AUTO', '2025-12-31 23:12:52');
INSERT INTO `post_tag` VALUES (46, 13, '威士忌', 'BEVERAGE_TYPE', 'USER', '2025-12-31 23:12:52');
INSERT INTO `post_tag` VALUES (47, 13, '醇厚', 'TASTE', 'AUTO', '2025-12-31 23:12:52');
INSERT INTO `post_tag` VALUES (48, 13, '品鉴', 'SCENE', 'USER', '2025-12-31 23:12:52');
INSERT INTO `post_tag` VALUES (49, 14, '鸡尾酒', 'BEVERAGE_TYPE', 'USER', '2025-12-31 23:12:52');
INSERT INTO `post_tag` VALUES (50, 14, '龙舌兰', 'BEVERAGE_TYPE', 'AUTO', '2025-12-31 23:12:52');
INSERT INTO `post_tag` VALUES (51, 14, '酸爽', 'TASTE', 'AUTO', '2025-12-31 23:12:52');
INSERT INTO `post_tag` VALUES (52, 14, '家中', 'LOCATION', 'AUTO', '2025-12-31 23:12:52');
INSERT INTO `post_tag` VALUES (53, 15, '鸡尾酒', 'BEVERAGE_TYPE', 'AUTO', '2025-12-31 23:12:52');
INSERT INTO `post_tag` VALUES (54, 15, '酒吧', 'LOCATION', 'USER', '2025-12-31 23:12:52');
INSERT INTO `post_tag` VALUES (55, 15, '约会', 'SCENE', 'AUTO', '2025-12-31 23:12:52');
INSERT INTO `post_tag` VALUES (56, 16, '鸡尾酒', 'BEVERAGE_TYPE', 'AUTO', '2025-12-31 23:12:52');
INSERT INTO `post_tag` VALUES (57, 16, '品鉴', 'SCENE', 'AUTO', '2025-12-31 23:12:52');
INSERT INTO `post_tag` VALUES (58, 16, '家中', 'LOCATION', 'AUTO', '2025-12-31 23:12:52');
INSERT INTO `post_tag` VALUES (59, 17, '鸡尾酒', 'BEVERAGE_TYPE', 'USER', '2025-12-31 23:12:52');
INSERT INTO `post_tag` VALUES (60, 17, '甘甜', 'TASTE', 'AUTO', '2025-12-31 23:12:52');
INSERT INTO `post_tag` VALUES (61, 17, '花香', 'TASTE', 'AUTO', '2025-12-31 23:12:52');
INSERT INTO `post_tag` VALUES (62, 17, '约会', 'SCENE', 'AUTO', '2025-12-31 23:12:52');
INSERT INTO `post_tag` VALUES (63, 18, '红酒', 'BEVERAGE_TYPE', 'AUTO', '2025-12-31 23:12:52');
INSERT INTO `post_tag` VALUES (64, 18, '聚会', 'SCENE', 'USER', '2025-12-31 23:12:52');
INSERT INTO `post_tag` VALUES (65, 18, '家中', 'LOCATION', 'AUTO', '2025-12-31 23:12:52');
INSERT INTO `post_tag` VALUES (66, 19, '金酒', 'BEVERAGE_TYPE', 'AUTO', '2025-12-31 23:12:52');
INSERT INTO `post_tag` VALUES (67, 19, '伏特加', 'BEVERAGE_TYPE', 'AUTO', '2025-12-31 23:12:52');
INSERT INTO `post_tag` VALUES (68, 19, '朗姆酒', 'BEVERAGE_TYPE', 'AUTO', '2025-12-31 23:12:52');
INSERT INTO `post_tag` VALUES (69, 19, '威士忌', 'BEVERAGE_TYPE', 'AUTO', '2025-12-31 23:12:52');
INSERT INTO `post_tag` VALUES (70, 19, '白兰地', 'BEVERAGE_TYPE', 'AUTO', '2025-12-31 23:12:52');
INSERT INTO `post_tag` VALUES (71, 19, '品鉴', 'SCENE', 'AUTO', '2025-12-31 23:12:52');
INSERT INTO `post_tag` VALUES (72, 20, '鸡尾酒', 'BEVERAGE_TYPE', 'AUTO', '2025-12-31 23:12:52');
INSERT INTO `post_tag` VALUES (73, 20, '品鉴', 'SCENE', 'AUTO', '2025-12-31 23:12:52');
INSERT INTO `post_tag` VALUES (147, 22, '威士忌', 'BEVERAGE_TYPE', 'AUTO', '2025-12-31 23:48:16');
INSERT INTO `post_tag` VALUES (148, 22, '酒吧', 'LOCATION', 'AUTO', '2025-12-31 23:48:16');
INSERT INTO `post_tag` VALUES (149, 23, '威士忌', 'BEVERAGE_TYPE', 'AUTO', '2025-12-31 23:48:16');
INSERT INTO `post_tag` VALUES (150, 23, '白酒', 'BEVERAGE_TYPE', 'AUTO', '2025-12-31 23:48:16');
INSERT INTO `post_tag` VALUES (151, 23, '白兰地', 'BEVERAGE_TYPE', 'AUTO', '2025-12-31 23:48:16');
INSERT INTO `post_tag` VALUES (152, 23, '伏特加', 'BEVERAGE_TYPE', 'AUTO', '2025-12-31 23:48:16');
INSERT INTO `post_tag` VALUES (445, 30, '茅台', 'OTHER', 'USER', '2026-01-03 17:15:39');
INSERT INTO `post_tag` VALUES (446, 30, '白酒', 'OTHER', 'USER', '2026-01-03 17:15:39');

-- ----------------------------
-- Table structure for private_message
-- ----------------------------
DROP TABLE IF EXISTS `private_message`;
CREATE TABLE `private_message`  (
  `id` bigint(20) NOT NULL AUTO_INCREMENT,
  `sender_id` bigint(20) NOT NULL,
  `receiver_id` bigint(20) NOT NULL,
  `content` text CHARACTER SET utf8mb4 COLLATE utf8mb4_unicode_ci NOT NULL,
  `is_read` tinyint(1) NULL DEFAULT 0,
  `created_at` timestamp NULL DEFAULT CURRENT_TIMESTAMP,
  PRIMARY KEY (`id`) USING BTREE,
  INDEX `idx_message_sender`(`sender_id` ASC) USING BTREE,
  INDEX `idx_message_receiver`(`receiver_id` ASC) USING BTREE,
  INDEX `idx_message_created_at`(`created_at` ASC) USING BTREE,
  CONSTRAINT `private_message_ibfk_1` FOREIGN KEY (`sender_id`) REFERENCES `user` (`id`) ON DELETE CASCADE ON UPDATE RESTRICT,
  CONSTRAINT `private_message_ibfk_2` FOREIGN KEY (`receiver_id`) REFERENCES `user` (`id`) ON DELETE CASCADE ON UPDATE RESTRICT
) ENGINE = InnoDB AUTO_INCREMENT = 12 CHARACTER SET = utf8mb4 COLLATE = utf8mb4_unicode_ci COMMENT = '私信表' ROW_FORMAT = DYNAMIC;

-- ----------------------------
-- Records of private_message
-- ----------------------------
INSERT INTO `private_message` VALUES (1, 12, 7, '222', 0, '2026-01-02 18:18:20');
INSERT INTO `private_message` VALUES (2, 11, 6, 'adad\n', 1, '2026-01-03 17:02:34');
INSERT INTO `private_message` VALUES (3, 12, 11, '2222', 1, '2026-01-03 17:07:18');
INSERT INTO `private_message` VALUES (4, 13, 1, '你好！\n', 1, '2026-01-03 17:08:34');
INSERT INTO `private_message` VALUES (5, 13, 12, '你好！\n', 1, '2026-01-03 17:12:07');
INSERT INTO `private_message` VALUES (6, 12, 13, 'hello', 1, '2026-01-03 17:18:08');
INSERT INTO `private_message` VALUES (7, 12, 13, '你好', 1, '2026-01-03 17:18:12');
INSERT INTO `private_message` VALUES (8, 1, 13, '你好啊', 1, '2026-01-03 17:29:55');
INSERT INTO `private_message` VALUES (9, 1, 13, '1111', 0, '2026-01-03 23:46:52');
INSERT INTO `private_message` VALUES (10, 1, 13, '1111', 0, '2026-01-03 23:46:54');
INSERT INTO `private_message` VALUES (11, 1, 7, '1111', 0, '2026-01-03 23:47:17');

-- ----------------------------
-- Table structure for share_post
-- ----------------------------
DROP TABLE IF EXISTS `share_post`;
CREATE TABLE `share_post`  (
  `id` bigint(20) NOT NULL AUTO_INCREMENT,
  `user_id` bigint(20) NOT NULL,
  `content` text CHARACTER SET utf8mb4 COLLATE utf8mb4_unicode_ci NOT NULL,
  `location` varchar(255) CHARACTER SET utf8mb4 COLLATE utf8mb4_unicode_ci NULL DEFAULT NULL,
  `tags` varchar(255) CHARACTER SET utf8mb4 COLLATE utf8mb4_unicode_ci NULL DEFAULT NULL,
  `ip_address` varchar(64) CHARACTER SET utf8mb4 COLLATE utf8mb4_unicode_ci NULL DEFAULT NULL,
  `ip_region` varchar(128) CHARACTER SET utf8mb4 COLLATE utf8mb4_unicode_ci NULL DEFAULT NULL,
  `view_count` int(11) NULL DEFAULT 0,
  `like_count` int(11) NULL DEFAULT 0,
  `favorite_count` int(11) NULL DEFAULT 0,
  `comment_count` int(11) NULL DEFAULT 0,
  `created_at` timestamp NULL DEFAULT CURRENT_TIMESTAMP,
  PRIMARY KEY (`id`) USING BTREE,
  INDEX `idx_share_post_user`(`user_id` ASC) USING BTREE,
  INDEX `idx_share_post_created_at`(`created_at` ASC) USING BTREE,
  CONSTRAINT `share_post_ibfk_1` FOREIGN KEY (`user_id`) REFERENCES `user` (`id`) ON DELETE CASCADE ON UPDATE RESTRICT
) ENGINE = InnoDB AUTO_INCREMENT = 33 CHARACTER SET = utf8mb4 COLLATE = utf8mb4_unicode_ci COMMENT = '动态分享表' ROW_FORMAT = DYNAMIC;

-- ----------------------------
-- Records of share_post
-- ----------------------------
INSERT INTO `share_post` VALUES (1, 1, '今晚在Speak Low品尝了一杯经典的Old Fashioned，调酒师的手法真是炉火纯青！威士忌的醇厚配上橙皮的清香，完美！🥃✨ #鸡尾酒 #上海酒吧', '上海', '鸡尾酒,威士忌,酒吧打卡', '180.168.1.1', '上海', 1620, 245, 90, 69, '2025-12-31 16:21:04');
INSERT INTO `share_post` VALUES (2, 1, '周末探店｜发现了一家宝藏精酿啤酒吧！十几种进口精酿随便选，老板还会根据你的口味推荐，服务超级贴心～强烈推荐IPA爱好者来试试！🍺 #精酿啤酒 #周末好去处', '北京', '精酿啤酒,探店,周末', '123.125.1.1', '北京', 2355, 312, 156, 98, '2025-12-31 09:21:04');
INSERT INTO `share_post` VALUES (3, 1, '第一次尝试自己在家调制Mojito，虽然卖相不太好，但味道还不错！薄荷叶一定要用新鲜的，差别真的很大。分享一下配方给大家～🍹 #在家调酒 #莫吉托', '广州', '鸡尾酒,DIY,生活分享', '113.108.1.1', '广州', 1927, 278, 134, 82, '2025-12-31 04:21:04');
INSERT INTO `share_post` VALUES (4, 1, '成都的酒吧文化真的太棒了！昨晚在玉林路的小酒馆听了一场live，氛围感拉满！配上几杯特调，这才是生活该有的样子～🎸🍻 #成都夜生活 #音乐酒吧', '成都', '酒吧,音乐,夜生活', '171.208.1.1', '四川', 1680, 198, 77, 54, '2025-12-30 00:21:04');
INSERT INTO `share_post` VALUES (5, 1, '威士忌品鉴笔记｜今天品尝了三款单一麦芽威士忌，从艾雷岛的泥煤味到斯佩塞的果香，每一款都有独特的风味。最喜欢的还是Highland Park 12年，平衡感极佳！📝 #威士忌 #品鉴笔记', '上海', '威士忌,品鉴,学习', '180.168.2.1', '上海', 1425, 167, 92, 45, '2025-12-29 00:21:04');
INSERT INTO `share_post` VALUES (6, 1, '杭州西湖边的这家酒吧真的绝了！坐在露台上，一边欣赏湖景，一边品着红酒，人生惬意不过如此。强烈推荐日落时分来，景色美到窒息！🌅🍷 #杭州 #西湖 #红酒', '杭州', '红酒,旅行,风景', '115.236.1.1', '浙江', 2186, 289, 145, 71, '2025-12-29 00:21:04');
INSERT INTO `share_post` VALUES (8, 1, '今天尝试了传说中的\"失身酒\"Long Island Iced Tea，四种基酒混合居然喝起来像冰茶？！后劲真的很大，大家喝的时候要注意哦～😵 #长岛冰茶 #鸡尾酒', '广州', '鸡尾酒,体验分享', '113.108.2.1', '广州', 1575, 187, 67, 49, '2025-12-26 00:21:04');
INSERT INTO `share_post` VALUES (9, 1, '酒吧氛围组｜昨晚和朋友们在酒吧玩桌游，配上几杯特调啤酒，笑到肚子疼。这家店的桌游种类超多，适合聚会！🎲🍺 #桌游 #聚会 #啤酒', '成都', '聚会,桌游,啤酒', '171.208.2.1', '四川', 1241, 156, 45, 38, '2025-12-25 00:21:04');
INSERT INTO `share_post` VALUES (10, 1, '分享一个小众酒吧，藏在老街区的深处，没有招牌，只有知道的人才会来。老板是个调酒大师，每杯酒都是艺术品！💎 #小众酒吧 #隐藏好店', '上海', '探店,小众,酒吧', '180.168.3.1', '上海', 891, 98, 34, 21, '2025-12-22 00:21:04');
INSERT INTO `share_post` VALUES (11, 1, '葡萄酒入门指南｜新手如何选择适合自己的葡萄酒？从产区、品种、年份三个维度来看，其实并不复杂。今天先讲讲法国波尔多～🍇 #葡萄酒 #入门指南', '杭州', '葡萄酒,知识,入门', '115.236.2.1', '浙江', 1121, 142, 67, 28, '2025-12-20 00:21:04');
INSERT INTO `share_post` VALUES (12, 1, '夏日特调推荐｜薄荷柠檬苏打，清爽解暑！做法超简单：新鲜薄荷+柠檬汁+苏打水+冰块，完美！🍋🌿 #夏日饮品 #清爽 #DIY', '广州', '饮品,夏日,DIY', '113.108.3.1', '广州', 1341, 165, 78, 35, '2025-10-13 00:21:04');
INSERT INTO `share_post` VALUES (13, 1, '参加了一场威士忌品鉴会，学到了很多专业知识。原来威士忌的颜色深浅和年份、橡木桶类型都有关系！受益匪浅～ #威士忌 #品鉴会', '北京', '威士忌,学习,活动', '123.125.3.1', '北京', 761, 89, 28, 18, '2025-12-12 00:21:04');
INSERT INTO `share_post` VALUES (14, 1, '今天学会了调制Margarita！盐边杯口的处理是个技术活，试了好几次才成功。龙舌兰的味道真的很特别！🍹 #玛格丽特 #学习调酒', '成都', '鸡尾酒,学习,龙舌兰', '171.208.3.1', '四川', 920, 112, 41, 24, '2025-12-07 00:21:04');
INSERT INTO `share_post` VALUES (15, 1, '酒吧探店｜这家新开的酒吧装修风格很复古，放的都是老歌，很有感觉。酒单也很有特色，推荐他们的招牌鸡尾酒！🎵 #探店 #复古酒吧', '上海', '探店,酒吧,复古', '180.168.4.1', '上海', 1051, 128, 52, 31, '2025-12-04 00:21:04');
INSERT INTO `share_post` VALUES (16, 1, '记录一下我的调酒学习之路，从最基础的Six Basic开始，慢慢进步。希望有一天能成为专业调酒师！💪 #调酒 #学习记录 #梦想', '杭州', '调酒,学习,梦想', '115.236.3.1', '浙江', 680, 76, 23, 15, '2025-11-27 00:21:04');
INSERT INTO `share_post` VALUES (17, 1, '春日限定｜樱花鸡尾酒，颜值和口感都在线！粉粉嫩嫩的超级适合拍照～这个季节一定要试试！🌸 #樱花 #春日限定 #鸡尾酒', '广州', '鸡尾酒,樱花,春日', '113.108.4.1', '广州', 1453, 198, 89, 42, '2025-11-22 00:21:04');
INSERT INTO `share_post` VALUES (18, 1, '周末和朋友们组织了一场家庭酒会，每个人都带了自己喜欢的酒，交流品鉴心得。这种聚会形式真的很棒！🥂 #聚会 #品酒 #周末', '北京', '聚会,品酒,社交', '123.125.4.1', '北京', 1182, 145, 67, 38, '2025-11-12 00:21:04');
INSERT INTO `share_post` VALUES (19, 1, '终于收集齐了六大基酒！金酒、伏特加、朗姆酒、龙舌兰、威士忌、白兰地。接下来要系统学习每种酒的特点和经典调配～📚 #基酒 #收藏 #学习', '成都', '基酒,学习,收藏', '171.208.4.1', '四川', 841, 102, 45, 26, '2025-11-02 00:21:04');
INSERT INTO `share_post` VALUES (20, 1, '分享一个调酒小技巧：冰块的大小和形状会影响酒的口感。大冰块融化慢，适合需要慢慢品味的酒；碎冰融化快，适合需要快速冷却的饮品。细节决定成败！❄️ #调酒技巧 #小知识', '上海', '技巧,知识,分享', '180.168.5.1', '上海', 1290, 167, 78, 44, '2025-10-23 00:21:04');
INSERT INTO `share_post` VALUES (21, 6, '清酒入门｜獭祭二割三分，精米步合23%，果香浓郁，入口绵柔。虽然价格不菲，但品质确实出众。适合清酒入门者的第一瓶大吟酿！🍶 #清酒 #獭祭', '上海', '清酒,日本酒,品鉴', '180.168.6.1', '上海', 902, 112, 56, 28, '2025-12-27 00:27:24');
INSERT INTO `share_post` VALUES (22, 7, '茅台品鉴｜飞天茅台2019年，酱香突出，回味悠长。存放三年后，口感更加圆润。好酒需要时间沉淀！🥃 #茅台 #酱香型白酒', '贵州', '白酒,茅台,收藏', '117.135.1.1', '贵州', 1563, 234, 123, 67, '2025-12-24 00:27:24');
INSERT INTO `share_post` VALUES (23, 6, '日本酒藏之旅｜参观了新潟的八海山酒藏，了解了清酒的酿造过程。从精米到发酵，每一步都充满匠心。回来带了几瓶限定酒！✈️🍶 #日本旅行 #清酒', '日本', '清酒,旅行,酒藏', '180.168.7.1', '日本', 2106, 287, 156, 89, '2024-06-17 00:27:24');
INSERT INTO `share_post` VALUES (24, 7, '中国白酒香型科普｜酱香、浓香、清香、米香...你知道它们的区别吗？今天来聊聊各大香型的特点和代表品牌！📖 #白酒知识 #香型', '北京', '白酒,知识,科普', '123.125.5.1', '北京', 1783, 198, 87, 45, '2025-12-10 00:27:24');
INSERT INTO `share_post` VALUES (26, 13, '你好啊', '上海市', NULL, '111.187.9.87', '湖北省', 7, 0, 0, 0, '2026-01-03 17:10:39');
INSERT INTO `share_post` VALUES (27, 11, 'test', '天津市', NULL, '46.3.240.81', '未知地区', 2, 0, 0, 0, '2026-01-03 17:11:49');
INSERT INTO `share_post` VALUES (28, 11, '1111', '香港特别行政区', NULL, '46.3.240.81', '未知地区', 2, 0, 0, 0, '2026-01-03 17:12:44');
INSERT INTO `share_post` VALUES (29, 11, '1111122222', '香港特别行政区', NULL, '46.3.240.81', '未知地区', 4, 0, 0, 0, '2026-01-03 17:13:07');
INSERT INTO `share_post` VALUES (30, 13, 'test', '上海市', '白酒,茅台', '111.187.9.87', '湖北省', 9, 0, 0, 0, '2026-01-03 17:15:39');
INSERT INTO `share_post` VALUES (31, 11, '测试IP', '香港特别行政区', NULL, '46.3.240.81', '未知地区', 5, 0, 0, 0, '2026-01-03 17:16:52');
INSERT INTO `share_post` VALUES (32, 11, '222222', '重庆市', NULL, '46.3.240.81', '未知地区', 11, 0, 0, 10, '2026-01-03 17:18:37');

-- ----------------------------
-- Table structure for share_post_comment
-- ----------------------------
DROP TABLE IF EXISTS `share_post_comment`;
CREATE TABLE `share_post_comment`  (
  `id` bigint(20) NOT NULL AUTO_INCREMENT,
  `post_id` bigint(20) NOT NULL,
  `user_id` bigint(20) NOT NULL,
  `parent_id` bigint(20) NULL DEFAULT NULL,
  `content` text CHARACTER SET utf8mb4 COLLATE utf8mb4_unicode_ci NOT NULL,
  `like_count` int(11) NULL DEFAULT 0,
  `created_at` timestamp NULL DEFAULT CURRENT_TIMESTAMP,
  PRIMARY KEY (`id`) USING BTREE,
  INDEX `user_id`(`user_id` ASC) USING BTREE,
  INDEX `idx_post_id`(`post_id` ASC) USING BTREE,
  INDEX `idx_parent_id`(`parent_id` ASC) USING BTREE,
  CONSTRAINT `share_post_comment_ibfk_1` FOREIGN KEY (`post_id`) REFERENCES `share_post` (`id`) ON DELETE CASCADE ON UPDATE RESTRICT,
  CONSTRAINT `share_post_comment_ibfk_2` FOREIGN KEY (`user_id`) REFERENCES `user` (`id`) ON DELETE CASCADE ON UPDATE RESTRICT,
  CONSTRAINT `share_post_comment_ibfk_3` FOREIGN KEY (`parent_id`) REFERENCES `share_post_comment` (`id`) ON DELETE CASCADE ON UPDATE RESTRICT
) ENGINE = InnoDB AUTO_INCREMENT = 29 CHARACTER SET = utf8mb4 COLLATE = utf8mb4_unicode_ci COMMENT = '动态评论表' ROW_FORMAT = DYNAMIC;

-- ----------------------------
-- Records of share_post_comment
-- ----------------------------
INSERT INTO `share_post_comment` VALUES (1, 1, 3, NULL, 'Old Fashioned是我最爱的鸡尾酒之一！Speak Low的调酒师确实很厉害', 12, '2025-12-31 17:27:24');
INSERT INTO `share_post_comment` VALUES (2, 1, 5, NULL, '作为调酒师，我觉得他们的威士忌选品很棒，推荐尝试他们的单一麦芽系列', 8, '2025-12-31 18:27:24');
INSERT INTO `share_post_comment` VALUES (3, 1, 8, 1, '请问Old Fashioned一般用什么威士忌调比较好？', 3, '2025-12-31 19:27:24');
INSERT INTO `share_post_comment` VALUES (4, 1, 5, 3, '推荐用波本威士忌，比如Maker\'s Mark或者Buffalo Trace，口感更柔和', 6, '2025-12-31 20:27:24');
INSERT INTO `share_post_comment` VALUES (5, 2, 2, NULL, 'IPA确实是精酿入门的好选择，苦度适中，香气丰富', 15, '2025-12-31 10:27:24');
INSERT INTO `share_post_comment` VALUES (6, 2, 9, NULL, '这家店我也去过！老板很热情，还会讲解每款啤酒的特点', 9, '2025-12-31 11:27:24');
INSERT INTO `share_post_comment` VALUES (7, 3, 5, NULL, '新手调Mojito的话，建议薄荷叶不要捣太碎，轻轻按压就好，否则会有苦味', 18, '2025-12-31 05:27:24');
INSERT INTO `share_post_comment` VALUES (8, 3, 10, NULL, '看起来很清爽！夏天就应该喝这种', 5, '2025-12-31 06:27:24');
INSERT INTO `share_post_comment` VALUES (9, 5, 7, NULL, 'Highland Park确实是入门单麦的好选择，泥煤味不重但层次丰富', 11, '2025-12-30 00:27:24');
INSERT INTO `share_post_comment` VALUES (10, 5, 6, NULL, '我更喜欢日本威士忌，山崎12年也很不错', 7, '2025-12-30 00:27:24');
INSERT INTO `share_post_comment` VALUES (11, 6, 10, NULL, '西湖边看日落喝红酒，太浪漫了！下次约会要去', 14, '2025-12-30 00:27:24');
INSERT INTO `share_post_comment` VALUES (12, 6, 9, NULL, '这家我也打卡过，露台位置需要提前预约哦', 8, '2025-12-30 00:27:24');
INSERT INTO `share_post_comment` VALUES (15, 21, 7, NULL, '獭祭系列都很不错，23%精米步合的确实是顶级', 9, '2025-12-28 00:27:24');
INSERT INTO `share_post_comment` VALUES (16, 22, 2, NULL, '茅台存放确实需要时间，新酒和老酒差别很大', 13, '2025-12-25 00:27:24');
INSERT INTO `share_post_comment` VALUES (17, 1, 1, 4, '谢谢你们的支持', 0, '2026-01-03 17:31:30');
INSERT INTO `share_post_comment` VALUES (18, 1, 1, NULL, 'test', 0, '2026-01-03 17:31:47');
INSERT INTO `share_post_comment` VALUES (19, 32, 11, NULL, '加微信看，，，', 0, '2026-01-03 17:45:07');
INSERT INTO `share_post_comment` VALUES (20, 32, 11, 19, '看酒吧：https://8.210.210.255/', 0, '2026-01-03 17:46:53');
INSERT INTO `share_post_comment` VALUES (21, 32, 11, 20, '**', 0, '2026-01-03 17:47:26');
INSERT INTO `share_post_comment` VALUES (22, 32, 11, NULL, 'https://8.210.210.255/', 0, '2026-01-03 17:48:27');
INSERT INTO `share_post_comment` VALUES (23, 32, 11, NULL, '15921368772', 0, '2026-01-03 17:53:17');
INSERT INTO `share_post_comment` VALUES (24, 32, 11, NULL, 'Aaaaaaaaaaaaaaaaaaaaaaaaaaaaaaaaaaa', 0, '2026-01-03 17:53:31');
INSERT INTO `share_post_comment` VALUES (25, 32, 11, NULL, '**', 0, '2026-01-03 17:54:07');
INSERT INTO `share_post_comment` VALUES (26, 32, 11, NULL, 'V:11222', 0, '2026-01-03 17:54:50');
INSERT INTO `share_post_comment` VALUES (27, 32, 6, NULL, '**', 0, '2026-01-03 18:58:48');
INSERT INTO `share_post_comment` VALUES (28, 32, 6, NULL, '+V', 0, '2026-01-03 18:58:56');

-- ----------------------------
-- Table structure for share_post_image
-- ----------------------------
DROP TABLE IF EXISTS `share_post_image`;
CREATE TABLE `share_post_image`  (
  `id` bigint(20) NOT NULL AUTO_INCREMENT,
  `share_post_id` bigint(20) NOT NULL,
  `image_id` bigint(20) NOT NULL,
  `image_order` int(11) NULL DEFAULT 0,
  `created_at` timestamp NULL DEFAULT CURRENT_TIMESTAMP,
  PRIMARY KEY (`id`) USING BTREE,
  INDEX `image_id`(`image_id` ASC) USING BTREE,
  INDEX `idx_share_post_id`(`share_post_id` ASC) USING BTREE,
  CONSTRAINT `share_post_image_ibfk_1` FOREIGN KEY (`share_post_id`) REFERENCES `share_post` (`id`) ON DELETE CASCADE ON UPDATE RESTRICT,
  CONSTRAINT `share_post_image_ibfk_2` FOREIGN KEY (`image_id`) REFERENCES `image` (`id`) ON DELETE CASCADE ON UPDATE RESTRICT
) ENGINE = InnoDB AUTO_INCREMENT = 4 CHARACTER SET = utf8mb4 COLLATE = utf8mb4_unicode_ci COMMENT = '动态图片关联表' ROW_FORMAT = DYNAMIC;

-- ----------------------------
-- Records of share_post_image
-- ----------------------------
INSERT INTO `share_post_image` VALUES (2, 26, 3, 0, '2026-01-03 17:10:39');
INSERT INTO `share_post_image` VALUES (3, 30, 4, 0, '2026-01-03 17:15:39');

-- ----------------------------
-- Table structure for share_post_like
-- ----------------------------
DROP TABLE IF EXISTS `share_post_like`;
CREATE TABLE `share_post_like`  (
  `id` bigint(20) NOT NULL AUTO_INCREMENT,
  `post_id` bigint(20) NOT NULL,
  `user_id` bigint(20) NOT NULL,
  `created_at` timestamp NULL DEFAULT CURRENT_TIMESTAMP,
  PRIMARY KEY (`id`) USING BTREE,
  UNIQUE INDEX `uk_post_like`(`post_id` ASC, `user_id` ASC) USING BTREE,
  INDEX `user_id`(`user_id` ASC) USING BTREE,
  CONSTRAINT `share_post_like_ibfk_1` FOREIGN KEY (`post_id`) REFERENCES `share_post` (`id`) ON DELETE CASCADE ON UPDATE RESTRICT,
  CONSTRAINT `share_post_like_ibfk_2` FOREIGN KEY (`user_id`) REFERENCES `user` (`id`) ON DELETE CASCADE ON UPDATE RESTRICT
) ENGINE = InnoDB AUTO_INCREMENT = 3 CHARACTER SET = utf8mb4 COLLATE = utf8mb4_unicode_ci COMMENT = '动态点赞表' ROW_FORMAT = DYNAMIC;

-- ----------------------------
-- Records of share_post_like
-- ----------------------------

-- ----------------------------
-- Table structure for tag
-- ----------------------------
DROP TABLE IF EXISTS `tag`;
CREATE TABLE `tag`  (
  `id` bigint(20) NOT NULL AUTO_INCREMENT,
  `name` varchar(50) CHARACTER SET utf8mb4 COLLATE utf8mb4_unicode_ci NOT NULL,
  `created_at` timestamp NULL DEFAULT CURRENT_TIMESTAMP,
  PRIMARY KEY (`id`) USING BTREE,
  UNIQUE INDEX `name`(`name` ASC) USING BTREE
) ENGINE = InnoDB AUTO_INCREMENT = 1 CHARACTER SET = utf8mb4 COLLATE = utf8mb4_unicode_ci COMMENT = '标签表' ROW_FORMAT = DYNAMIC;

-- ----------------------------
-- Records of tag
-- ----------------------------

-- ----------------------------
-- Table structure for user
-- ----------------------------
DROP TABLE IF EXISTS `user`;
CREATE TABLE `user`  (
  `id` bigint(20) NOT NULL AUTO_INCREMENT,
  `username` varchar(50) CHARACTER SET utf8mb4 COLLATE utf8mb4_unicode_ci NOT NULL,
  `password` varchar(255) CHARACTER SET utf8mb4 COLLATE utf8mb4_unicode_ci NOT NULL,
  `email` varchar(100) CHARACTER SET utf8mb4 COLLATE utf8mb4_unicode_ci NOT NULL,
  `role` enum('USER','SELLER','ADMIN') CHARACTER SET utf8mb4 COLLATE utf8mb4_unicode_ci NOT NULL DEFAULT 'USER',
  `avatar_image_id` bigint(20) NULL DEFAULT NULL,
  `avatar_url` varchar(255) CHARACTER SET utf8mb4 COLLATE utf8mb4_unicode_ci NULL DEFAULT NULL,
  `bio` text CHARACTER SET utf8mb4 COLLATE utf8mb4_unicode_ci NULL,
  `gender` enum('MALE','FEMALE','SECRET') CHARACTER SET utf8mb4 COLLATE utf8mb4_unicode_ci NULL DEFAULT 'SECRET',
  `birthday` date NULL DEFAULT NULL,
  `level` int(11) NULL DEFAULT 1,
  `created_at` timestamp NULL DEFAULT CURRENT_TIMESTAMP,
  `updated_at` timestamp NULL DEFAULT CURRENT_TIMESTAMP ON UPDATE CURRENT_TIMESTAMP,
  `is_active` tinyint(1) NULL DEFAULT 1,
  `mute_until` timestamp NULL DEFAULT NULL COMMENT '禁言截止时间',
  `message_policy` enum('ALL','FOLLOWERS_ONLY','NONE') CHARACTER SET utf8mb4 COLLATE utf8mb4_unicode_ci NULL DEFAULT 'ALL' COMMENT '私信接收策略',
  PRIMARY KEY (`id`) USING BTREE,
  UNIQUE INDEX `username`(`username` ASC) USING BTREE,
  UNIQUE INDEX `email`(`email` ASC) USING BTREE,
  INDEX `avatar_image_id`(`avatar_image_id` ASC) USING BTREE,
  INDEX `idx_username`(`username` ASC) USING BTREE,
  INDEX `idx_email`(`email` ASC) USING BTREE,
  INDEX `idx_role`(`role` ASC) USING BTREE,
  CONSTRAINT `user_ibfk_1` FOREIGN KEY (`avatar_image_id`) REFERENCES `image` (`id`) ON DELETE SET NULL ON UPDATE RESTRICT
) ENGINE = InnoDB AUTO_INCREMENT = 14 CHARACTER SET = utf8mb4 COLLATE = utf8mb4_unicode_ci COMMENT = '用户表' ROW_FORMAT = DYNAMIC;

-- ----------------------------
-- Records of user
-- ----------------------------
INSERT INTO `user` VALUES (1, 'admin', '$2a$10$WO9tP.ffWCIrdHVgTGd8oecRx62vnTusl7zv5yhhyJgEZqdsUuAiu', 'admin@chunyin.com', 'ADMIN', NULL, NULL, '醇饮平台管理员，负责内容审核和平台运营。', 'SECRET', '1990-01-01', 10, '2025-01-01 00:21:04', '2026-01-03 09:25:50', 1, '2026-01-04 04:32:14', 'ALL');
INSERT INTO `user` VALUES (2, 'demo', '$2a$10$Qt7fqHMv1EK3nkDEQpbhPOqCofbDWdLXaVJ5jqj0Is8kryFEfdz8u', 'demo@example.com', 'ADMIN', NULL, 'https://api.dicebear.com/7.x/thumbs/svg?seed=demo', '示例账号，方便开发调试。', 'SECRET', NULL, 1, '2026-01-01 00:16:10', '2026-01-03 09:22:43', 1, NULL, 'ALL');
INSERT INTO `user` VALUES (3, '精酿达人小王', '$2a$10$N.zmdr9k7uOCQb376NoUnuTJ8iAt6Z5EHsM8lE9lBOsl7iKh7kYKS$10$Qt7fqHMv1EK3nkDEQpbhPOqCofbDWdLXaVJ5jqj0Is8kryFEfdz8u', 'craft_beer@test.com', 'USER', NULL, NULL, '精酿啤酒爱好者，IPA是我的最爱！周末常去各种精酿酒吧打卡。', 'MALE', '1995-08-20', 4, '2025-09-03 00:21:04', '2026-01-03 09:22:38', 1, NULL, 'ALL');
INSERT INTO `user` VALUES (4, '红酒小姐姐', '$2a$10$Qt7fqHMv1EK3nkDEQpbhPOqCofbDWdLXaVJ5jqj0Is8kryFEfdz8u', 'wine_lover@test.com', 'USER', NULL, NULL, '葡萄酒品鉴师在读，喜欢法国波尔多和勃艮第。偶尔也会调一杯鸡尾酒放松。', 'FEMALE', '1994-03-10', 6, '2025-06-15 00:21:04', '2026-01-03 09:22:36', 1, NULL, 'ALL');
INSERT INTO `user` VALUES (5, '调酒师阿杰', '$2a$10$Qt7fqHMv1EK3nkDEQpbhPOqCofbDWdLXaVJ5jqj0Is8kryFEfdz8u', 'bartender_jie@test.com', 'SELLER', NULL, NULL, '专业调酒师，从业8年。擅长经典鸡尾酒和创意特调，欢迎交流调酒技巧！', 'MALE', '1988-11-25', 8, '2025-03-07 00:21:04', '2026-01-03 09:22:36', 1, NULL, 'ALL');
INSERT INTO `user` VALUES (6, '清酒控', '$2a$10$Qt7fqHMv1EK3nkDEQpbhPOqCofbDWdLXaVJ5jqj0Is8kryFEfdz8u', 'sake_fan@test.com', 'USER', NULL, NULL, '日本清酒爱好者，每年都会去日本酒藏朝圣。獭祭、久保田、八海山都是我的心头好。', 'FEMALE', '1993-07-08', 4, '2025-10-03 00:21:04', '2026-01-03 09:22:12', 1, NULL, 'ALL');
INSERT INTO `user` VALUES (7, '白酒文化传承人', '$2a$10$Qt7fqHMv1EK3nkDEQpbhPOqCofbDWdLXaVJ5jqj0Is8kryFEfdz8u', 'baijiu@test.com', 'USER', NULL, NULL, '中国白酒文化研究者，专注于酱香型白酒的品鉴与收藏。茅台、郎酒、习酒都有涉猎。', 'MALE', '1985-12-01', 7, '2025-04-26 00:21:04', '2026-01-03 09:22:35', 1, NULL, 'ALL');
INSERT INTO `user` VALUES (8, '鸡尾酒新手', '$2a$10$WO9tP.ffWCIrdHVgTGd8oecRx62vnTusl7zv5yhhyJgEZqdsUuAiu', 'cocktail_newbie@test.com', 'USER', NULL, NULL, '刚入坑的鸡尾酒爱好者，正在学习调酒基础知识。欢迎大佬们指点！', 'SECRET', '1998-04-18', 2, '2025-12-02 00:21:04', '2026-01-03 09:27:53', 1, NULL, 'ALL');
INSERT INTO `user` VALUES (9, '酒吧探店博主', '$2a$10$Qt7fqHMv1EK3nkDEQpbhPOqCofbDWdLXaVJ5jqj0Is8kryFEfdz8u', 'bar_explorer@test.com', 'USER', NULL, NULL, '全国酒吧探店中，已打卡200+家酒吧。分享真实体验，不恰饭！', 'FEMALE', '1996-09-30', 6, '2025-08-04 00:21:04', '2026-01-03 09:22:32', 1, NULL, 'ALL');
INSERT INTO `user` VALUES (10, '微醺生活家', '$2a$10$Qt7fqHMv1EK3nkDEQpbhPOqCofbDWdLXaVJ5jqj0Is8kryFEfdz8u', 'tipsy_life@test.com', 'USER', NULL, NULL, '享受微醺的感觉，记录生活中的小确幸。偶尔喝点小酒，人生惬意。', 'SECRET', '1991-06-22', 3, '2025-11-02 00:21:04', '2026-01-03 09:22:31', 1, NULL, 'ALL');
INSERT INTO `user` VALUES (11, 'demo1', '$2a$10$ZAzuO8GyWtW8.B9mRniVvuBALtVuTEmnlTsP2xs0EdqWnnm0Mb2mG', '2350283@tongji.edu.cn', 'ADMIN', NULL, 'https://api.dicebear.com/7.x/thumbs/svg?seed=demo1', '欢迎来到饮品圈，我正在持续探索新的佳酿。', 'SECRET', NULL, 1, '2026-01-01 00:32:33', '2026-01-01 00:36:26', 1, NULL, 'ALL');
INSERT INTO `user` VALUES (12, 'demo2', '$2a$10$IgDaRw1EAkqXr3MvX1KdOeB6QY3PJkYgy/bPXRQwzcPnOZDDYU2wi', '2350283@tongji.edu.cnx', 'USER', NULL, 'https://api.dicebear.com/7.x/thumbs/svg?seed=demo2', '欢迎来到饮品圈，我正在持续探索新的佳酿。', 'SECRET', '2000-07-14', 1, '2026-01-01 01:20:38', '2026-01-02 10:49:01', 1, NULL, 'ALL');
INSERT INTO `user` VALUES (13, 'demo3', '$2a$10$U946cfT2wyzt4qPOm9t9MeoydSVGK7j2Nl3BSiRLK9lOaSdTZaRGS', '18991370571@163.com', 'USER', 2, NULL, '欢迎来到饮品圈，我正在持续探索新的佳酿。', 'SECRET', NULL, 1, '2026-01-03 17:06:59', '2026-01-03 09:10:22', 1, NULL, 'ALL');

-- ----------------------------
-- Table structure for user_behavior
-- ----------------------------
DROP TABLE IF EXISTS `user_behavior`;
CREATE TABLE `user_behavior`  (
  `id` bigint(20) NOT NULL AUTO_INCREMENT,
  `user_id` bigint(20) NOT NULL,
  `target_type` enum('POST','BEVERAGE','WIKI','BAR') CHARACTER SET utf8mb4 COLLATE utf8mb4_unicode_ci NOT NULL,
  `target_id` bigint(20) NOT NULL,
  `behavior_type` enum('VIEW','LIKE','FAVORITE','COMMENT','SHARE') CHARACTER SET utf8mb4 COLLATE utf8mb4_unicode_ci NOT NULL,
  `weight` int(11) NOT NULL DEFAULT 1 COMMENT '行为权重: VIEW=1, LIKE=3, FAVORITE=5, COMMENT=4, SHARE=2',
  `created_at` timestamp NULL DEFAULT CURRENT_TIMESTAMP,
  PRIMARY KEY (`id`) USING BTREE,
  INDEX `idx_user_behavior_user`(`user_id` ASC) USING BTREE,
  INDEX `idx_user_behavior_target`(`target_type` ASC, `target_id` ASC) USING BTREE,
  INDEX `idx_user_behavior_type`(`behavior_type` ASC) USING BTREE,
  INDEX `idx_user_behavior_created`(`created_at` ASC) USING BTREE,
  CONSTRAINT `user_behavior_ibfk_1` FOREIGN KEY (`user_id`) REFERENCES `user` (`id`) ON DELETE CASCADE ON UPDATE RESTRICT
) ENGINE = InnoDB AUTO_INCREMENT = 452 CHARACTER SET = utf8mb4 COLLATE = utf8mb4_unicode_ci COMMENT = '用户行为记录表' ROW_FORMAT = DYNAMIC;

-- ----------------------------
-- Records of user_behavior
-- ----------------------------
INSERT INTO `user_behavior` VALUES (1, 1, 'POST', 4, 'VIEW', 1, '2025-12-31 23:06:00');
INSERT INTO `user_behavior` VALUES (2, 2, 'POST', 21, 'VIEW', 1, '2025-12-31 23:08:15');
INSERT INTO `user_behavior` VALUES (3, 2, 'POST', 21, 'LIKE', 3, '2025-12-31 23:08:17');
INSERT INTO `user_behavior` VALUES (4, 2, 'POST', 21, 'COMMENT', 4, '2025-12-31 23:08:22');
INSERT INTO `user_behavior` VALUES (5, 2, 'POST', 21, 'FAVORITE', 5, '2025-12-31 23:08:23');
INSERT INTO `user_behavior` VALUES (6, 2, 'POST', 3, 'VIEW', 1, '2025-12-31 23:08:39');
INSERT INTO `user_behavior` VALUES (7, 1, 'POST', 1, 'VIEW', 1, '2025-12-30 23:12:52');
INSERT INTO `user_behavior` VALUES (8, 1, 'POST', 1, 'LIKE', 3, '2025-12-30 23:12:52');
INSERT INTO `user_behavior` VALUES (9, 1, 'POST', 1, 'FAVORITE', 5, '2025-12-30 23:12:52');
INSERT INTO `user_behavior` VALUES (10, 1, 'POST', 5, 'VIEW', 1, '2025-12-29 23:12:52');
INSERT INTO `user_behavior` VALUES (11, 1, 'POST', 5, 'LIKE', 3, '2025-12-29 23:12:52');
INSERT INTO `user_behavior` VALUES (12, 1, 'POST', 5, 'COMMENT', 4, '2025-12-29 23:12:52');
INSERT INTO `user_behavior` VALUES (13, 1, 'POST', 13, 'VIEW', 1, '2025-12-28 23:12:52');
INSERT INTO `user_behavior` VALUES (14, 1, 'POST', 13, 'LIKE', 3, '2025-12-28 23:12:52');
INSERT INTO `user_behavior` VALUES (15, 1, 'POST', 7, 'VIEW', 1, '2025-12-27 23:12:52');
INSERT INTO `user_behavior` VALUES (16, 1, 'POST', 3, 'VIEW', 1, '2025-12-26 23:12:52');
INSERT INTO `user_behavior` VALUES (17, 1, 'POST', 3, 'LIKE', 3, '2025-12-26 23:12:52');
INSERT INTO `user_behavior` VALUES (18, 2, 'POST', 2, 'VIEW', 1, '2025-12-30 23:12:52');
INSERT INTO `user_behavior` VALUES (19, 2, 'POST', 2, 'LIKE', 3, '2025-12-30 23:12:52');
INSERT INTO `user_behavior` VALUES (20, 2, 'POST', 2, 'FAVORITE', 5, '2025-12-30 23:12:52');
INSERT INTO `user_behavior` VALUES (21, 2, 'POST', 4, 'VIEW', 1, '2025-12-29 23:12:52');
INSERT INTO `user_behavior` VALUES (22, 2, 'POST', 4, 'LIKE', 3, '2025-12-29 23:12:52');
INSERT INTO `user_behavior` VALUES (23, 2, 'POST', 9, 'VIEW', 1, '2025-12-28 23:12:52');
INSERT INTO `user_behavior` VALUES (24, 2, 'POST', 9, 'LIKE', 3, '2025-12-28 23:12:52');
INSERT INTO `user_behavior` VALUES (25, 2, 'POST', 9, 'FAVORITE', 5, '2025-12-28 23:12:52');
INSERT INTO `user_behavior` VALUES (26, 2, 'POST', 18, 'VIEW', 1, '2025-12-27 23:12:52');
INSERT INTO `user_behavior` VALUES (27, 2, 'POST', 18, 'COMMENT', 4, '2025-12-27 23:12:52');
INSERT INTO `user_behavior` VALUES (37, 1, 'POST', 1, 'VIEW', 1, '2025-12-30 23:13:42');
INSERT INTO `user_behavior` VALUES (38, 1, 'POST', 1, 'LIKE', 3, '2025-12-30 23:13:42');
INSERT INTO `user_behavior` VALUES (39, 1, 'POST', 1, 'FAVORITE', 5, '2025-12-30 23:13:42');
INSERT INTO `user_behavior` VALUES (40, 1, 'POST', 5, 'VIEW', 1, '2025-12-29 23:13:42');
INSERT INTO `user_behavior` VALUES (41, 1, 'POST', 5, 'LIKE', 3, '2025-12-29 23:13:42');
INSERT INTO `user_behavior` VALUES (42, 1, 'POST', 5, 'COMMENT', 4, '2025-12-29 23:13:42');
INSERT INTO `user_behavior` VALUES (43, 1, 'POST', 13, 'VIEW', 1, '2025-12-28 23:13:42');
INSERT INTO `user_behavior` VALUES (44, 1, 'POST', 13, 'LIKE', 3, '2025-12-28 23:13:42');
INSERT INTO `user_behavior` VALUES (45, 1, 'POST', 7, 'VIEW', 1, '2025-12-27 23:13:42');
INSERT INTO `user_behavior` VALUES (46, 1, 'POST', 3, 'VIEW', 1, '2025-12-26 23:13:42');
INSERT INTO `user_behavior` VALUES (47, 1, 'POST', 3, 'LIKE', 3, '2025-12-26 23:13:42');
INSERT INTO `user_behavior` VALUES (48, 2, 'POST', 2, 'VIEW', 1, '2025-12-30 23:13:42');
INSERT INTO `user_behavior` VALUES (49, 2, 'POST', 2, 'LIKE', 3, '2025-12-30 23:13:42');
INSERT INTO `user_behavior` VALUES (50, 2, 'POST', 2, 'FAVORITE', 5, '2025-12-30 23:13:42');
INSERT INTO `user_behavior` VALUES (51, 2, 'POST', 4, 'VIEW', 1, '2025-12-29 23:13:42');
INSERT INTO `user_behavior` VALUES (52, 2, 'POST', 4, 'LIKE', 3, '2025-12-29 23:13:42');
INSERT INTO `user_behavior` VALUES (53, 2, 'POST', 9, 'VIEW', 1, '2025-12-28 23:13:42');
INSERT INTO `user_behavior` VALUES (54, 2, 'POST', 9, 'LIKE', 3, '2025-12-28 23:13:42');
INSERT INTO `user_behavior` VALUES (55, 2, 'POST', 9, 'FAVORITE', 5, '2025-12-28 23:13:42');
INSERT INTO `user_behavior` VALUES (56, 2, 'POST', 18, 'VIEW', 1, '2025-12-27 23:13:42');
INSERT INTO `user_behavior` VALUES (57, 2, 'POST', 18, 'COMMENT', 4, '2025-12-27 23:13:42');
INSERT INTO `user_behavior` VALUES (58, 3, 'POST', 6, 'VIEW', 1, '2025-12-30 23:13:42');
INSERT INTO `user_behavior` VALUES (59, 3, 'POST', 6, 'LIKE', 3, '2025-12-30 23:13:42');
INSERT INTO `user_behavior` VALUES (60, 3, 'POST', 6, 'FAVORITE', 5, '2025-12-30 23:13:42');
INSERT INTO `user_behavior` VALUES (61, 3, 'POST', 11, 'VIEW', 1, '2025-12-29 23:13:42');
INSERT INTO `user_behavior` VALUES (62, 3, 'POST', 11, 'LIKE', 3, '2025-12-29 23:13:42');
INSERT INTO `user_behavior` VALUES (63, 3, 'POST', 15, 'VIEW', 1, '2025-12-28 23:13:42');
INSERT INTO `user_behavior` VALUES (64, 3, 'POST', 17, 'VIEW', 1, '2025-12-27 23:13:42');
INSERT INTO `user_behavior` VALUES (65, 3, 'POST', 17, 'LIKE', 3, '2025-12-27 23:13:42');
INSERT INTO `user_behavior` VALUES (66, 3, 'POST', 17, 'FAVORITE', 5, '2025-12-27 23:13:42');
INSERT INTO `user_behavior` VALUES (67, 2, 'POST', 12, 'VIEW', 1, '2025-12-31 23:14:22');
INSERT INTO `user_behavior` VALUES (98, 2, 'POST', 2, 'VIEW', 1, '2025-12-31 00:17:02');
INSERT INTO `user_behavior` VALUES (99, 2, 'POST', 2, 'LIKE', 3, '2025-12-31 00:17:02');
INSERT INTO `user_behavior` VALUES (100, 2, 'POST', 2, 'FAVORITE', 5, '2025-12-31 00:17:02');
INSERT INTO `user_behavior` VALUES (101, 2, 'POST', 4, 'VIEW', 1, '2025-12-30 00:17:02');
INSERT INTO `user_behavior` VALUES (102, 2, 'POST', 4, 'LIKE', 3, '2025-12-30 00:17:02');
INSERT INTO `user_behavior` VALUES (103, 2, 'POST', 9, 'VIEW', 1, '2025-12-29 00:17:02');
INSERT INTO `user_behavior` VALUES (104, 2, 'POST', 9, 'LIKE', 3, '2025-12-29 00:17:02');
INSERT INTO `user_behavior` VALUES (105, 2, 'POST', 9, 'FAVORITE', 5, '2025-12-29 00:17:02');
INSERT INTO `user_behavior` VALUES (106, 2, 'POST', 18, 'VIEW', 1, '2025-12-28 00:17:02');
INSERT INTO `user_behavior` VALUES (107, 2, 'POST', 18, 'COMMENT', 4, '2025-12-28 00:17:02');
INSERT INTO `user_behavior` VALUES (128, 1, 'POST', 1, 'VIEW', 1, '2025-12-31 00:21:04');
INSERT INTO `user_behavior` VALUES (129, 1, 'POST', 1, 'LIKE', 3, '2025-12-31 00:21:04');
INSERT INTO `user_behavior` VALUES (130, 1, 'POST', 1, 'FAVORITE', 5, '2025-12-31 00:21:04');
INSERT INTO `user_behavior` VALUES (131, 1, 'POST', 5, 'VIEW', 1, '2025-12-30 00:21:04');
INSERT INTO `user_behavior` VALUES (132, 1, 'POST', 5, 'LIKE', 3, '2025-12-30 00:21:04');
INSERT INTO `user_behavior` VALUES (133, 1, 'POST', 5, 'COMMENT', 4, '2025-12-30 00:21:04');
INSERT INTO `user_behavior` VALUES (134, 1, 'POST', 13, 'VIEW', 1, '2025-12-29 00:21:04');
INSERT INTO `user_behavior` VALUES (135, 1, 'POST', 13, 'LIKE', 3, '2025-12-29 00:21:04');
INSERT INTO `user_behavior` VALUES (136, 1, 'POST', 7, 'VIEW', 1, '2025-12-28 00:21:04');
INSERT INTO `user_behavior` VALUES (137, 1, 'POST', 3, 'VIEW', 1, '2025-12-27 00:21:04');
INSERT INTO `user_behavior` VALUES (138, 1, 'POST', 3, 'LIKE', 3, '2025-12-27 00:21:04');
INSERT INTO `user_behavior` VALUES (139, 2, 'POST', 2, 'VIEW', 1, '2025-12-31 00:21:04');
INSERT INTO `user_behavior` VALUES (140, 2, 'POST', 2, 'LIKE', 3, '2025-12-31 00:21:04');
INSERT INTO `user_behavior` VALUES (141, 2, 'POST', 2, 'FAVORITE', 5, '2025-12-31 00:21:04');
INSERT INTO `user_behavior` VALUES (142, 2, 'POST', 4, 'VIEW', 1, '2025-12-30 00:21:04');
INSERT INTO `user_behavior` VALUES (143, 2, 'POST', 4, 'LIKE', 3, '2025-12-30 00:21:04');
INSERT INTO `user_behavior` VALUES (144, 2, 'POST', 9, 'VIEW', 1, '2025-12-29 00:21:04');
INSERT INTO `user_behavior` VALUES (145, 2, 'POST', 9, 'LIKE', 3, '2025-12-29 00:21:04');
INSERT INTO `user_behavior` VALUES (146, 2, 'POST', 9, 'FAVORITE', 5, '2025-12-29 00:21:04');
INSERT INTO `user_behavior` VALUES (147, 2, 'POST', 18, 'VIEW', 1, '2025-12-28 00:21:04');
INSERT INTO `user_behavior` VALUES (148, 2, 'POST', 18, 'COMMENT', 4, '2025-12-28 00:21:04');
INSERT INTO `user_behavior` VALUES (149, 3, 'POST', 6, 'VIEW', 1, '2025-12-31 00:21:04');
INSERT INTO `user_behavior` VALUES (150, 3, 'POST', 6, 'LIKE', 3, '2025-12-31 00:21:04');
INSERT INTO `user_behavior` VALUES (151, 3, 'POST', 6, 'FAVORITE', 5, '2025-12-31 00:21:04');
INSERT INTO `user_behavior` VALUES (152, 3, 'POST', 11, 'VIEW', 1, '2025-12-30 00:21:04');
INSERT INTO `user_behavior` VALUES (153, 3, 'POST', 11, 'LIKE', 3, '2025-12-30 00:21:04');
INSERT INTO `user_behavior` VALUES (154, 3, 'POST', 15, 'VIEW', 1, '2025-12-29 00:21:04');
INSERT INTO `user_behavior` VALUES (155, 3, 'POST', 17, 'VIEW', 1, '2025-12-28 00:21:04');
INSERT INTO `user_behavior` VALUES (156, 3, 'POST', 17, 'LIKE', 3, '2025-12-28 00:21:04');
INSERT INTO `user_behavior` VALUES (157, 3, 'POST', 17, 'FAVORITE', 5, '2025-12-28 00:21:04');
INSERT INTO `user_behavior` VALUES (158, 2, 'POST', 1, 'VIEW', 1, '2025-12-31 00:27:24');
INSERT INTO `user_behavior` VALUES (159, 2, 'POST', 1, 'LIKE', 3, '2025-12-31 00:27:24');
INSERT INTO `user_behavior` VALUES (160, 2, 'POST', 5, 'VIEW', 1, '2025-12-30 00:27:24');
INSERT INTO `user_behavior` VALUES (161, 2, 'POST', 5, 'LIKE', 3, '2025-12-30 00:27:24');
INSERT INTO `user_behavior` VALUES (162, 2, 'POST', 5, 'FAVORITE', 5, '2025-12-30 00:27:24');
INSERT INTO `user_behavior` VALUES (163, 2, 'POST', 13, 'VIEW', 1, '2025-12-29 00:27:24');
INSERT INTO `user_behavior` VALUES (164, 2, 'POST', 13, 'LIKE', 3, '2025-12-29 00:27:24');
INSERT INTO `user_behavior` VALUES (165, 2, 'POST', 22, 'VIEW', 1, '2025-12-28 00:27:24');
INSERT INTO `user_behavior` VALUES (166, 2, 'POST', 22, 'LIKE', 3, '2025-12-28 00:27:24');
INSERT INTO `user_behavior` VALUES (167, 2, 'POST', 22, 'COMMENT', 4, '2025-12-28 00:27:24');
INSERT INTO `user_behavior` VALUES (168, 3, 'POST', 2, 'VIEW', 1, '2025-12-31 00:27:24');
INSERT INTO `user_behavior` VALUES (169, 3, 'POST', 2, 'LIKE', 3, '2025-12-31 00:27:24');
INSERT INTO `user_behavior` VALUES (170, 3, 'POST', 2, 'FAVORITE', 5, '2025-12-31 00:27:24');
INSERT INTO `user_behavior` VALUES (171, 3, 'POST', 4, 'VIEW', 1, '2025-12-30 00:27:24');
INSERT INTO `user_behavior` VALUES (172, 3, 'POST', 4, 'LIKE', 3, '2025-12-30 00:27:24');
INSERT INTO `user_behavior` VALUES (173, 3, 'POST', 9, 'VIEW', 1, '2025-12-29 00:27:24');
INSERT INTO `user_behavior` VALUES (174, 3, 'POST', 9, 'LIKE', 3, '2025-12-29 00:27:24');
INSERT INTO `user_behavior` VALUES (175, 3, 'POST', 9, 'FAVORITE', 5, '2025-12-29 00:27:24');
INSERT INTO `user_behavior` VALUES (176, 3, 'POST', 18, 'VIEW', 1, '2025-12-28 00:27:24');
INSERT INTO `user_behavior` VALUES (177, 3, 'POST', 18, 'COMMENT', 4, '2025-12-28 00:27:24');
INSERT INTO `user_behavior` VALUES (178, 4, 'POST', 6, 'VIEW', 1, '2025-12-31 00:27:24');
INSERT INTO `user_behavior` VALUES (179, 4, 'POST', 6, 'LIKE', 3, '2025-12-31 00:27:24');
INSERT INTO `user_behavior` VALUES (180, 4, 'POST', 6, 'FAVORITE', 5, '2025-12-31 00:27:24');
INSERT INTO `user_behavior` VALUES (181, 4, 'POST', 11, 'VIEW', 1, '2025-12-30 00:27:24');
INSERT INTO `user_behavior` VALUES (182, 4, 'POST', 11, 'LIKE', 3, '2025-12-30 00:27:24');
INSERT INTO `user_behavior` VALUES (183, 4, 'POST', 15, 'VIEW', 1, '2025-12-29 00:27:24');
INSERT INTO `user_behavior` VALUES (184, 4, 'POST', 17, 'VIEW', 1, '2025-12-28 00:27:24');
INSERT INTO `user_behavior` VALUES (185, 4, 'POST', 17, 'LIKE', 3, '2025-12-28 00:27:24');
INSERT INTO `user_behavior` VALUES (186, 4, 'POST', 17, 'FAVORITE', 5, '2025-12-28 00:27:24');
INSERT INTO `user_behavior` VALUES (187, 6, 'POST', 21, 'VIEW', 1, '2025-12-31 00:27:24');
INSERT INTO `user_behavior` VALUES (188, 6, 'POST', 21, 'FAVORITE', 5, '2025-12-31 00:27:24');
INSERT INTO `user_behavior` VALUES (189, 6, 'POST', 23, 'VIEW', 1, '2025-12-30 00:27:24');
INSERT INTO `user_behavior` VALUES (190, 6, 'POST', 23, 'LIKE', 3, '2025-12-30 00:27:24');
INSERT INTO `user_behavior` VALUES (191, 6, 'POST', 23, 'FAVORITE', 5, '2025-12-30 00:27:24');
INSERT INTO `user_behavior` VALUES (192, 7, 'POST', 22, 'VIEW', 1, '2025-12-31 00:27:24');
INSERT INTO `user_behavior` VALUES (193, 7, 'POST', 22, 'FAVORITE', 5, '2025-12-31 00:27:24');
INSERT INTO `user_behavior` VALUES (194, 7, 'POST', 24, 'VIEW', 1, '2025-12-30 00:27:24');
INSERT INTO `user_behavior` VALUES (195, 7, 'POST', 24, 'LIKE', 3, '2025-12-30 00:27:24');
INSERT INTO `user_behavior` VALUES (196, 8, 'POST', 3, 'VIEW', 1, '2025-12-31 00:27:24');
INSERT INTO `user_behavior` VALUES (197, 8, 'POST', 3, 'FAVORITE', 5, '2025-12-31 00:27:24');
INSERT INTO `user_behavior` VALUES (198, 8, 'POST', 7, 'VIEW', 1, '2025-12-30 00:27:24');
INSERT INTO `user_behavior` VALUES (199, 8, 'POST', 7, 'LIKE', 3, '2025-12-30 00:27:24');
INSERT INTO `user_behavior` VALUES (200, 8, 'POST', 8, 'VIEW', 1, '2025-12-29 00:27:24');
INSERT INTO `user_behavior` VALUES (201, 8, 'POST', 14, 'VIEW', 1, '2025-12-28 00:27:24');
INSERT INTO `user_behavior` VALUES (202, 8, 'POST', 14, 'LIKE', 3, '2025-12-28 00:27:24');
INSERT INTO `user_behavior` VALUES (203, 9, 'POST', 4, 'VIEW', 1, '2025-12-31 00:27:24');
INSERT INTO `user_behavior` VALUES (204, 9, 'POST', 4, 'LIKE', 3, '2025-12-31 00:27:24');
INSERT INTO `user_behavior` VALUES (205, 9, 'POST', 10, 'VIEW', 1, '2025-12-30 00:27:24');
INSERT INTO `user_behavior` VALUES (206, 9, 'POST', 10, 'FAVORITE', 5, '2025-12-30 00:27:24');
INSERT INTO `user_behavior` VALUES (207, 9, 'POST', 15, 'VIEW', 1, '2025-12-29 00:27:24');
INSERT INTO `user_behavior` VALUES (208, 9, 'POST', 15, 'FAVORITE', 5, '2025-12-29 00:27:24');
INSERT INTO `user_behavior` VALUES (209, 10, 'POST', 12, 'VIEW', 1, '2025-12-31 00:27:24');
INSERT INTO `user_behavior` VALUES (210, 10, 'POST', 12, 'LIKE', 3, '2025-12-31 00:27:24');
INSERT INTO `user_behavior` VALUES (211, 10, 'POST', 17, 'VIEW', 1, '2025-12-30 00:27:24');
INSERT INTO `user_behavior` VALUES (212, 10, 'POST', 17, 'LIKE', 3, '2025-12-30 00:27:24');
INSERT INTO `user_behavior` VALUES (213, 11, 'POST', 2, 'VIEW', 1, '2026-01-01 00:33:25');
INSERT INTO `user_behavior` VALUES (214, 11, 'POST', 25, 'VIEW', 1, '2026-01-01 00:35:07');
INSERT INTO `user_behavior` VALUES (215, 11, 'POST', 25, 'VIEW', 1, '2026-01-01 00:36:39');
INSERT INTO `user_behavior` VALUES (216, 11, 'POST', 2, 'VIEW', 1, '2026-01-01 00:37:00');
INSERT INTO `user_behavior` VALUES (217, 11, 'POST', 25, 'VIEW', 1, '2026-01-01 00:37:55');
INSERT INTO `user_behavior` VALUES (218, 11, 'POST', 25, 'VIEW', 1, '2026-01-01 00:38:30');
INSERT INTO `user_behavior` VALUES (219, 11, 'POST', 25, 'VIEW', 1, '2026-01-01 00:38:44');
INSERT INTO `user_behavior` VALUES (220, 11, 'POST', 25, 'VIEW', 1, '2026-01-01 00:38:54');
INSERT INTO `user_behavior` VALUES (221, 11, 'POST', 25, 'VIEW', 1, '2026-01-01 00:39:03');
INSERT INTO `user_behavior` VALUES (222, 11, 'POST', 25, 'VIEW', 1, '2026-01-01 00:41:46');
INSERT INTO `user_behavior` VALUES (223, 11, 'POST', 25, 'VIEW', 1, '2026-01-01 00:41:52');
INSERT INTO `user_behavior` VALUES (224, 11, 'POST', 25, 'VIEW', 1, '2026-01-01 00:42:37');
INSERT INTO `user_behavior` VALUES (225, 11, 'POST', 25, 'VIEW', 1, '2026-01-01 00:42:53');
INSERT INTO `user_behavior` VALUES (226, 11, 'POST', 25, 'VIEW', 1, '2026-01-01 00:42:58');
INSERT INTO `user_behavior` VALUES (227, 11, 'POST', 1, 'VIEW', 1, '2026-01-01 00:43:05');
INSERT INTO `user_behavior` VALUES (228, 11, 'POST', 25, 'VIEW', 1, '2026-01-01 00:43:36');
INSERT INTO `user_behavior` VALUES (229, 11, 'POST', 1, 'VIEW', 1, '2026-01-01 00:43:39');
INSERT INTO `user_behavior` VALUES (230, 11, 'POST', 1, 'VIEW', 1, '2026-01-01 00:44:15');
INSERT INTO `user_behavior` VALUES (231, 11, 'POST', 1, 'VIEW', 1, '2026-01-01 00:44:28');
INSERT INTO `user_behavior` VALUES (232, 11, 'POST', 1, 'VIEW', 1, '2026-01-01 00:44:39');
INSERT INTO `user_behavior` VALUES (233, 11, 'POST', 1, 'VIEW', 1, '2026-01-01 00:49:06');
INSERT INTO `user_behavior` VALUES (234, 11, 'POST', 1, 'VIEW', 1, '2026-01-01 00:49:20');
INSERT INTO `user_behavior` VALUES (235, 11, 'POST', 25, 'VIEW', 1, '2026-01-01 00:49:23');
INSERT INTO `user_behavior` VALUES (236, 11, 'POST', 25, 'VIEW', 1, '2026-01-01 00:49:26');
INSERT INTO `user_behavior` VALUES (237, 11, 'POST', 4, 'VIEW', 1, '2026-01-01 00:49:31');
INSERT INTO `user_behavior` VALUES (238, 11, 'POST', 23, 'VIEW', 1, '2026-01-01 00:51:14');
INSERT INTO `user_behavior` VALUES (239, 11, 'POST', 23, 'VIEW', 1, '2026-01-01 01:10:29');
INSERT INTO `user_behavior` VALUES (240, 11, 'POST', 7, 'VIEW', 1, '2026-01-01 01:10:33');
INSERT INTO `user_behavior` VALUES (241, 11, 'POST', 8, 'VIEW', 1, '2026-01-01 01:11:24');
INSERT INTO `user_behavior` VALUES (242, 11, 'POST', 8, 'VIEW', 1, '2026-01-01 01:12:38');
INSERT INTO `user_behavior` VALUES (243, 11, 'POST', 8, 'VIEW', 1, '2026-01-01 01:12:51');
INSERT INTO `user_behavior` VALUES (244, 11, 'POST', 8, 'VIEW', 1, '2026-01-01 01:13:05');
INSERT INTO `user_behavior` VALUES (245, 11, 'POST', 8, 'VIEW', 1, '2026-01-01 01:13:15');
INSERT INTO `user_behavior` VALUES (246, 11, 'POST', 8, 'VIEW', 1, '2026-01-01 01:13:25');
INSERT INTO `user_behavior` VALUES (247, 11, 'POST', 8, 'VIEW', 1, '2026-01-01 01:13:40');
INSERT INTO `user_behavior` VALUES (248, 11, 'POST', 8, 'VIEW', 1, '2026-01-01 01:14:05');
INSERT INTO `user_behavior` VALUES (249, 11, 'POST', 8, 'VIEW', 1, '2026-01-01 01:16:36');
INSERT INTO `user_behavior` VALUES (250, 11, 'POST', 1, 'VIEW', 1, '2026-01-01 01:16:41');
INSERT INTO `user_behavior` VALUES (251, 11, 'POST', 12, 'VIEW', 1, '2026-01-01 01:18:07');
INSERT INTO `user_behavior` VALUES (252, 11, 'POST', 1, 'VIEW', 1, '2026-01-01 01:18:15');
INSERT INTO `user_behavior` VALUES (253, 11, 'POST', 1, 'VIEW', 1, '2026-01-01 01:18:38');
INSERT INTO `user_behavior` VALUES (254, 12, 'POST', 1, 'VIEW', 1, '2026-01-01 01:20:40');
INSERT INTO `user_behavior` VALUES (255, 12, 'POST', 1, 'VIEW', 1, '2026-01-01 01:42:29');
INSERT INTO `user_behavior` VALUES (256, 11, 'POST', 21, 'VIEW', 1, '2026-01-01 03:48:54');
INSERT INTO `user_behavior` VALUES (257, 11, 'POST', 1, 'VIEW', 1, '2026-01-01 03:49:05');
INSERT INTO `user_behavior` VALUES (258, 11, 'POST', 4, 'VIEW', 1, '2026-01-01 03:49:47');
INSERT INTO `user_behavior` VALUES (259, 11, 'POST', 4, 'FAVORITE', 5, '2026-01-01 03:49:49');
INSERT INTO `user_behavior` VALUES (260, 11, 'POST', 21, 'VIEW', 1, '2026-01-01 03:50:40');
INSERT INTO `user_behavior` VALUES (261, 11, 'POST', 21, 'VIEW', 1, '2026-01-01 03:53:05');
INSERT INTO `user_behavior` VALUES (262, 11, 'POST', 1, 'VIEW', 1, '2026-01-01 04:06:40');
INSERT INTO `user_behavior` VALUES (263, 12, 'POST', 1, 'VIEW', 1, '2026-01-01 04:06:49');
INSERT INTO `user_behavior` VALUES (264, 12, 'POST', 1, 'VIEW', 1, '2026-01-01 04:07:50');
INSERT INTO `user_behavior` VALUES (265, 12, 'POST', 7, 'VIEW', 1, '2026-01-01 04:08:05');
INSERT INTO `user_behavior` VALUES (266, 12, 'POST', 7, 'VIEW', 1, '2026-01-01 04:09:55');
INSERT INTO `user_behavior` VALUES (267, 12, 'POST', 6, 'VIEW', 1, '2026-01-01 04:24:05');
INSERT INTO `user_behavior` VALUES (268, 12, 'POST', 4, 'VIEW', 1, '2026-01-01 04:25:57');
INSERT INTO `user_behavior` VALUES (269, 12, 'POST', 4, 'VIEW', 1, '2026-01-01 04:26:33');
INSERT INTO `user_behavior` VALUES (270, 12, 'POST', 4, 'VIEW', 1, '2026-01-01 04:29:38');
INSERT INTO `user_behavior` VALUES (271, 12, 'POST', 4, 'VIEW', 1, '2026-01-01 04:29:42');
INSERT INTO `user_behavior` VALUES (272, 11, 'POST', 4, 'VIEW', 1, '2026-01-01 04:31:27');
INSERT INTO `user_behavior` VALUES (273, 11, 'POST', 4, 'VIEW', 1, '2026-01-01 04:31:34');
INSERT INTO `user_behavior` VALUES (274, 11, 'POST', 4, 'VIEW', 1, '2026-01-01 04:32:38');
INSERT INTO `user_behavior` VALUES (275, 12, 'POST', 4, 'VIEW', 1, '2026-01-01 04:35:07');
INSERT INTO `user_behavior` VALUES (276, 12, 'POST', 5, 'VIEW', 1, '2026-01-01 04:35:15');
INSERT INTO `user_behavior` VALUES (277, 12, 'POST', 4, 'VIEW', 1, '2026-01-01 04:35:25');
INSERT INTO `user_behavior` VALUES (278, 11, 'POST', 1, 'VIEW', 1, '2026-01-01 04:36:05');
INSERT INTO `user_behavior` VALUES (279, 11, 'POST', 6, 'VIEW', 1, '2026-01-01 04:36:08');
INSERT INTO `user_behavior` VALUES (280, 11, 'POST', 2, 'VIEW', 1, '2026-01-01 04:36:10');
INSERT INTO `user_behavior` VALUES (281, 11, 'POST', 1, 'VIEW', 1, '2026-01-01 04:36:12');
INSERT INTO `user_behavior` VALUES (282, 11, 'POST', 1, 'VIEW', 1, '2026-01-02 14:25:42');
INSERT INTO `user_behavior` VALUES (283, 11, 'POST', 21, 'VIEW', 1, '2026-01-02 14:25:58');
INSERT INTO `user_behavior` VALUES (284, 11, 'POST', 1, 'VIEW', 1, '2026-01-02 14:26:04');
INSERT INTO `user_behavior` VALUES (285, 11, 'POST', 5, 'VIEW', 1, '2026-01-02 14:26:06');
INSERT INTO `user_behavior` VALUES (286, 11, 'POST', 1, 'VIEW', 1, '2026-01-02 14:26:08');
INSERT INTO `user_behavior` VALUES (287, 11, 'POST', 1, 'VIEW', 1, '2026-01-02 14:39:58');
INSERT INTO `user_behavior` VALUES (288, 11, 'POST', 9, 'VIEW', 1, '2026-01-02 14:40:02');
INSERT INTO `user_behavior` VALUES (289, 11, 'POST', 21, 'VIEW', 1, '2026-01-02 14:45:28');
INSERT INTO `user_behavior` VALUES (290, 11, 'POST', 4, 'VIEW', 1, '2026-01-02 14:45:32');
INSERT INTO `user_behavior` VALUES (291, 11, 'POST', 5, 'VIEW', 1, '2026-01-02 16:36:22');
INSERT INTO `user_behavior` VALUES (292, 11, 'POST', 5, 'VIEW', 1, '2026-01-02 16:36:26');
INSERT INTO `user_behavior` VALUES (293, 11, 'POST', 3, 'VIEW', 1, '2026-01-02 16:36:29');
INSERT INTO `user_behavior` VALUES (294, 11, 'POST', 1, 'VIEW', 1, '2026-01-02 16:36:30');
INSERT INTO `user_behavior` VALUES (295, 11, 'POST', 2, 'VIEW', 1, '2026-01-02 16:36:31');
INSERT INTO `user_behavior` VALUES (296, 11, 'POST', 4, 'VIEW', 1, '2026-01-02 16:36:33');
INSERT INTO `user_behavior` VALUES (297, 11, 'POST', 9, 'VIEW', 1, '2026-01-02 16:36:36');
INSERT INTO `user_behavior` VALUES (298, 11, 'POST', 1, 'VIEW', 1, '2026-01-02 16:44:02');
INSERT INTO `user_behavior` VALUES (299, 11, 'POST', 5, 'VIEW', 1, '2026-01-02 16:44:17');
INSERT INTO `user_behavior` VALUES (300, 11, 'POST', 21, 'VIEW', 1, '2026-01-02 16:44:42');
INSERT INTO `user_behavior` VALUES (301, 11, 'POST', 21, 'VIEW', 1, '2026-01-02 16:44:47');
INSERT INTO `user_behavior` VALUES (302, 11, 'POST', 24, 'VIEW', 1, '2026-01-02 17:56:16');
INSERT INTO `user_behavior` VALUES (303, 11, 'POST', 1, 'VIEW', 1, '2026-01-02 17:56:17');
INSERT INTO `user_behavior` VALUES (304, 12, 'POST', 24, 'VIEW', 1, '2026-01-02 18:18:02');
INSERT INTO `user_behavior` VALUES (305, 11, 'POST', 1, 'VIEW', 1, '2026-01-03 17:04:54');
INSERT INTO `user_behavior` VALUES (306, 11, 'POST', 4, 'VIEW', 1, '2026-01-03 17:05:04');
INSERT INTO `user_behavior` VALUES (307, 11, 'POST', 15, 'VIEW', 1, '2026-01-03 17:05:06');
INSERT INTO `user_behavior` VALUES (308, 11, 'POST', 1, 'VIEW', 1, '2026-01-03 17:05:09');
INSERT INTO `user_behavior` VALUES (309, 13, 'POST', 1, 'VIEW', 1, '2026-01-03 17:07:58');
INSERT INTO `user_behavior` VALUES (310, 13, 'POST', 4, 'VIEW', 1, '2026-01-03 17:08:05');
INSERT INTO `user_behavior` VALUES (311, 13, 'POST', 1, 'VIEW', 1, '2026-01-03 17:08:15');
INSERT INTO `user_behavior` VALUES (312, 11, 'POST', 1, 'VIEW', 1, '2026-01-03 17:08:26');
INSERT INTO `user_behavior` VALUES (313, 11, 'POST', 1, 'VIEW', 1, '2026-01-03 17:09:10');
INSERT INTO `user_behavior` VALUES (314, 13, 'POST', 26, 'VIEW', 1, '2026-01-03 17:10:42');
INSERT INTO `user_behavior` VALUES (315, 13, 'POST', 26, 'LIKE', 3, '2026-01-03 17:11:42');
INSERT INTO `user_behavior` VALUES (316, 13, 'POST', 26, 'FAVORITE', 5, '2026-01-03 17:11:44');
INSERT INTO `user_behavior` VALUES (317, 11, 'POST', 27, 'VIEW', 1, '2026-01-03 17:11:52');
INSERT INTO `user_behavior` VALUES (318, 12, 'POST', 26, 'VIEW', 1, '2026-01-03 17:12:46');
INSERT INTO `user_behavior` VALUES (319, 11, 'POST', 28, 'VIEW', 1, '2026-01-03 17:12:46');
INSERT INTO `user_behavior` VALUES (320, 12, 'POST', 28, 'VIEW', 1, '2026-01-03 17:12:57');
INSERT INTO `user_behavior` VALUES (321, 12, 'POST', 27, 'VIEW', 1, '2026-01-03 17:13:01');
INSERT INTO `user_behavior` VALUES (322, 12, 'POST', 26, 'VIEW', 1, '2026-01-03 17:13:03');
INSERT INTO `user_behavior` VALUES (323, 11, 'POST', 29, 'VIEW', 1, '2026-01-03 17:13:07');
INSERT INTO `user_behavior` VALUES (324, 12, 'POST', 22, 'VIEW', 1, '2026-01-03 17:13:50');
INSERT INTO `user_behavior` VALUES (325, 12, 'POST', 4, 'VIEW', 1, '2026-01-03 17:13:53');
INSERT INTO `user_behavior` VALUES (326, 12, 'POST', 21, 'VIEW', 1, '2026-01-03 17:13:57');
INSERT INTO `user_behavior` VALUES (327, 13, 'POST', 29, 'VIEW', 1, '2026-01-03 17:15:04');
INSERT INTO `user_behavior` VALUES (328, 11, 'POST', 29, 'VIEW', 1, '2026-01-03 17:15:16');
INSERT INTO `user_behavior` VALUES (329, 11, 'POST', 26, 'VIEW', 1, '2026-01-03 17:15:22');
INSERT INTO `user_behavior` VALUES (330, 13, 'POST', 30, 'VIEW', 1, '2026-01-03 17:15:41');
INSERT INTO `user_behavior` VALUES (331, 13, 'POST', 2, 'VIEW', 1, '2026-01-03 17:15:51');
INSERT INTO `user_behavior` VALUES (332, 13, 'POST', 2, 'VIEW', 1, '2026-01-03 17:15:54');
INSERT INTO `user_behavior` VALUES (333, 13, 'POST', 9, 'VIEW', 1, '2026-01-03 17:15:58');
INSERT INTO `user_behavior` VALUES (334, 13, 'POST', 2, 'VIEW', 1, '2026-01-03 17:16:00');
INSERT INTO `user_behavior` VALUES (335, 13, 'POST', 4, 'VIEW', 1, '2026-01-03 17:16:02');
INSERT INTO `user_behavior` VALUES (336, 13, 'POST', 1, 'VIEW', 1, '2026-01-03 17:16:04');
INSERT INTO `user_behavior` VALUES (337, 13, 'POST', 13, 'VIEW', 1, '2026-01-03 17:16:09');
INSERT INTO `user_behavior` VALUES (338, 11, 'POST', 31, 'VIEW', 1, '2026-01-03 17:16:53');
INSERT INTO `user_behavior` VALUES (339, 11, 'POST', 30, 'VIEW', 1, '2026-01-03 17:17:22');
INSERT INTO `user_behavior` VALUES (340, 11, 'POST', 23, 'VIEW', 1, '2026-01-03 17:17:26');
INSERT INTO `user_behavior` VALUES (341, 11, 'POST', 2, 'VIEW', 1, '2026-01-03 17:17:37');
INSERT INTO `user_behavior` VALUES (342, 11, 'POST', 30, 'VIEW', 1, '2026-01-03 17:18:08');
INSERT INTO `user_behavior` VALUES (343, 11, 'POST', 31, 'VIEW', 1, '2026-01-03 17:18:38');
INSERT INTO `user_behavior` VALUES (344, 11, 'POST', 32, 'VIEW', 1, '2026-01-03 17:18:41');
INSERT INTO `user_behavior` VALUES (345, 13, 'POST', 30, 'VIEW', 1, '2026-01-03 17:18:59');
INSERT INTO `user_behavior` VALUES (346, 1, 'POST', 30, 'VIEW', 1, '2026-01-03 17:29:39');
INSERT INTO `user_behavior` VALUES (347, 1, 'POST', 3, 'VIEW', 1, '2026-01-03 17:30:18');
INSERT INTO `user_behavior` VALUES (348, 1, 'POST', 3, 'VIEW', 1, '2026-01-03 17:30:20');
INSERT INTO `user_behavior` VALUES (349, 1, 'POST', 8, 'VIEW', 1, '2026-01-03 17:30:22');
INSERT INTO `user_behavior` VALUES (350, 1, 'POST', 4, 'VIEW', 1, '2026-01-03 17:30:23');
INSERT INTO `user_behavior` VALUES (351, 1, 'POST', 8, 'VIEW', 1, '2026-01-03 17:30:24');
INSERT INTO `user_behavior` VALUES (352, 1, 'POST', 19, 'VIEW', 1, '2026-01-03 17:30:24');
INSERT INTO `user_behavior` VALUES (353, 1, 'POST', 8, 'VIEW', 1, '2026-01-03 17:30:25');
INSERT INTO `user_behavior` VALUES (354, 1, 'POST', 4, 'VIEW', 1, '2026-01-03 17:30:26');
INSERT INTO `user_behavior` VALUES (355, 1, 'POST', 2, 'VIEW', 1, '2026-01-03 17:30:27');
INSERT INTO `user_behavior` VALUES (356, 1, 'POST', 9, 'VIEW', 1, '2026-01-03 17:30:29');
INSERT INTO `user_behavior` VALUES (357, 1, 'POST', 4, 'VIEW', 1, '2026-01-03 17:30:30');
INSERT INTO `user_behavior` VALUES (358, 1, 'POST', 2, 'VIEW', 1, '2026-01-03 17:30:31');
INSERT INTO `user_behavior` VALUES (359, 1, 'POST', 18, 'VIEW', 1, '2026-01-03 17:30:32');
INSERT INTO `user_behavior` VALUES (360, 1, 'POST', 6, 'VIEW', 1, '2026-01-03 17:30:33');
INSERT INTO `user_behavior` VALUES (361, 1, 'POST', 17, 'VIEW', 1, '2026-01-03 17:30:34');
INSERT INTO `user_behavior` VALUES (362, 1, 'POST', 3, 'VIEW', 1, '2026-01-03 17:30:35');
INSERT INTO `user_behavior` VALUES (363, 1, 'POST', 8, 'VIEW', 1, '2026-01-03 17:30:37');
INSERT INTO `user_behavior` VALUES (364, 1, 'POST', 3, 'VIEW', 1, '2026-01-03 17:30:38');
INSERT INTO `user_behavior` VALUES (365, 1, 'POST', 8, 'VIEW', 1, '2026-01-03 17:30:39');
INSERT INTO `user_behavior` VALUES (366, 5, 'POST', 26, 'VIEW', 1, '2026-01-03 17:31:02');
INSERT INTO `user_behavior` VALUES (367, 1, 'POST', 1, 'VIEW', 1, '2026-01-03 17:31:17');
INSERT INTO `user_behavior` VALUES (368, 1, 'POST', 1, 'COMMENT', 4, '2026-01-03 17:31:30');
INSERT INTO `user_behavior` VALUES (369, 1, 'POST', 1, 'COMMENT', 4, '2026-01-03 17:31:47');
INSERT INTO `user_behavior` VALUES (370, 1, 'POST', 1, 'LIKE', 3, '2026-01-03 17:31:50');
INSERT INTO `user_behavior` VALUES (371, 1, 'POST', 1, 'FAVORITE', 5, '2026-01-03 17:31:54');
INSERT INTO `user_behavior` VALUES (372, 1, 'POST', 1, 'FAVORITE', 5, '2026-01-03 17:31:55');
INSERT INTO `user_behavior` VALUES (373, 1, 'POST', 1, 'VIEW', 1, '2026-01-03 17:32:11');
INSERT INTO `user_behavior` VALUES (374, 1, 'POST', 22, 'VIEW', 1, '2026-01-03 17:33:11');
INSERT INTO `user_behavior` VALUES (375, 12, 'POST', 32, 'VIEW', 1, '2026-01-03 17:33:42');
INSERT INTO `user_behavior` VALUES (376, 12, 'POST', 8, 'VIEW', 1, '2026-01-03 17:33:58');
INSERT INTO `user_behavior` VALUES (377, 12, 'POST', 11, 'VIEW', 1, '2026-01-03 17:34:03');
INSERT INTO `user_behavior` VALUES (378, 1, 'POST', 1, 'VIEW', 1, '2026-01-03 17:34:04');
INSERT INTO `user_behavior` VALUES (379, 1, 'POST', 4, 'VIEW', 1, '2026-01-03 17:34:06');
INSERT INTO `user_behavior` VALUES (380, 12, 'POST', 4, 'VIEW', 1, '2026-01-03 17:34:07');
INSERT INTO `user_behavior` VALUES (381, 1, 'POST', 9, 'VIEW', 1, '2026-01-03 17:34:07');
INSERT INTO `user_behavior` VALUES (382, 1, 'POST', 4, 'VIEW', 1, '2026-01-03 17:34:08');
INSERT INTO `user_behavior` VALUES (383, 1, 'POST', 2, 'VIEW', 1, '2026-01-03 17:34:09');
INSERT INTO `user_behavior` VALUES (384, 1, 'POST', 4, 'VIEW', 1, '2026-01-03 17:34:10');
INSERT INTO `user_behavior` VALUES (385, 1, 'POST', 1, 'VIEW', 1, '2026-01-03 17:34:10');
INSERT INTO `user_behavior` VALUES (386, 1, 'POST', 10, 'VIEW', 1, '2026-01-03 17:34:11');
INSERT INTO `user_behavior` VALUES (387, 1, 'POST', 3, 'VIEW', 1, '2026-01-03 17:34:11');
INSERT INTO `user_behavior` VALUES (388, 12, 'POST', 2, 'VIEW', 1, '2026-01-03 17:34:12');
INSERT INTO `user_behavior` VALUES (389, 1, 'POST', 2, 'VIEW', 1, '2026-01-03 17:34:17');
INSERT INTO `user_behavior` VALUES (390, 1, 'POST', 4, 'VIEW', 1, '2026-01-03 17:34:18');
INSERT INTO `user_behavior` VALUES (391, 1, 'POST', 9, 'VIEW', 1, '2026-01-03 17:34:18');
INSERT INTO `user_behavior` VALUES (392, 1, 'POST', 4, 'VIEW', 1, '2026-01-03 17:34:19');
INSERT INTO `user_behavior` VALUES (393, 1, 'POST', 9, 'VIEW', 1, '2026-01-03 17:34:19');
INSERT INTO `user_behavior` VALUES (394, 1, 'POST', 4, 'VIEW', 1, '2026-01-03 17:34:19');
INSERT INTO `user_behavior` VALUES (395, 1, 'POST', 9, 'VIEW', 1, '2026-01-03 17:34:20');
INSERT INTO `user_behavior` VALUES (396, 1, 'POST', 4, 'VIEW', 1, '2026-01-03 17:34:20');
INSERT INTO `user_behavior` VALUES (397, 1, 'POST', 9, 'VIEW', 1, '2026-01-03 17:34:21');
INSERT INTO `user_behavior` VALUES (398, 1, 'POST', 24, 'VIEW', 1, '2026-01-03 17:34:26');
INSERT INTO `user_behavior` VALUES (399, 1, 'POST', 30, 'VIEW', 1, '2026-01-03 17:34:28');
INSERT INTO `user_behavior` VALUES (400, 1, 'POST', 23, 'VIEW', 1, '2026-01-03 17:34:30');
INSERT INTO `user_behavior` VALUES (401, 1, 'POST', 1, 'VIEW', 1, '2026-01-03 17:34:31');
INSERT INTO `user_behavior` VALUES (402, 1, 'POST', 4, 'VIEW', 1, '2026-01-03 17:34:32');
INSERT INTO `user_behavior` VALUES (403, 1, 'POST', 9, 'VIEW', 1, '2026-01-03 17:34:32');
INSERT INTO `user_behavior` VALUES (404, 1, 'POST', 1, 'VIEW', 1, '2026-01-03 17:34:33');
INSERT INTO `user_behavior` VALUES (405, 1, 'POST', 6, 'VIEW', 1, '2026-01-03 17:34:34');
INSERT INTO `user_behavior` VALUES (406, 1, 'POST', 17, 'VIEW', 1, '2026-01-03 17:34:35');
INSERT INTO `user_behavior` VALUES (407, 1, 'POST', 1, 'VIEW', 1, '2026-01-03 17:34:35');
INSERT INTO `user_behavior` VALUES (408, 6, 'POST', 21, 'VIEW', 1, '2026-01-03 17:34:54');
INSERT INTO `user_behavior` VALUES (409, 6, 'POST', 21, 'VIEW', 1, '2026-01-03 17:35:00');
INSERT INTO `user_behavior` VALUES (410, 6, 'POST', 32, 'VIEW', 1, '2026-01-03 17:35:09');
INSERT INTO `user_behavior` VALUES (411, 6, 'POST', 26, 'VIEW', 1, '2026-01-03 17:35:24');
INSERT INTO `user_behavior` VALUES (412, 6, 'POST', 21, 'VIEW', 1, '2026-01-03 17:35:44');
INSERT INTO `user_behavior` VALUES (413, 6, 'POST', 23, 'VIEW', 1, '2026-01-03 17:35:56');
INSERT INTO `user_behavior` VALUES (414, 6, 'POST', 6, 'VIEW', 1, '2026-01-03 17:36:27');
INSERT INTO `user_behavior` VALUES (415, 6, 'POST', 2, 'VIEW', 1, '2026-01-03 17:36:59');
INSERT INTO `user_behavior` VALUES (416, 6, 'POST', 2, 'VIEW', 1, '2026-01-03 17:37:05');
INSERT INTO `user_behavior` VALUES (417, 6, 'POST', 3, 'VIEW', 1, '2026-01-03 17:37:12');
INSERT INTO `user_behavior` VALUES (418, 11, 'POST', 32, 'VIEW', 1, '2026-01-03 17:45:01');
INSERT INTO `user_behavior` VALUES (419, 11, 'POST', 32, 'COMMENT', 4, '2026-01-03 17:45:07');
INSERT INTO `user_behavior` VALUES (420, 11, 'POST', 32, 'COMMENT', 4, '2026-01-03 17:46:53');
INSERT INTO `user_behavior` VALUES (421, 11, 'POST', 32, 'COMMENT', 4, '2026-01-03 17:47:26');
INSERT INTO `user_behavior` VALUES (422, 11, 'POST', 32, 'COMMENT', 4, '2026-01-03 17:48:27');
INSERT INTO `user_behavior` VALUES (423, 11, 'POST', 32, 'VIEW', 1, '2026-01-03 17:49:47');
INSERT INTO `user_behavior` VALUES (424, 11, 'POST', 32, 'VIEW', 1, '2026-01-03 17:53:06');
INSERT INTO `user_behavior` VALUES (425, 11, 'POST', 32, 'COMMENT', 4, '2026-01-03 17:53:17');
INSERT INTO `user_behavior` VALUES (426, 11, 'POST', 32, 'COMMENT', 4, '2026-01-03 17:53:31');
INSERT INTO `user_behavior` VALUES (427, 11, 'POST', 32, 'VIEW', 1, '2026-01-03 17:53:55');
INSERT INTO `user_behavior` VALUES (428, 11, 'POST', 32, 'COMMENT', 4, '2026-01-03 17:54:07');
INSERT INTO `user_behavior` VALUES (429, 11, 'POST', 32, 'COMMENT', 4, '2026-01-03 17:54:50');
INSERT INTO `user_behavior` VALUES (430, 6, 'POST', 32, 'VIEW', 1, '2026-01-03 18:58:30');
INSERT INTO `user_behavior` VALUES (431, 6, 'POST', 32, 'COMMENT', 4, '2026-01-03 18:58:48');
INSERT INTO `user_behavior` VALUES (432, 6, 'POST', 32, 'COMMENT', 4, '2026-01-03 18:58:56');
INSERT INTO `user_behavior` VALUES (433, 12, 'POST', 9, 'VIEW', 1, '2026-01-03 19:27:13');
INSERT INTO `user_behavior` VALUES (434, 12, 'POST', 18, 'VIEW', 1, '2026-01-03 19:27:15');
INSERT INTO `user_behavior` VALUES (435, 8, 'POST', 6, 'VIEW', 1, '2026-01-03 19:27:40');
INSERT INTO `user_behavior` VALUES (436, 8, 'POST', 17, 'VIEW', 1, '2026-01-03 19:27:46');
INSERT INTO `user_behavior` VALUES (437, 8, 'POST', 4, 'VIEW', 1, '2026-01-03 19:27:49');
INSERT INTO `user_behavior` VALUES (438, 8, 'POST', 32, 'VIEW', 1, '2026-01-03 21:45:36');
INSERT INTO `user_behavior` VALUES (439, 8, 'POST', 32, 'VIEW', 1, '2026-01-03 21:46:00');
INSERT INTO `user_behavior` VALUES (440, 8, 'POST', 31, 'VIEW', 1, '2026-01-03 22:06:43');
INSERT INTO `user_behavior` VALUES (441, 8, 'POST', 30, 'VIEW', 1, '2026-01-03 22:06:45');
INSERT INTO `user_behavior` VALUES (442, 8, 'POST', 23, 'VIEW', 1, '2026-01-03 22:06:47');
INSERT INTO `user_behavior` VALUES (443, 8, 'POST', 30, 'VIEW', 1, '2026-01-03 22:07:36');
INSERT INTO `user_behavior` VALUES (444, 8, 'POST', 30, 'VIEW', 1, '2026-01-03 22:08:25');
INSERT INTO `user_behavior` VALUES (445, 8, 'POST', 32, 'VIEW', 1, '2026-01-03 22:08:29');
INSERT INTO `user_behavior` VALUES (446, 8, 'POST', 31, 'VIEW', 1, '2026-01-03 22:08:55');
INSERT INTO `user_behavior` VALUES (447, 8, 'POST', 26, 'VIEW', 1, '2026-01-03 22:09:17');
INSERT INTO `user_behavior` VALUES (448, 1, 'POST', 21, 'VIEW', 1, '2026-01-03 23:27:10');
INSERT INTO `user_behavior` VALUES (449, 1, 'POST', 31, 'VIEW', 1, '2026-01-03 23:27:12');
INSERT INTO `user_behavior` VALUES (450, 1, 'POST', 29, 'VIEW', 1, '2026-01-03 23:27:13');
INSERT INTO `user_behavior` VALUES (451, 1, 'POST', 22, 'VIEW', 1, '2026-01-03 23:47:13');

-- ----------------------------
-- Table structure for user_block
-- ----------------------------
DROP TABLE IF EXISTS `user_block`;
CREATE TABLE `user_block`  (
  `id` bigint(20) NOT NULL AUTO_INCREMENT,
  `blocker_id` bigint(20) NOT NULL COMMENT '屏蔽者ID',
  `blocked_id` bigint(20) NOT NULL COMMENT '被屏蔽者ID',
  `created_at` timestamp NULL DEFAULT CURRENT_TIMESTAMP,
  PRIMARY KEY (`id`) USING BTREE,
  UNIQUE INDEX `uk_block_pair`(`blocker_id` ASC, `blocked_id` ASC) USING BTREE,
  INDEX `idx_block_blocker`(`blocker_id` ASC) USING BTREE,
  INDEX `idx_block_blocked`(`blocked_id` ASC) USING BTREE,
  CONSTRAINT `user_block_ibfk_1` FOREIGN KEY (`blocker_id`) REFERENCES `user` (`id`) ON DELETE CASCADE ON UPDATE RESTRICT,
  CONSTRAINT `user_block_ibfk_2` FOREIGN KEY (`blocked_id`) REFERENCES `user` (`id`) ON DELETE CASCADE ON UPDATE RESTRICT
) ENGINE = InnoDB AUTO_INCREMENT = 1 CHARACTER SET = utf8mb4 COLLATE = utf8mb4_unicode_ci COMMENT = '用户屏蔽表' ROW_FORMAT = DYNAMIC;

-- ----------------------------
-- Records of user_block
-- ----------------------------

-- ----------------------------
-- Table structure for user_collection
-- ----------------------------
DROP TABLE IF EXISTS `user_collection`;
CREATE TABLE `user_collection`  (
  `id` bigint(20) NOT NULL AUTO_INCREMENT,
  `user_id` bigint(20) NOT NULL,
  `target_type` enum('POST','WIKI') CHARACTER SET utf8mb4 COLLATE utf8mb4_unicode_ci NOT NULL,
  `target_id` bigint(20) NOT NULL,
  `created_at` timestamp NULL DEFAULT CURRENT_TIMESTAMP,
  PRIMARY KEY (`id`) USING BTREE,
  UNIQUE INDEX `uk_collection`(`user_id` ASC, `target_type` ASC, `target_id` ASC) USING BTREE,
  INDEX `idx_collection_type`(`target_type` ASC) USING BTREE,
  CONSTRAINT `user_collection_ibfk_1` FOREIGN KEY (`user_id`) REFERENCES `user` (`id`) ON DELETE CASCADE ON UPDATE RESTRICT
) ENGINE = InnoDB AUTO_INCREMENT = 5 CHARACTER SET = utf8mb4 COLLATE = utf8mb4_unicode_ci COMMENT = '用户收藏表' ROW_FORMAT = DYNAMIC;

-- ----------------------------
-- Records of user_collection
-- ----------------------------
INSERT INTO `user_collection` VALUES (1, 11, 'POST', 4, '2026-01-01 03:49:49');
INSERT INTO `user_collection` VALUES (4, 1, 'POST', 1, '2026-01-03 17:31:55');

-- ----------------------------
-- Table structure for user_follow
-- ----------------------------
DROP TABLE IF EXISTS `user_follow`;
CREATE TABLE `user_follow`  (
  `id` bigint(20) NOT NULL AUTO_INCREMENT,
  `follower_id` bigint(20) NOT NULL,
  `followee_id` bigint(20) NOT NULL,
  `created_at` timestamp NULL DEFAULT CURRENT_TIMESTAMP,
  PRIMARY KEY (`id`) USING BTREE,
  UNIQUE INDEX `uk_follow_pair`(`follower_id` ASC, `followee_id` ASC) USING BTREE,
  INDEX `idx_follow_follower`(`follower_id` ASC) USING BTREE,
  INDEX `idx_follow_followee`(`followee_id` ASC) USING BTREE,
  CONSTRAINT `user_follow_ibfk_1` FOREIGN KEY (`follower_id`) REFERENCES `user` (`id`) ON DELETE CASCADE ON UPDATE RESTRICT,
  CONSTRAINT `user_follow_ibfk_2` FOREIGN KEY (`followee_id`) REFERENCES `user` (`id`) ON DELETE CASCADE ON UPDATE RESTRICT
) ENGINE = InnoDB AUTO_INCREMENT = 7 CHARACTER SET = utf8mb4 COLLATE = utf8mb4_unicode_ci COMMENT = '用户关注表' ROW_FORMAT = DYNAMIC;

-- ----------------------------
-- Records of user_follow
-- ----------------------------
INSERT INTO `user_follow` VALUES (1, 11, 6, '2026-01-02 16:44:44');
INSERT INTO `user_follow` VALUES (3, 12, 7, '2026-01-02 18:18:12');
INSERT INTO `user_follow` VALUES (4, 13, 1, '2026-01-03 17:08:17');
INSERT INTO `user_follow` VALUES (5, 13, 12, '2026-01-03 17:11:58');
INSERT INTO `user_follow` VALUES (6, 1, 13, '2026-01-03 17:29:45');

-- ----------------------------
-- Table structure for user_footprint
-- ----------------------------
DROP TABLE IF EXISTS `user_footprint`;
CREATE TABLE `user_footprint`  (
  `id` bigint(20) NOT NULL AUTO_INCREMENT,
  `user_id` bigint(20) NOT NULL,
  `target_type` enum('POST','WIKI') CHARACTER SET utf8mb4 COLLATE utf8mb4_unicode_ci NOT NULL,
  `target_id` bigint(20) NOT NULL,
  `title` varchar(255) CHARACTER SET utf8mb4 COLLATE utf8mb4_unicode_ci NULL DEFAULT NULL,
  `summary` varchar(500) CHARACTER SET utf8mb4 COLLATE utf8mb4_unicode_ci NULL DEFAULT NULL,
  `cover_url` varchar(255) CHARACTER SET utf8mb4 COLLATE utf8mb4_unicode_ci NULL DEFAULT NULL,
  `visited_at` timestamp NULL DEFAULT CURRENT_TIMESTAMP,
  PRIMARY KEY (`id`) USING BTREE,
  UNIQUE INDEX `uk_footprint`(`user_id` ASC, `target_type` ASC, `target_id` ASC) USING BTREE,
  INDEX `idx_footprint_visited`(`visited_at` ASC) USING BTREE,
  CONSTRAINT `user_footprint_ibfk_1` FOREIGN KEY (`user_id`) REFERENCES `user` (`id`) ON DELETE CASCADE ON UPDATE RESTRICT
) ENGINE = InnoDB AUTO_INCREMENT = 98 CHARACTER SET = utf8mb4 COLLATE = utf8mb4_unicode_ci COMMENT = '用户足迹表' ROW_FORMAT = DYNAMIC;

-- ----------------------------
-- Records of user_footprint
-- ----------------------------
INSERT INTO `user_footprint` VALUES (3, 11, 'POST', 2, 'admin', '周末探店｜发现了一家宝藏精酿啤酒吧！十几种进口精酿随便选，老板还会根据你的口味推荐，服务超级贴心～强烈推荐IPA爱好者来试试！🍺 #精酿啤酒 #周末好去处', NULL, '2026-01-03 17:17:38');
INSERT INTO `user_footprint` VALUES (4, 11, 'POST', 25, 'demo1', '加微信', NULL, '2026-01-01 00:49:26');
INSERT INTO `user_footprint` VALUES (5, 11, 'POST', 1, 'admin', '今晚在Speak Low品尝了一杯经典的Old Fashioned，调酒师的手法真是炉火纯青！威士忌的醇厚配上橙皮的清香，完美！🥃✨ #鸡尾酒 #上海酒吧', NULL, '2026-01-03 17:09:10');
INSERT INTO `user_footprint` VALUES (6, 11, 'POST', 4, 'admin', '成都的酒吧文化真的太棒了！昨晚在玉林路的小酒馆听了一场live，氛围感拉满！配上几杯特调，这才是生活该有的样子～🎸🍻 #成都夜生活 #音乐酒吧', NULL, '2026-01-03 17:05:04');
INSERT INTO `user_footprint` VALUES (7, 11, 'POST', 23, '清酒控', '日本酒藏之旅｜参观了新潟的八海山酒藏，了解了清酒的酿造过程。从精米到发酵，每一步都充满匠心。回来带了几瓶限定酒！✈️🍶 #日本旅行 #清酒', NULL, '2026-01-03 17:17:26');
INSERT INTO `user_footprint` VALUES (8, 11, 'POST', 7, 'admin', '科普时间｜为什么鸡尾酒要用冰块摇匀而不是搅拌？其实这跟酒的成分有关系。含有果汁、奶油等不易混合的材料需要摇，而纯烈酒类则适合搅拌。涨知识了！📚 #鸡尾酒知识 ', NULL, NULL);
INSERT INTO `user_footprint` VALUES (9, 11, 'POST', 8, 'admin', '今天尝试了传说中的\"失身酒\"Long Island Iced Tea，四种基酒混合居然喝起来像冰茶？！后劲真的很大，大家喝的时候要注意哦～😵 #长岛冰茶 #鸡', NULL, '2026-01-01 01:16:37');
INSERT INTO `user_footprint` VALUES (10, 11, 'POST', 12, 'admin', '夏日特调推荐｜薄荷柠檬苏打，清爽解暑！做法超简单：新鲜薄荷+柠檬汁+苏打水+冰块，完美！🍋🌿 #夏日饮品 #清爽 #DIY', NULL, NULL);
INSERT INTO `user_footprint` VALUES (11, 12, 'POST', 1, 'admin', '今晚在Speak Low品尝了一杯经典的Old Fashioned，调酒师的手法真是炉火纯青！威士忌的醇厚配上橙皮的清香，完美！🥃✨ #鸡尾酒 #上海酒吧', NULL, '2026-01-01 04:07:50');
INSERT INTO `user_footprint` VALUES (12, 11, 'POST', 21, '清酒控', '清酒入门｜獭祭二割三分，精米步合23%，果香浓郁，入口绵柔。虽然价格不菲，但品质确实出众。适合清酒入门者的第一瓶大吟酿！🍶 #清酒 #獭祭', NULL, '2026-01-02 16:44:47');
INSERT INTO `user_footprint` VALUES (13, 12, 'POST', 7, 'admin', '科普时间｜为什么鸡尾酒要用冰块摇匀而不是搅拌？其实这跟酒的成分有关系。含有果汁、奶油等不易混合的材料需要摇，而纯烈酒类则适合搅拌。涨知识了！📚 #鸡尾酒知识 ', NULL, '2026-01-01 04:09:56');
INSERT INTO `user_footprint` VALUES (14, 12, 'POST', 6, 'admin', '杭州西湖边的这家酒吧真的绝了！坐在露台上，一边欣赏湖景，一边品着红酒，人生惬意不过如此。强烈推荐日落时分来，景色美到窒息！🌅🍷 #杭州 #西湖 #红酒', NULL, NULL);
INSERT INTO `user_footprint` VALUES (15, 12, 'POST', 4, 'admin', '成都的酒吧文化真的太棒了！昨晚在玉林路的小酒馆听了一场live，氛围感拉满！配上几杯特调，这才是生活该有的样子～🎸🍻 #成都夜生活 #音乐酒吧', NULL, '2026-01-03 17:34:07');
INSERT INTO `user_footprint` VALUES (16, 12, 'POST', 5, 'admin', '威士忌品鉴笔记｜今天品尝了三款单一麦芽威士忌，从艾雷岛的泥煤味到斯佩塞的果香，每一款都有独特的风味。最喜欢的还是Highland Park 12年，平衡感极佳！', NULL, NULL);
INSERT INTO `user_footprint` VALUES (17, 11, 'POST', 6, 'admin', '杭州西湖边的这家酒吧真的绝了！坐在露台上，一边欣赏湖景，一边品着红酒，人生惬意不过如此。强烈推荐日落时分来，景色美到窒息！🌅🍷 #杭州 #西湖 #红酒', NULL, NULL);
INSERT INTO `user_footprint` VALUES (18, 11, 'POST', 5, 'admin', '威士忌品鉴笔记｜今天品尝了三款单一麦芽威士忌，从艾雷岛的泥煤味到斯佩塞的果香，每一款都有独特的风味。最喜欢的还是Highland Park 12年，平衡感极佳！', NULL, '2026-01-02 16:44:17');
INSERT INTO `user_footprint` VALUES (19, 11, 'POST', 9, 'admin', '酒吧氛围组｜昨晚和朋友们在酒吧玩桌游，配上几杯特调啤酒，笑到肚子疼。这家店的桌游种类超多，适合聚会！🎲🍺 #桌游 #聚会 #啤酒', NULL, '2026-01-02 16:36:36');
INSERT INTO `user_footprint` VALUES (20, 11, 'POST', 3, 'admin', '第一次尝试自己在家调制Mojito，虽然卖相不太好，但味道还不错！薄荷叶一定要用新鲜的，差别真的很大。分享一下配方给大家～🍹 #在家调酒 #莫吉托', NULL, NULL);
INSERT INTO `user_footprint` VALUES (21, 11, 'POST', 24, '白酒文化传承人', '中国白酒香型科普｜酱香、浓香、清香、米香...你知道它们的区别吗？今天来聊聊各大香型的特点和代表品牌！📖 #白酒知识 #香型', NULL, NULL);
INSERT INTO `user_footprint` VALUES (22, 12, 'POST', 24, '白酒文化传承人', '中国白酒香型科普｜酱香、浓香、清香、米香...你知道它们的区别吗？今天来聊聊各大香型的特点和代表品牌！📖 #白酒知识 #香型', NULL, NULL);
INSERT INTO `user_footprint` VALUES (23, 11, 'POST', 15, 'admin', '酒吧探店｜这家新开的酒吧装修风格很复古，放的都是老歌，很有感觉。酒单也很有特色，推荐他们的招牌鸡尾酒！🎵 #探店 #复古酒吧', NULL, NULL);
INSERT INTO `user_footprint` VALUES (24, 13, 'POST', 1, 'admin', '今晚在Speak Low品尝了一杯经典的Old Fashioned，调酒师的手法真是炉火纯青！威士忌的醇厚配上橙皮的清香，完美！🥃✨ #鸡尾酒 #上海酒吧', NULL, '2026-01-03 17:16:05');
INSERT INTO `user_footprint` VALUES (25, 13, 'POST', 4, 'admin', '成都的酒吧文化真的太棒了！昨晚在玉林路的小酒馆听了一场live，氛围感拉满！配上几杯特调，这才是生活该有的样子～🎸🍻 #成都夜生活 #音乐酒吧', NULL, '2026-01-03 17:16:02');
INSERT INTO `user_footprint` VALUES (26, 13, 'POST', 26, 'demo3', '你好啊', '/api/files/97e91453-e059-4b4a-9739-936bc0acc578', NULL);
INSERT INTO `user_footprint` VALUES (27, 11, 'POST', 27, 'demo1', 'test', NULL, NULL);
INSERT INTO `user_footprint` VALUES (28, 12, 'POST', 26, 'demo3', '你好啊', '/api/files/97e91453-e059-4b4a-9739-936bc0acc578', '2026-01-03 17:13:03');
INSERT INTO `user_footprint` VALUES (29, 11, 'POST', 28, 'demo1', '1111', NULL, NULL);
INSERT INTO `user_footprint` VALUES (30, 12, 'POST', 28, 'demo1', '1111', NULL, NULL);
INSERT INTO `user_footprint` VALUES (31, 12, 'POST', 27, 'demo1', 'test', NULL, NULL);
INSERT INTO `user_footprint` VALUES (32, 11, 'POST', 29, 'demo1', '1111122222', NULL, '2026-01-03 17:15:16');
INSERT INTO `user_footprint` VALUES (33, 12, 'POST', 22, '白酒文化传承人', '茅台品鉴｜飞天茅台2019年，酱香突出，回味悠长。存放三年后，口感更加圆润。好酒需要时间沉淀！🥃 #茅台 #酱香型白酒', NULL, NULL);
INSERT INTO `user_footprint` VALUES (34, 12, 'POST', 21, '清酒控', '清酒入门｜獭祭二割三分，精米步合23%，果香浓郁，入口绵柔。虽然价格不菲，但品质确实出众。适合清酒入门者的第一瓶大吟酿！🍶 #清酒 #獭祭', NULL, NULL);
INSERT INTO `user_footprint` VALUES (35, 13, 'POST', 29, 'demo1', '1111122222', NULL, NULL);
INSERT INTO `user_footprint` VALUES (36, 11, 'POST', 26, 'demo3', '你好啊', '/api/files/97e91453-e059-4b4a-9739-936bc0acc578', NULL);
INSERT INTO `user_footprint` VALUES (37, 13, 'POST', 30, 'demo3', 'test', '/api/files/48c0752b-2717-4892-8757-6dc08d6d0ece', '2026-01-03 17:18:59');
INSERT INTO `user_footprint` VALUES (38, 13, 'POST', 2, 'admin', '周末探店｜发现了一家宝藏精酿啤酒吧！十几种进口精酿随便选，老板还会根据你的口味推荐，服务超级贴心～强烈推荐IPA爱好者来试试！🍺 #精酿啤酒 #周末好去处', NULL, '2026-01-03 17:16:00');
INSERT INTO `user_footprint` VALUES (39, 13, 'POST', 9, 'admin', '酒吧氛围组｜昨晚和朋友们在酒吧玩桌游，配上几杯特调啤酒，笑到肚子疼。这家店的桌游种类超多，适合聚会！🎲🍺 #桌游 #聚会 #啤酒', NULL, NULL);
INSERT INTO `user_footprint` VALUES (40, 13, 'POST', 13, 'admin', '参加了一场威士忌品鉴会，学到了很多专业知识。原来威士忌的颜色深浅和年份、橡木桶类型都有关系！受益匪浅～ #威士忌 #品鉴会', NULL, NULL);
INSERT INTO `user_footprint` VALUES (41, 11, 'POST', 31, 'demo1', '测试IP', NULL, '2026-01-03 17:18:38');
INSERT INTO `user_footprint` VALUES (42, 11, 'POST', 30, 'demo3', 'test', '/api/files/48c0752b-2717-4892-8757-6dc08d6d0ece', '2026-01-03 17:18:08');
INSERT INTO `user_footprint` VALUES (43, 11, 'POST', 32, 'demo1', '222222', NULL, '2026-01-03 17:53:55');
INSERT INTO `user_footprint` VALUES (44, 1, 'POST', 30, 'demo3', 'test', '/api/files/48c0752b-2717-4892-8757-6dc08d6d0ece', '2026-01-03 17:34:28');
INSERT INTO `user_footprint` VALUES (45, 1, 'POST', 3, 'admin', '第一次尝试自己在家调制Mojito，虽然卖相不太好，但味道还不错！薄荷叶一定要用新鲜的，差别真的很大。分享一下配方给大家～🍹 #在家调酒 #莫吉托', NULL, '2026-01-03 17:34:11');
INSERT INTO `user_footprint` VALUES (46, 1, 'POST', 8, 'admin', '今天尝试了传说中的\"失身酒\"Long Island Iced Tea，四种基酒混合居然喝起来像冰茶？！后劲真的很大，大家喝的时候要注意哦～😵 #长岛冰茶 #鸡', NULL, '2026-01-03 17:30:39');
INSERT INTO `user_footprint` VALUES (47, 1, 'POST', 4, 'admin', '成都的酒吧文化真的太棒了！昨晚在玉林路的小酒馆听了一场live，氛围感拉满！配上几杯特调，这才是生活该有的样子～🎸🍻 #成都夜生活 #音乐酒吧', NULL, '2026-01-03 17:34:32');
INSERT INTO `user_footprint` VALUES (48, 1, 'POST', 19, 'admin', '终于收集齐了六大基酒！金酒、伏特加、朗姆酒、龙舌兰、威士忌、白兰地。接下来要系统学习每种酒的特点和经典调配～📚 #基酒 #收藏 #学习', NULL, NULL);
INSERT INTO `user_footprint` VALUES (49, 1, 'POST', 2, 'admin', '周末探店｜发现了一家宝藏精酿啤酒吧！十几种进口精酿随便选，老板还会根据你的口味推荐，服务超级贴心～强烈推荐IPA爱好者来试试！🍺 #精酿啤酒 #周末好去处', NULL, '2026-01-03 17:34:17');
INSERT INTO `user_footprint` VALUES (50, 1, 'POST', 9, 'admin', '酒吧氛围组｜昨晚和朋友们在酒吧玩桌游，配上几杯特调啤酒，笑到肚子疼。这家店的桌游种类超多，适合聚会！🎲🍺 #桌游 #聚会 #啤酒', NULL, '2026-01-03 17:34:33');
INSERT INTO `user_footprint` VALUES (51, 1, 'POST', 18, 'admin', '周末和朋友们组织了一场家庭酒会，每个人都带了自己喜欢的酒，交流品鉴心得。这种聚会形式真的很棒！🥂 #聚会 #品酒 #周末', NULL, NULL);
INSERT INTO `user_footprint` VALUES (52, 1, 'POST', 6, 'admin', '杭州西湖边的这家酒吧真的绝了！坐在露台上，一边欣赏湖景，一边品着红酒，人生惬意不过如此。强烈推荐日落时分来，景色美到窒息！🌅🍷 #杭州 #西湖 #红酒', NULL, '2026-01-03 17:34:34');
INSERT INTO `user_footprint` VALUES (53, 1, 'POST', 17, 'admin', '春日限定｜樱花鸡尾酒，颜值和口感都在线！粉粉嫩嫩的超级适合拍照～这个季节一定要试试！🌸 #樱花 #春日限定 #鸡尾酒', NULL, '2026-01-03 17:34:35');
INSERT INTO `user_footprint` VALUES (54, 5, 'POST', 26, 'demo3', '你好啊', '/api/files/97e91453-e059-4b4a-9739-936bc0acc578', NULL);
INSERT INTO `user_footprint` VALUES (55, 1, 'POST', 1, 'admin', '今晚在Speak Low品尝了一杯经典的Old Fashioned，调酒师的手法真是炉火纯青！威士忌的醇厚配上橙皮的清香，完美！🥃✨ #鸡尾酒 #上海酒吧', NULL, '2026-01-03 17:34:35');
INSERT INTO `user_footprint` VALUES (56, 1, 'POST', 22, '白酒文化传承人', '茅台品鉴｜飞天茅台2019年，酱香突出，回味悠长。存放三年后，口感更加圆润。好酒需要时间沉淀！🥃 #茅台 #酱香型白酒', NULL, '2026-01-03 23:47:13');
INSERT INTO `user_footprint` VALUES (57, 12, 'POST', 32, 'demo1', '222222', NULL, NULL);
INSERT INTO `user_footprint` VALUES (58, 12, 'POST', 8, 'admin', '今天尝试了传说中的\"失身酒\"Long Island Iced Tea，四种基酒混合居然喝起来像冰茶？！后劲真的很大，大家喝的时候要注意哦～😵 #长岛冰茶 #鸡', NULL, NULL);
INSERT INTO `user_footprint` VALUES (59, 12, 'POST', 11, 'admin', '葡萄酒入门指南｜新手如何选择适合自己的葡萄酒？从产区、品种、年份三个维度来看，其实并不复杂。今天先讲讲法国波尔多～🍇 #葡萄酒 #入门指南', NULL, NULL);
INSERT INTO `user_footprint` VALUES (60, 1, 'POST', 10, 'admin', '分享一个小众酒吧，藏在老街区的深处，没有招牌，只有知道的人才会来。老板是个调酒大师，每杯酒都是艺术品！💎 #小众酒吧 #隐藏好店', NULL, NULL);
INSERT INTO `user_footprint` VALUES (61, 12, 'POST', 2, 'admin', '周末探店｜发现了一家宝藏精酿啤酒吧！十几种进口精酿随便选，老板还会根据你的口味推荐，服务超级贴心～强烈推荐IPA爱好者来试试！🍺 #精酿啤酒 #周末好去处', NULL, NULL);
INSERT INTO `user_footprint` VALUES (62, 1, 'POST', 24, '白酒文化传承人', '中国白酒香型科普｜酱香、浓香、清香、米香...你知道它们的区别吗？今天来聊聊各大香型的特点和代表品牌！📖 #白酒知识 #香型', NULL, NULL);
INSERT INTO `user_footprint` VALUES (63, 1, 'POST', 23, '清酒控', '日本酒藏之旅｜参观了新潟的八海山酒藏，了解了清酒的酿造过程。从精米到发酵，每一步都充满匠心。回来带了几瓶限定酒！✈️🍶 #日本旅行 #清酒', NULL, NULL);
INSERT INTO `user_footprint` VALUES (64, 6, 'POST', 21, '清酒控', '清酒入门｜獭祭二割三分，精米步合23%，果香浓郁，入口绵柔。虽然价格不菲，但品质确实出众。适合清酒入门者的第一瓶大吟酿！🍶 #清酒 #獭祭', NULL, '2026-01-03 17:35:44');
INSERT INTO `user_footprint` VALUES (65, 6, 'POST', 32, 'demo1', '222222', NULL, '2026-01-03 18:58:30');
INSERT INTO `user_footprint` VALUES (66, 6, 'POST', 26, 'demo3', '你好啊', '/api/files/97e91453-e059-4b4a-9739-936bc0acc578', NULL);
INSERT INTO `user_footprint` VALUES (67, 6, 'POST', 23, '清酒控', '日本酒藏之旅｜参观了新潟的八海山酒藏，了解了清酒的酿造过程。从精米到发酵，每一步都充满匠心。回来带了几瓶限定酒！✈️🍶 #日本旅行 #清酒', NULL, NULL);
INSERT INTO `user_footprint` VALUES (68, 6, 'POST', 6, 'admin', '杭州西湖边的这家酒吧真的绝了！坐在露台上，一边欣赏湖景，一边品着红酒，人生惬意不过如此。强烈推荐日落时分来，景色美到窒息！🌅🍷 #杭州 #西湖 #红酒', NULL, NULL);
INSERT INTO `user_footprint` VALUES (69, 6, 'POST', 2, 'admin', '周末探店｜发现了一家宝藏精酿啤酒吧！十几种进口精酿随便选，老板还会根据你的口味推荐，服务超级贴心～强烈推荐IPA爱好者来试试！🍺 #精酿啤酒 #周末好去处', NULL, '2026-01-03 17:37:05');
INSERT INTO `user_footprint` VALUES (70, 6, 'POST', 3, 'admin', '第一次尝试自己在家调制Mojito，虽然卖相不太好，但味道还不错！薄荷叶一定要用新鲜的，差别真的很大。分享一下配方给大家～🍹 #在家调酒 #莫吉托', NULL, NULL);
INSERT INTO `user_footprint` VALUES (71, 6, 'WIKI', 20, '莫吉托', '源自古巴的经典鸡尾酒，清爽的薄荷柠檬香气，白朗姆酒为基底，夏日最受欢迎。', NULL, NULL);
INSERT INTO `user_footprint` VALUES (72, 6, 'WIKI', 12, '霞多丽', '世界上最受欢迎的白葡萄品种，风格多样，从清爽到浓郁都能表现出色。', NULL, '2026-01-03 18:44:53');
INSERT INTO `user_footprint` VALUES (73, 6, 'WIKI', 1, '茅台酒', '中国贵州省的传统名酒，酱香型白酒的代表，被誉为\"国酒\"。', NULL, '2026-01-03 18:51:09');
INSERT INTO `user_footprint` VALUES (74, 6, 'WIKI', 21, '玛格丽特', '以龙舌兰为基酒的经典鸡尾酒，酸甜平衡，盐边装饰，IBA官方鸡尾酒之一。', NULL, NULL);
INSERT INTO `user_footprint` VALUES (75, 6, 'WIKI', 19, '莫吉托', '源自古巴的经典鸡尾酒，清爽的薄荷柠檬香气，白朗姆酒为基底，夏日最受欢迎。', NULL, '2026-01-03 18:57:28');
INSERT INTO `user_footprint` VALUES (76, 6, 'WIKI', 18, '龙舌兰', '墨西哥的国酒，以蓝色龙舌兰植物为原料，独特的烟熏草本风味，玛格丽特的基酒。', NULL, NULL);
INSERT INTO `user_footprint` VALUES (77, 6, 'WIKI', 90, 'test', '1', NULL, NULL);
INSERT INTO `user_footprint` VALUES (78, 6, 'WIKI', 17, '朗姆酒', '以甘蔗为原料的烈酒，加勒比海的特产，从清淡到浓郁风格多样，是热带鸡尾酒的灵魂。', NULL, NULL);
INSERT INTO `user_footprint` VALUES (79, 12, 'WIKI', 90, 'test', '1', NULL, NULL);
INSERT INTO `user_footprint` VALUES (80, 12, 'WIKI', 20, '玛格丽特', '以龙舌兰为基酒的经典鸡尾酒，酸甜平衡，盐边装饰，IBA官方鸡尾酒之一。', NULL, NULL);
INSERT INTO `user_footprint` VALUES (81, 12, 'WIKI', 19, '莫吉托', '源自古巴的经典鸡尾酒，清爽的薄荷柠檬香气，白朗姆酒为基底，夏日最受欢迎。', NULL, '2026-01-03 19:27:03');
INSERT INTO `user_footprint` VALUES (82, 12, 'POST', 9, 'admin', '酒吧氛围组｜昨晚和朋友们在酒吧玩桌游，配上几杯特调啤酒，笑到肚子疼。这家店的桌游种类超多，适合聚会！🎲🍺 #桌游 #聚会 #啤酒', NULL, NULL);
INSERT INTO `user_footprint` VALUES (83, 12, 'POST', 18, 'admin', '周末和朋友们组织了一场家庭酒会，每个人都带了自己喜欢的酒，交流品鉴心得。这种聚会形式真的很棒！🥂 #聚会 #品酒 #周末', NULL, NULL);
INSERT INTO `user_footprint` VALUES (84, 8, 'POST', 6, 'admin', '杭州西湖边的这家酒吧真的绝了！坐在露台上，一边欣赏湖景，一边品着红酒，人生惬意不过如此。强烈推荐日落时分来，景色美到窒息！🌅🍷 #杭州 #西湖 #红酒', NULL, NULL);
INSERT INTO `user_footprint` VALUES (85, 8, 'POST', 17, 'admin', '春日限定｜樱花鸡尾酒，颜值和口感都在线！粉粉嫩嫩的超级适合拍照～这个季节一定要试试！🌸 #樱花 #春日限定 #鸡尾酒', NULL, NULL);
INSERT INTO `user_footprint` VALUES (86, 8, 'POST', 4, 'admin', '成都的酒吧文化真的太棒了！昨晚在玉林路的小酒馆听了一场live，氛围感拉满！配上几杯特调，这才是生活该有的样子～🎸🍻 #成都夜生活 #音乐酒吧', NULL, NULL);
INSERT INTO `user_footprint` VALUES (87, 8, 'POST', 32, 'demo1', '222222', NULL, '2026-01-03 22:08:29');
INSERT INTO `user_footprint` VALUES (88, 8, 'POST', 31, 'demo1', '测试IP', NULL, '2026-01-03 22:08:55');
INSERT INTO `user_footprint` VALUES (89, 8, 'POST', 30, 'demo3', 'test', '/api/files/48c0752b-2717-4892-8757-6dc08d6d0ece', '2026-01-03 22:08:25');
INSERT INTO `user_footprint` VALUES (90, 8, 'POST', 23, '清酒控', '日本酒藏之旅｜参观了新潟的八海山酒藏，了解了清酒的酿造过程。从精米到发酵，每一步都充满匠心。回来带了几瓶限定酒！✈️🍶 #日本旅行 #清酒', NULL, NULL);
INSERT INTO `user_footprint` VALUES (91, 8, 'POST', 26, 'demo3', '你好啊', '/api/files/97e91453-e059-4b4a-9739-936bc0acc578', NULL);
INSERT INTO `user_footprint` VALUES (92, 1, 'WIKI', 20, '玛格丽特', '以龙舌兰为基酒的经典鸡尾酒，酸甜平衡，盐边装饰，IBA官方鸡尾酒之一。', NULL, NULL);
INSERT INTO `user_footprint` VALUES (93, 1, 'WIKI', 18, '龙舌兰', '墨西哥的国酒，以蓝色龙舌兰植物为原料，独特的烟熏草本风味，玛格丽特的基酒。', NULL, NULL);
INSERT INTO `user_footprint` VALUES (94, 1, 'WIKI', 15, '日本威士忌', '借鉴苏格兰工艺发展而来，以精致优雅的风格在国际上屡获大奖，近年来备受追捧。', NULL, NULL);
INSERT INTO `user_footprint` VALUES (95, 1, 'POST', 21, '清酒控', '清酒入门｜獭祭二割三分，精米步合23%，果香浓郁，入口绵柔。虽然价格不菲，但品质确实出众。适合清酒入门者的第一瓶大吟酿！🍶 #清酒 #獭祭', NULL, NULL);
INSERT INTO `user_footprint` VALUES (96, 1, 'POST', 31, 'demo1', '测试IP', NULL, NULL);
INSERT INTO `user_footprint` VALUES (97, 1, 'POST', 29, 'demo1', '1111122222', NULL, NULL);

-- ----------------------------
-- Table structure for user_preference
-- ----------------------------
DROP TABLE IF EXISTS `user_preference`;
CREATE TABLE `user_preference`  (
  `id` bigint(20) NOT NULL AUTO_INCREMENT,
  `user_id` bigint(20) NOT NULL,
  `tag_name` varchar(50) CHARACTER SET utf8mb4 COLLATE utf8mb4_unicode_ci NOT NULL,
  `tag_category` enum('BEVERAGE_TYPE','TASTE','SCENE','LOCATION','OTHER') CHARACTER SET utf8mb4 COLLATE utf8mb4_unicode_ci NOT NULL DEFAULT 'OTHER',
  `weight` decimal(10, 4) NOT NULL DEFAULT 0.0000 COMMENT '偏好权重，根据行为累计',
  `updated_at` timestamp NULL DEFAULT CURRENT_TIMESTAMP ON UPDATE CURRENT_TIMESTAMP,
  PRIMARY KEY (`id`) USING BTREE,
  UNIQUE INDEX `uk_user_preference`(`user_id` ASC, `tag_name` ASC) USING BTREE,
  INDEX `idx_user_preference_user`(`user_id` ASC) USING BTREE,
  INDEX `idx_user_preference_tag`(`tag_name` ASC) USING BTREE,
  INDEX `idx_user_preference_weight`(`weight` DESC) USING BTREE,
  CONSTRAINT `user_preference_ibfk_1` FOREIGN KEY (`user_id`) REFERENCES `user` (`id`) ON DELETE CASCADE ON UPDATE RESTRICT
) ENGINE = InnoDB AUTO_INCREMENT = 163 CHARACTER SET = utf8mb4 COLLATE = utf8mb4_unicode_ci COMMENT = '用户偏好表' ROW_FORMAT = DYNAMIC;

-- ----------------------------
-- Records of user_preference
-- ----------------------------
INSERT INTO `user_preference` VALUES (1, 1, '威士忌', 'BEVERAGE_TYPE', 2.5000, '2025-12-31 23:12:52');
INSERT INTO `user_preference` VALUES (2, 1, '鸡尾酒', 'BEVERAGE_TYPE', 1.8000, '2025-12-31 23:12:52');
INSERT INTO `user_preference` VALUES (3, 1, '醇厚', 'TASTE', 1.5000, '2025-12-31 23:12:52');
INSERT INTO `user_preference` VALUES (4, 1, '烟熏', 'TASTE', 0.8000, '2025-12-31 23:12:52');
INSERT INTO `user_preference` VALUES (5, 1, '品鉴', 'SCENE', 1.2000, '2025-12-31 23:12:52');
INSERT INTO `user_preference` VALUES (6, 1, '酒吧', 'LOCATION', 0.9000, '2025-12-31 23:12:52');
INSERT INTO `user_preference` VALUES (7, 1, '朗姆酒', 'BEVERAGE_TYPE', 0.6000, '2025-12-31 23:12:52');
INSERT INTO `user_preference` VALUES (8, 1, '清爽', 'TASTE', 0.5000, '2025-12-31 23:12:52');
INSERT INTO `user_preference` VALUES (9, 2, '啤酒', 'BEVERAGE_TYPE', 2.8000, '2025-12-31 23:12:52');
INSERT INTO `user_preference` VALUES (10, 2, '聚会', 'SCENE', 2.2000, '2025-12-31 23:12:52');
INSERT INTO `user_preference` VALUES (11, 2, '清爽', 'TASTE', 1.5250, '2025-12-31 23:12:52');
INSERT INTO `user_preference` VALUES (12, 2, '酒吧', 'LOCATION', 1.2000, '2025-12-31 23:12:52');
INSERT INTO `user_preference` VALUES (13, 2, '鸡尾酒', 'BEVERAGE_TYPE', 0.8600, '2025-12-31 23:12:52');
INSERT INTO `user_preference` VALUES (14, 2, '家中', 'LOCATION', 0.6700, '2025-12-31 23:12:52');
INSERT INTO `user_preference` VALUES (22, 3, '红酒', 'BEVERAGE_TYPE', 2.6000, '2025-12-31 23:13:42');
INSERT INTO `user_preference` VALUES (23, 3, '约会', 'SCENE', 2.0000, '2025-12-31 23:13:42');
INSERT INTO `user_preference` VALUES (24, 3, '醇厚', 'TASTE', 1.4000, '2025-12-31 23:13:42');
INSERT INTO `user_preference` VALUES (25, 3, '花香', 'TASTE', 1.0000, '2025-12-31 23:13:42');
INSERT INTO `user_preference` VALUES (26, 3, '甘甜', 'TASTE', 0.9000, '2025-12-31 23:13:42');
INSERT INTO `user_preference` VALUES (27, 3, '酒吧', 'LOCATION', 0.8000, '2025-12-31 23:13:42');
INSERT INTO `user_preference` VALUES (28, 3, '鸡尾酒', 'BEVERAGE_TYPE', 0.5000, '2025-12-31 23:13:42');
INSERT INTO `user_preference` VALUES (106, 2, '威士忌', 'BEVERAGE_TYPE', 2.8000, '2026-01-01 00:27:24');
INSERT INTO `user_preference` VALUES (107, 2, '醇厚', 'TASTE', 2.0000, '2026-01-01 00:27:24');
INSERT INTO `user_preference` VALUES (108, 2, '烟熏', 'TASTE', 1.2000, '2026-01-01 00:27:24');
INSERT INTO `user_preference` VALUES (109, 2, '品鉴', 'SCENE', 1.8000, '2026-01-01 00:27:24');
INSERT INTO `user_preference` VALUES (110, 3, '啤酒', 'BEVERAGE_TYPE', 2.8000, '2026-01-01 00:27:24');
INSERT INTO `user_preference` VALUES (111, 3, '聚会', 'SCENE', 2.2000, '2026-01-01 00:27:24');
INSERT INTO `user_preference` VALUES (112, 3, '清爽', 'TASTE', 1.5000, '2026-01-01 00:27:24');
INSERT INTO `user_preference` VALUES (113, 3, '家中', 'LOCATION', 0.6000, '2026-01-01 00:27:24');
INSERT INTO `user_preference` VALUES (114, 4, '红酒', 'BEVERAGE_TYPE', 2.6000, '2026-01-01 00:27:24');
INSERT INTO `user_preference` VALUES (115, 4, '约会', 'SCENE', 2.0000, '2026-01-01 00:27:24');
INSERT INTO `user_preference` VALUES (116, 4, '醇厚', 'TASTE', 1.4000, '2026-01-01 00:27:24');
INSERT INTO `user_preference` VALUES (117, 4, '花香', 'TASTE', 1.0000, '2026-01-01 00:27:24');
INSERT INTO `user_preference` VALUES (118, 4, '甘甜', 'TASTE', 0.9000, '2026-01-01 00:27:24');
INSERT INTO `user_preference` VALUES (119, 4, '酒吧', 'LOCATION', 0.8000, '2026-01-01 00:27:24');
INSERT INTO `user_preference` VALUES (120, 4, '鸡尾酒', 'BEVERAGE_TYPE', 0.5000, '2026-01-01 00:27:24');
INSERT INTO `user_preference` VALUES (121, 6, '清酒', 'BEVERAGE_TYPE', 3.0000, '2026-01-01 00:27:24');
INSERT INTO `user_preference` VALUES (122, 6, '甘甜', 'TASTE', 1.5000, '2026-01-01 00:27:24');
INSERT INTO `user_preference` VALUES (123, 6, '果香', 'TASTE', 1.2000, '2026-01-01 00:27:24');
INSERT INTO `user_preference` VALUES (124, 6, '品鉴', 'SCENE', 1.8000, '2026-01-01 00:27:24');
INSERT INTO `user_preference` VALUES (125, 7, '白酒', 'BEVERAGE_TYPE', 3.0000, '2026-01-01 00:27:24');
INSERT INTO `user_preference` VALUES (126, 7, '酱香', 'TASTE', 2.5000, '2026-01-01 00:27:24');
INSERT INTO `user_preference` VALUES (127, 7, '醇厚', 'TASTE', 2.0000, '2026-01-01 00:27:24');
INSERT INTO `user_preference` VALUES (128, 7, '品鉴', 'SCENE', 1.5000, '2026-01-01 00:27:24');
INSERT INTO `user_preference` VALUES (129, 8, '鸡尾酒', 'BEVERAGE_TYPE', 2.5000, '2026-01-01 00:27:24');
INSERT INTO `user_preference` VALUES (130, 8, '清爽', 'TASTE', 1.5000, '2026-01-01 00:27:24');
INSERT INTO `user_preference` VALUES (131, 8, '甘甜', 'TASTE', 1.2000, '2026-01-01 00:27:24');
INSERT INTO `user_preference` VALUES (132, 8, '家中', 'LOCATION', 1.0000, '2026-01-01 00:27:24');
INSERT INTO `user_preference` VALUES (133, 9, '酒吧', 'LOCATION', 3.0000, '2026-01-01 00:27:24');
INSERT INTO `user_preference` VALUES (134, 9, '鸡尾酒', 'BEVERAGE_TYPE', 2.0000, '2026-01-01 00:27:24');
INSERT INTO `user_preference` VALUES (135, 9, '聚会', 'SCENE', 1.5000, '2026-01-01 00:27:24');
INSERT INTO `user_preference` VALUES (136, 9, '约会', 'SCENE', 1.0000, '2026-01-01 00:27:24');
INSERT INTO `user_preference` VALUES (137, 10, '鸡尾酒', 'BEVERAGE_TYPE', 1.8000, '2026-01-01 00:27:24');
INSERT INTO `user_preference` VALUES (138, 10, '清爽', 'TASTE', 1.5000, '2026-01-01 00:27:24');
INSERT INTO `user_preference` VALUES (139, 10, '花香', 'TASTE', 1.2000, '2026-01-01 00:27:24');
INSERT INTO `user_preference` VALUES (140, 10, '家中', 'LOCATION', 1.0000, '2026-01-01 00:27:24');
INSERT INTO `user_preference` VALUES (145, 11, '啤酒', 'BEVERAGE_TYPE', 0.2853, '2026-01-01 00:33:25');
INSERT INTO `user_preference` VALUES (146, 11, '清爽', 'TASTE', 0.2853, '2026-01-01 00:33:25');
INSERT INTO `user_preference` VALUES (147, 11, '聚会', 'SCENE', 0.9193, '2026-01-01 00:33:25');
INSERT INTO `user_preference` VALUES (148, 11, '酒吧', 'LOCATION', 0.9733, '2026-01-01 00:33:25');
INSERT INTO `user_preference` VALUES (149, 11, '威士忌', 'BEVERAGE_TYPE', 0.9193, '2026-01-01 00:43:05');
INSERT INTO `user_preference` VALUES (150, 11, '醇厚', 'TASTE', 0.8025, '2026-01-01 00:43:05');
INSERT INTO `user_preference` VALUES (151, 11, '鸡尾酒', 'BEVERAGE_TYPE', 1.3529, '2026-01-01 00:43:05');
INSERT INTO `user_preference` VALUES (152, 11, '伏特加', 'BEVERAGE_TYPE', 0.8624, '2026-01-01 00:51:14');
INSERT INTO `user_preference` VALUES (153, 11, '白兰地', 'BEVERAGE_TYPE', 0.1950, '2026-01-01 00:51:14');
INSERT INTO `user_preference` VALUES (154, 11, '白酒', 'BEVERAGE_TYPE', 0.1950, '2026-01-01 00:51:14');
INSERT INTO `user_preference` VALUES (155, 11, '品鉴', 'SCENE', 0.1000, '2026-01-01 01:10:33');
INSERT INTO `user_preference` VALUES (156, 11, '朗姆酒', 'BEVERAGE_TYPE', 0.7395, '2026-01-01 01:11:24');
INSERT INTO `user_preference` VALUES (157, 11, '金酒', 'BEVERAGE_TYPE', 0.7395, '2026-01-01 01:11:24');
INSERT INTO `user_preference` VALUES (158, 11, '家中', 'LOCATION', 0.1000, '2026-01-01 01:18:07');
INSERT INTO `user_preference` VALUES (159, 12, '威士忌', 'BEVERAGE_TYPE', 0.1950, '2026-01-01 01:20:40');
INSERT INTO `user_preference` VALUES (160, 12, '酒吧', 'LOCATION', 0.1950, '2026-01-01 01:20:40');
INSERT INTO `user_preference` VALUES (161, 12, '醇厚', 'TASTE', 0.1950, '2026-01-01 01:20:40');
INSERT INTO `user_preference` VALUES (162, 12, '鸡尾酒', 'BEVERAGE_TYPE', 0.1950, '2026-01-01 01:20:40');

-- ----------------------------
-- Table structure for wiki_discussion
-- ----------------------------
DROP TABLE IF EXISTS `wiki_discussion`;
CREATE TABLE `wiki_discussion`  (
  `id` bigint(20) NOT NULL AUTO_INCREMENT,
  `page_id` bigint(20) NOT NULL,
  `user_id` bigint(20) NOT NULL,
  `content` text CHARACTER SET utf8mb4 COLLATE utf8mb4_unicode_ci NOT NULL,
  `created_at` timestamp NULL DEFAULT CURRENT_TIMESTAMP,
  PRIMARY KEY (`id`) USING BTREE,
  INDEX `user_id`(`user_id` ASC) USING BTREE,
  INDEX `idx_discussion_page`(`page_id` ASC) USING BTREE,
  CONSTRAINT `wiki_discussion_ibfk_1` FOREIGN KEY (`page_id`) REFERENCES `wiki_page` (`id`) ON DELETE CASCADE ON UPDATE RESTRICT,
  CONSTRAINT `wiki_discussion_ibfk_2` FOREIGN KEY (`user_id`) REFERENCES `user` (`id`) ON DELETE CASCADE ON UPDATE RESTRICT
) ENGINE = InnoDB AUTO_INCREMENT = 176 CHARACTER SET = utf8mb4 COLLATE = utf8mb4_unicode_ci COMMENT = '维基讨论表' ROW_FORMAT = DYNAMIC;

-- ----------------------------
-- Records of wiki_discussion
-- ----------------------------
INSERT INTO `wiki_discussion` VALUES (132, 1, 7, '茅台酒真是中国白酒的骄傲！酱香型的代表，每次品尝都能感受到那种独特的酱香味。', '2025-12-28 14:20:00');
INSERT INTO `wiki_discussion` VALUES (133, 1, 2, '词条内容很详细，对茅台的酿造工艺介绍得很清楚。九次蒸煮、八次发酵、七次取酒，这个工艺确实独一无二。', '2025-12-29 09:30:00');
INSERT INTO `wiki_discussion` VALUES (134, 1, 3, '建议补充一下茅台酒的年份酒系列和价格区间，这样会更实用。', '2025-12-30 16:45:00');
INSERT INTO `wiki_discussion` VALUES (135, 2, 4, '五粮液的\"五粮\"配方真的很有特色，五种粮食的搭配让酒体更加丰富饱满。', '2025-12-29 15:20:00');
INSERT INTO `wiki_discussion` VALUES (136, 2, 5, '相比茅台的酱香，五粮液的浓香型更容易被大众接受，入口甘美，回味悠长。', '2025-12-31 10:15:00');
INSERT INTO `wiki_discussion` VALUES (137, 3, 6, '李白\"解貂赎酒\"的典故很有意思！剑南春确实是有历史底蕴的名酒。', '2025-12-31 08:30:00');
INSERT INTO `wiki_discussion` VALUES (138, 3, 2, '水晶剑南春喝过几次，口感确实不错，比普通剑南春更细腻一些。', '2026-01-01 14:20:00');
INSERT INTO `wiki_discussion` VALUES (139, 4, 3, '清香型白酒的代表！相比浓香和酱香，汾酒的清香型更加清爽干净。', '2026-01-01 09:40:00');
INSERT INTO `wiki_discussion` VALUES (140, 4, 4, '\"借问酒家何处有，牧童遥指杏花村\"，从小就背的诗，原来说的就是汾酒！', '2026-01-01 20:15:00');
INSERT INTO `wiki_discussion` VALUES (141, 5, 5, '国窖1573是我最喜欢的浓香型白酒之一，450年的老窖池酿出来的酒就是不一样。', '2026-01-01 16:30:00');
INSERT INTO `wiki_discussion` VALUES (142, 5, 6, '窖香浓郁这个描述太准确了，每次闻香都能感受到那种独特的窖香。', '2026-01-02 11:20:00');
INSERT INTO `wiki_discussion` VALUES (143, 6, 7, 'IPA爱好者报到！那种浓郁的酒花香气和明显的苦味真的太棒了，喝过就回不去了。', '2026-01-01 18:45:00');
INSERT INTO `wiki_discussion` VALUES (144, 6, 2, '美式IPA和新英格兰IPA风格差异很大，词条里介绍得很清楚，赞一个！', '2026-01-02 10:30:00');
INSERT INTO `wiki_discussion` VALUES (145, 6, 3, '建议加上一些经典IPA品牌的推荐，比如Lagunitas、Stone等。', '2026-01-02 15:20:00');
INSERT INTO `wiki_discussion` VALUES (146, 7, 4, '拉格才是真正的大众啤酒，清爽好喝，夏天来一杯简直完美。', '2026-01-01 19:20:00');
INSERT INTO `wiki_discussion` VALUES (147, 7, 5, '皮尔森是我最爱的拉格类型，金黄色的酒体，酒花香气清新。', '2026-01-02 14:40:00');
INSERT INTO `wiki_discussion` VALUES (148, 8, 6, '健力士黑啤永远的神！那种咖啡巧克力风味，绵密的泡沫，无与伦比。', '2026-01-02 09:15:00');
INSERT INTO `wiki_discussion` VALUES (149, 8, 7, '帝国世涛的酒精度很高，但风味也更加浓郁复杂，值得细细品味。', '2026-01-02 18:30:00');
INSERT INTO `wiki_discussion` VALUES (150, 9, 8, '赤霞珠是入门红葡萄酒的最佳选择，果味浓郁，单宁强劲，结构感很好。', '2026-01-02 12:30:00');
INSERT INTO `wiki_discussion` VALUES (151, 9, 9, '波尔多左岸的赤霞珠真的很棒，配牛排简直绝配！', '2026-01-03 10:15:00');
INSERT INTO `wiki_discussion` VALUES (152, 10, 10, '黑皮诺是我最爱的葡萄品种，优雅细腻，被称为\"葡萄品种中的公主\"名副其实。', '2026-01-02 13:45:00');
INSERT INTO `wiki_discussion` VALUES (153, 10, 11, '勃艮第的黑皮诺价格不菲，但确实值得，那种复杂的风味层次令人着迷。', '2026-01-03 09:20:00');
INSERT INTO `wiki_discussion` VALUES (154, 11, 2, '霞多丽的风格多样性太强了，过桶和不过桶完全是两种酒。', '2026-01-02 14:20:00');
INSERT INTO `wiki_discussion` VALUES (155, 11, 3, '夏布利的霞多丽清爽矿物感强，而加州的霞多丽浓郁奶油味足，各有千秋。', '2026-01-03 11:30:00');
INSERT INTO `wiki_discussion` VALUES (156, 12, 4, '雷司令的高酸度让它有着极强的陈年潜力，老年份雷司令的汽油味很特别。', '2026-01-02 16:30:00');
INSERT INTO `wiki_discussion` VALUES (157, 12, 5, '德国雷司令的甜度分级系统很科学，让消费者能清楚地知道自己买的是什么风格。', '2026-01-03 13:40:00');
INSERT INTO `wiki_discussion` VALUES (158, 13, 6, '艾雷岛的重泥煤威士忌是我的最爱，那种烟熏海洋气息太独特了！', '2026-01-02 17:20:00');
INSERT INTO `wiki_discussion` VALUES (159, 13, 7, '斯佩塞的威士忌更加优雅，果香丰富，适合新手入门。', '2026-01-03 10:45:00');
INSERT INTO `wiki_discussion` VALUES (160, 13, 8, '建议补充一些经典品牌和酒款，比如Laphroaig、Macallan、Glenfiddich等。', '2026-01-03 16:20:00');
INSERT INTO `wiki_discussion` VALUES (161, 14, 9, '波本威士忌的甜美口感很适合调鸡尾酒，Old Fashioned就要用波本！', '2026-01-02 18:45:00');
INSERT INTO `wiki_discussion` VALUES (162, 14, 11, '相比苏格兰威士忌，波本更加直接，香草、焦糖风味明显，很好入口。', '2026-01-03 12:15:00');
INSERT INTO `wiki_discussion` VALUES (163, 15, 12, '日本威士忌近年来价格飙升太厉害了，响17都停产了，可惜。', '2026-01-02 19:30:00');
INSERT INTO `wiki_discussion` VALUES (164, 15, 2, '山崎18年获得过世界最佳威士忌，确实名不虚传，平衡优雅。', '2026-01-03 14:50:00');
INSERT INTO `wiki_discussion` VALUES (165, 16, 3, '伏特加的纯净度决定了品质，好的伏特加几乎没有杂味，非常干净。', '2026-01-03 11:20:00');
INSERT INTO `wiki_discussion` VALUES (166, 16, 4, '俄罗斯冰镇伏特加配黑面包和鱼子酱，这才是正宗喝法！', '2026-01-03 16:45:00');
INSERT INTO `wiki_discussion` VALUES (167, 17, 5, '朗姆酒是调制热带鸡尾酒的灵魂，莫吉托、Piña Colada都离不开它。', '2026-01-03 12:40:00');
INSERT INTO `wiki_discussion` VALUES (168, 17, 6, '陈年朗姆酒可以像干邑一样复杂，非常适合纯饮品鉴。', '2026-01-03 17:20:00');
INSERT INTO `wiki_discussion` VALUES (169, 18, 7, '100% Agave的龙舌兰和普通龙舌兰完全是两个档次，值得多花点钱。', '2026-01-03 13:15:00');
INSERT INTO `wiki_discussion` VALUES (170, 18, 8, 'Añejo和Extra Añejo的龙舌兰已经很适合纯饮了，不一定非要调酒。', '2026-01-03 18:00:00');
INSERT INTO `wiki_discussion` VALUES (171, 19, 9, '莫吉托是夏天最解暑的鸡尾酒，薄荷和青柠的清爽组合无敌！', '2026-01-03 15:30:00');
INSERT INTO `wiki_discussion` VALUES (172, 19, 10, '海明威在古巴的故事给莫吉托增添了不少浪漫色彩。', '2026-01-03 19:15:00');
INSERT INTO `wiki_discussion` VALUES (173, 19, 1, '自己在家调莫吉托很简单，关键是薄荷要新鲜，捣碎的时候别太用力。', '2026-01-03 20:30:00');
INSERT INTO `wiki_discussion` VALUES (174, 20, 1, '玛格丽特的盐边设计太经典了，盐味和酸甜完美平衡。', '2026-01-03 16:45:00');
INSERT INTO `wiki_discussion` VALUES (175, 20, 1, '冰沙玛格丽特在海滩酒吧最受欢迎，冰凉爽口。', '2026-01-03 19:50:00');

-- ----------------------------
-- Table structure for wiki_image_data
-- ----------------------------
DROP TABLE IF EXISTS `wiki_image_data`;
CREATE TABLE `wiki_image_data`  (
  `image_id` bigint(20) NOT NULL,
  `image_data` longblob NOT NULL,
  PRIMARY KEY (`image_id`) USING BTREE,
  CONSTRAINT `wiki_image_data_ibfk_1` FOREIGN KEY (`image_id`) REFERENCES `image` (`id`) ON DELETE CASCADE ON UPDATE RESTRICT
) ENGINE = InnoDB CHARACTER SET = utf8mb4 COLLATE = utf8mb4_unicode_ci COMMENT = '维基图片数据表' ROW_FORMAT = DYNAMIC;

-- ----------------------------
-- Records of wiki_image_data
-- ----------------------------

-- ----------------------------
-- Table structure for wiki_page
-- ----------------------------
DROP TABLE IF EXISTS `wiki_page`;
CREATE TABLE `wiki_page`  (
  `id` bigint(20) NOT NULL AUTO_INCREMENT,
  `slug` varchar(100) CHARACTER SET utf8mb4 COLLATE utf8mb4_unicode_ci NOT NULL,
  `title` varchar(200) CHARACTER SET utf8mb4 COLLATE utf8mb4_unicode_ci NOT NULL,
  `summary` varchar(500) CHARACTER SET utf8mb4 COLLATE utf8mb4_unicode_ci NULL DEFAULT NULL,
  `content` longtext CHARACTER SET utf8mb4 COLLATE utf8mb4_unicode_ci NOT NULL,
  `status` enum('DRAFT','UNDER_REVIEW','PUBLISHED') CHARACTER SET utf8mb4 COLLATE utf8mb4_unicode_ci NULL DEFAULT 'UNDER_REVIEW',
  `last_editor_id` bigint(20) NULL DEFAULT NULL,
  `last_editor_name` varchar(100) CHARACTER SET utf8mb4 COLLATE utf8mb4_unicode_ci NULL DEFAULT NULL,
  `created_at` timestamp NULL DEFAULT CURRENT_TIMESTAMP,
  `updated_at` timestamp NULL DEFAULT CURRENT_TIMESTAMP ON UPDATE CURRENT_TIMESTAMP,
  PRIMARY KEY (`id`) USING BTREE,
  UNIQUE INDEX `slug`(`slug` ASC) USING BTREE,
  INDEX `idx_wiki_title`(`title` ASC) USING BTREE,
  INDEX `last_editor_id`(`last_editor_id` ASC) USING BTREE,
  CONSTRAINT `wiki_page_ibfk_1` FOREIGN KEY (`last_editor_id`) REFERENCES `user` (`id`) ON DELETE SET NULL ON UPDATE RESTRICT
) ENGINE = InnoDB AUTO_INCREMENT = 91 CHARACTER SET = utf8mb4 COLLATE = utf8mb4_unicode_ci COMMENT = '维基页面表' ROW_FORMAT = DYNAMIC;

-- ----------------------------
-- Records of wiki_page
-- ----------------------------
INSERT INTO `wiki_page` VALUES (1, 'maotai', '茅台酒', '中国贵州省的传统名酒，酱香型白酒的代表，被誉为\"国酒\"。', '# 茅台酒\n\n## 概述\n茅台酒是中国贵州省遵义市仁怀市茅台镇特产，中国国家地理标志产品。茅台酒是大曲酱香型白酒的鼻祖，已有800多年的历史。\n\n## 历史渊源\n茅台酒因产于遵义赤水河畔的茅台镇而得名。据史料记载，早在公元前135年，茅台镇一带就酿造出令汉武帝\"甘美之\"的酒。\n\n## 酿造工艺\n- 采用高温制曲、高温堆积、高温发酵、高温流酒的独特工艺\n- 生产周期长达一年\n- 需要经过九次蒸煮、八次发酵、七次取酒\n- 基酒还要经过至少三年的贮存\n\n## 风味特点\n酱香突出、幽雅细腻、酒体醇厚、回味悠长、空杯留香持久。', 'PUBLISHED', 1, 'demo', '2025-12-28 10:30:00', '2026-01-03 10:48:41');
INSERT INTO `wiki_page` VALUES (2, 'wuliangye', '五粮液', '中国四川省宜宾市特产，浓香型白酒的典型代表，以五种粮食酿造而得名。', '# 五粮液\n\n## 概述\n五粮液是中国浓香型白酒的典型代表，产于四川省宜宾市，以高粱、大米、糯米、小麦和玉米五种粮食为原料酿制而成。\n\n## 历史传承\n五粮液酒的前身可以追溯到宋代的\"姚子雪曲\"，明代形成\"陈氏秘方\"，清代发展为\"杂粮酒\"，1909年正式定名为\"五粮液\"。\n\n## 酿造特色\n- 采用传统的老窖发酵工艺\n- 使用600多年的古窖池群\n- 独特的\"包包曲\"发酵剂\n- 精选五种粮食配比\n\n## 品质特征\n香气悠久、味醇厚、入口甘美、入喉净爽、各味谐调、恰到好处，尤以酒味全面而著称。', 'PUBLISHED', 1, 'demo', '2025-12-29 09:15:00', '2026-01-03 10:48:43');
INSERT INTO `wiki_page` VALUES (3, 'jiannanchun', '剑南春', '四川绵竹的传统名酒，唐代宫廷御酒，浓香型白酒的优秀代表。', '# 剑南春\n\n## 简介\n剑南春产于四川省绵竹市，是唐代著名宫廷御酒\"剑南烧春\"的现代传承，属于浓香型白酒。\n\n## 历史典故\n\"剑南春\"之名源于唐代，当时绵竹地区属剑南道，所产美酒称为\"剑南烧春\"，是唐代宫廷御酒。李白曾为之\"解貂赎酒\"，传为佳话。\n\n## 工艺传统\n- 传承千年酿酒技艺\n- 使用天益老号古窖池群\n- 独特的\"天益老号\"酿造秘方\n- 优质软水和独特气候条件\n\n## 口感特点\n芳香浓郁、纯正典雅、醇厚绵柔、甘冽净爽、余味悠长。', 'PUBLISHED', 1, 'demo', '2025-12-30 14:20:00', '2026-01-03 10:48:45');
INSERT INTO `wiki_page` VALUES (4, 'fenjiu', '汾酒', '山西杏花村清香型白酒，中国白酒的鼻祖，有4000多年的酿造历史。', '# 汾酒\n\n## 概述\n汾酒产于山西省汾阳市杏花村，是中国传统名酒，清香型白酒的典型代表，素有\"中国白酒鼻祖\"之称。\n\n## 悠久历史\n汾酒的酿造历史可追溯到约4000年前，南北朝时期已享盛名。唐代诗人杜牧的\"借问酒家何处有，牧童遥指杏花村\"使汾酒名扬天下。\n\n## 酿造工艺\n- 采用传统的\"地缸发酵\"工艺\n- 使用大麦、豌豆制成的\"青茬曲\"\n- 清蒸二次清工艺\n- 优质高粱为原料\n\n## 品质特色\n清香纯正、绵甜柔和、自然协调、余味爽净，是清香型白酒的标杆。', 'UNDER_REVIEW', 1, 'demo', '2025-12-31 11:00:00', '2026-01-03 10:48:47');
INSERT INTO `wiki_page` VALUES (5, 'luzhou-laojiao', '泸州老窖', '四川泸州浓香型白酒，拥有连续使用450余年的古窖池群，国窖1573享誉海内外。', '# 泸州老窖\n\n## 简介\n泸州老窖产于四川省泸州市，是中国浓香型白酒的发源地，拥有始建于明代万历年间（1573年）的老窖池群。\n\n## 窖池传奇\n泸州老窖拥有1573国宝窖池群，连续使用至今已有450余年，是中国建造最早、保存最完好、连续使用时间最长的老窖池群。\n\n## 酿造技艺\n- 使用百年以上老窖发酵\n- 传统固态发酵工艺\n- 精选糯高粱为原料\n- \"千年老窖万年糟\"的独特工艺\n\n## 风味特征\n窖香浓郁、绵甜甘冽、香味协调、尾净余长，具有典型的浓香风格。', 'PUBLISHED', 1, 'demo', '2026-01-01 10:45:00', '2026-01-03 10:48:48');
INSERT INTO `wiki_page` VALUES (6, 'ipa-beer', 'IPA啤酒', 'India Pale Ale（印度淡色艾尔），一种酒花香气浓郁、苦味明显的精酿啤酒风格。', '# IPA啤酒\n\n## 定义\nIPA全称India Pale Ale（印度淡色艾尔），是一种以大量酒花酿造、酒花香气浓郁、苦味较重的啤酒风格。\n\n## 历史起源\n18世纪末，英国为了向印度殖民地出口啤酒，在啤酒中加入大量酒花以延长保质期，从而诞生了IPA。经过长途海运，酒花的香气和苦味更加突出。\n\n## 风格分类\n- **英式IPA**：麦芽味突出，酒花苦味适中\n- **美式IPA**：酒花香气浓郁，柑橘和松木香气明显\n- **新英格兰IPA（NEIPA）**：浑浊果汁般，苦味较低\n- **双倍IPA（DIPA）**：酒精度和酒花用量加倍\n\n## 品鉴特点\n酒花香气浓郁（柑橘、松木、热带水果），苦味明显，酒体中等，酒精度通常5-7%。', 'PUBLISHED', 1, 'demo', '2026-01-01 15:30:00', '2026-01-03 10:48:49');
INSERT INTO `wiki_page` VALUES (7, 'lager-beer', '拉格啤酒', '采用下层发酵工艺的啤酒，口感清爽干净，是世界上最流行的啤酒类型。', '# 拉格啤酒\n\n## 概述\n拉格（Lager）啤酒采用下层发酵工艺，在较低温度下（7-13℃）发酵和贮藏，是全球消费量最大的啤酒类型。\n\n## 酿造工艺\n- 使用下层发酵酵母（Saccharomyces pastorianus）\n- 低温发酵（7-13℃）\n- 长时间低温贮藏（Lager在德语中意为\"贮藏\"）\n- 发酵后需要数周至数月的熟成期\n\n## 常见类型\n- **皮尔森（Pilsner）**：金黄色，酒花香气明显\n- **慕尼黑拉格**：麦芽香气突出\n- **维也纳拉格**：琥珀色，麦芽甜味\n- **博克（Bock）**：深色，酒精度较高\n\n## 风味特征\n口感清爽干净、气泡细腻、苦味适中、麦芽香气清新，适合大多数人饮用。', 'PUBLISHED', 1, 'demo', '2026-01-01 16:00:00', '2026-01-03 10:48:51');
INSERT INTO `wiki_page` VALUES (8, 'stout-beer', '世涛啤酒', '深色浓郁的艾尔啤酒，带有烘焙麦芽、咖啡和巧克力风味，以健力士黑啤最为著名。', '# 世涛啤酒\n\n## 简介\n世涛（Stout）是一种深色、浓郁的艾尔啤酒，使用烘焙过的麦芽或大麦，呈现深褐色至黑色，带有咖啡、巧克力等风味。\n\n## 历史发展\n世涛起源于18世纪的伦敦，最初是波特啤酒（Porter）的加强版本，称为\"Stout Porter\"（浓烈波特），后来简化为Stout。\n\n## 主要类型\n- **干性世涛（Dry Stout）**：如健力士，苦味突出，酒体轻盈\n- **甜性世涛（Sweet Stout）**：添加乳糖，口感甜润\n- **燕麦世涛（Oatmeal Stout）**：加入燕麦，口感丝滑\n- **帝国世涛（Imperial Stout）**：高酒精度，风味浓郁\n\n## 品鉴要点\n深色泡沫细腻，咖啡、巧克力、焦糖香气，口感醇厚，苦味与甜味平衡。', 'UNDER_REVIEW', 1, 'demo', '2026-01-01 17:00:00', '2026-01-03 10:48:54');
INSERT INTO `wiki_page` VALUES (9, 'cabernet-sauvignon', '赤霞珠', '世界上种植最广泛的红葡萄品种，酿造的葡萄酒单宁强劲、陈年潜力巨大。', '# 赤霞珠\n\n## 概述\n赤霞珠（Cabernet Sauvignon）是世界上种植面积最广、最受欢迎的红葡萄品种，起源于法国波尔多地区。\n\n## 品种特性\n- 果粒小、皮厚、籽多\n- 晚熟品种，生长期长\n- 抗病性强，适应性广\n- 单宁和酸度都很高\n\n## 经典产区\n- **法国波尔多**：与梅洛、品丽珠混酿\n- **美国加州纳帕谷**：以纯赤霞珠闻名\n- **智利**：性价比高的新世界产区\n- **澳大利亚库纳瓦拉**：果味浓郁\n\n## 风味特征\n黑醋栗、黑樱桃、青椒、雪松、烟草、皮革等香气，单宁强劲，结构紧实，陈年后发展出更复杂的风味。\n\n## 配餐建议\n适合搭配红肉、烤肉、硬质奶酪等重口味食物。', 'PUBLISHED', 1, 'demo', '2026-01-02 09:00:00', '2026-01-03 10:48:55');
INSERT INTO `wiki_page` VALUES (10, 'pinot-noir', '黑皮诺', '优雅细腻的红葡萄品种，被称为\"葡萄品种中的公主\"，以勃艮第产区最为著名。', '# 黑皮诺\n\n## 概述\n黑皮诺（Pinot Noir）是一种古老而高贵的红葡萄品种，以优雅细腻的风格著称，被誉为\"葡萄品种中的公主\"。\n\n## 品种特点\n- 果皮薄，容易受病虫害侵袭\n- 对气候和土壤要求极高\n- 早熟品种\n- 易发生变异，有多个克隆品系\n\n## 著名产区\n- **法国勃艮第**：黑皮诺的精神故乡，顶级产区\n- **新西兰中奥塔哥**：新世界黑皮诺的典范\n- **美国俄勒冈州**：凉爽气候产优质黑皮诺\n- **德国**：称为Spätburgunder\n\n## 风味描述\n红樱桃、草莓、覆盆子、玫瑰、紫罗兰、森林地表、蘑菇等香气，单宁柔和，酸度明亮，酒体轻盈至中等。\n\n## 餐酒搭配\n适合搭配鸭肉、三文鱼、蘑菇、软质奶酪等。', 'PUBLISHED', 1, 'demo', '2026-01-02 10:30:00', '2026-01-03 10:48:56');
INSERT INTO `wiki_page` VALUES (11, 'chardonnay', '霞多丽', '世界上最受欢迎的白葡萄品种，风格多样，从清爽到浓郁都能表现出色。', '# 霞多丽\n\n## 简介\n霞多丽（Chardonnay）是世界上种植最广泛的白葡萄品种，起源于法国勃艮第，以其多变的风格和卓越的品质闻名。\n\n## 品种特性\n- 适应性强，几乎可在任何产区种植\n- 早熟品种\n- 产量稳定\n- 本身香气较中性，易受酿酒工艺影响\n\n## 主要产区\n- **法国勃艮第**：如夏布利、默尔索、蒙哈榭\n- **法国香槟区**：香槟的主要混酿品种\n- **美国加州**：浓郁奶油风格\n- **澳大利亚**：果味浓郁的新世界风格\n\n## 风格多样性\n- **未过桶**：柑橘、青苹果、矿物质风味，清爽活泼\n- **过桶**：黄油、香草、烤面包、榛果风味，浓郁圆润\n\n## 配餐建议\n清爽型适合海鲜、沙拉；浓郁型适合烤鸡、奶油酱汁菜肴。', 'PUBLISHED', 1, 'demo', '2026-01-02 11:00:00', '2026-01-03 10:48:57');
INSERT INTO `wiki_page` VALUES (12, 'riesling', '雷司令', '德国的骄傲，芳香型白葡萄品种，从干型到甜型都能酿造出高品质葡萄酒。', '# 雷司令\n\n## 概述\n雷司令（Riesling）是起源于德国的芳香型白葡萄品种，以其卓越的品质和多样的风格被誉为\"最高贵的白葡萄品种\"之一。\n\n## 品种特征\n- 晚熟品种，生长期长\n- 高酸度，陈年潜力极佳\n- 香气浓郁，品种特征明显\n- 能忠实反映风土特色\n\n## 经典产区\n- **德国摩泽尔**：优雅精致，矿物感强\n- **德国莱茵高**：结构紧实，陈年潜力大\n- **法国阿尔萨斯**：多为干型，酒体饱满\n- **澳大利亚克莱尔谷**：纯净的柑橘风味\n\n## 甜度分级（德国）\n从干到甜：Kabinett < Spätlese < Auslese < Beerenauslese < Trockenbeerenauslese\n\n## 风味特点\n柠檬、青苹果、白桃、杏、蜂蜜、汽油（陈年后），高酸度，风格从清爽到甜美。', 'UNDER_REVIEW', 1, 'demo', '2026-01-02 14:00:00', '2026-01-03 10:48:58');
INSERT INTO `wiki_page` VALUES (13, 'scotch-whisky', '苏格兰威士忌', '世界威士忌的标杆，必须在苏格兰生产并陈年至少三年，以泥煤和麦芽风味著称。', '# 苏格兰威士忌\n\n## 定义\n苏格兰威士忌（Scotch Whisky）必须在苏格兰蒸馏和陈年至少三年，使用橡木桶陈酿，酒精度至少40%。\n\n## 五大产区\n- **高地（Highlands）**：风格多样，从轻盈到浓郁\n- **低地（Lowlands）**：温和清淡，花香明显\n- **艾雷岛（Islay）**：重泥煤，海洋气息\n- **斯佩塞（Speyside）**：优雅精致，果香丰富\n- **坎贝尔镇（Campbeltown）**：盐味，复杂\n\n## 主要类型\n- **单一麦芽（Single Malt）**：单一蒸馏厂的麦芽威士忌\n- **调和威士忌（Blended）**：混合多种麦芽和谷物威士忌\n- **单一谷物（Single Grain）**：使用其他谷物\n\n## 风味特征\n泥煤烟熏、麦芽、蜂蜜、香草、果脯、海盐等，口感复杂多层次。', 'PUBLISHED', 1, 'demo', '2026-01-02 15:00:00', '2026-01-03 10:48:59');
INSERT INTO `wiki_page` VALUES (14, 'bourbon-whiskey', '波本威士忌', '美国的国酒，必须使用至少51%玉米酿造，新橡木桶陈酿，口感甜美香草气息浓郁。', '# 波本威士忌\n\n## 概述\n波本威士忌（Bourbon Whiskey）是美国威士忌的代表，主要产于肯塔基州，以其甜美的口感和香草风味著称。\n\n## 法定要求\n- 原料中至少51%为玉米\n- 必须使用全新烧烤过的美国橡木桶\n- 入桶时酒精度不超过62.5%\n- 装瓶酒精度至少40%\n- 必须在美国生产\n\n## 主要产区\n- **肯塔基州**：95%的波本产于此\n- **田纳西州**：田纳西威士忌是波本的变体\n\n## 著名品牌\n- Jim Beam（占边）\n- Maker\'s Mark（美格）\n- Wild Turkey（野火鸡）\n- Woodford Reserve（伍德福德）\n\n## 风味特点\n焦糖、香草、玉米甜味、橡木、肉桂、坚果，口感圆润甜美，回味温暖。\n\n## 经典饮用方式\n纯饮、加冰、制作Old Fashioned等经典鸡尾酒。', 'PUBLISHED', 1, 'demo', '2026-01-02 16:00:00', '2026-01-03 10:49:00');
INSERT INTO `wiki_page` VALUES (15, 'japanese-whisky', '日本威士忌', '借鉴苏格兰工艺发展而来，以精致优雅的风格在国际上屡获大奖，近年来备受追捧。', '# 日本威士忌\n\n## 简介\n日本威士忌起源于20世纪初，师从苏格兰传统，融合日本匠人精神，发展出独特的精致优雅风格。\n\n## 发展历史\n- 1923年，竹鹤政孝和鸟井信治郎创建山崎蒸馏厂\n- 1934年，竹鹤创立余市蒸馏厂\n- 21世纪初开始在国际大赛中频频获奖\n- 近年来价格飙升，一瓶难求\n\n## 主要品牌\n- **三得利（Suntory）**：山崎、白州、响\n- **日果（Nikka）**：余市、宫城峡、竹鹤\n- **Mars**：信州蒸馏厂\n- **Chichibu**：秩父蒸馏厂\n\n## 风格特点\n- 注重平衡与和谐\n- 口感细腻精致\n- 泥煤使用较轻\n- 水源纯净\n- 混酿技术高超\n\n## 著名酒款\n响17年、山崎18年、竹鹤17年等在国际大赛中屡获殊荣。', 'PUBLISHED', 1, 'demo', '2026-01-02 17:00:00', '2026-01-03 10:49:02');
INSERT INTO `wiki_page` VALUES (16, 'vodka', '伏特加', '起源于东欧的烈酒，追求纯净无味，是世界上销量最大的烈酒之一，也是鸡尾酒的基酒。', '# 伏特加\n\n## 概述\n伏特加（Vodka）是起源于俄罗斯和波兰的烈性蒸馏酒，以纯净、无色、无明显风味为特征，是世界销量最大的烈酒。\n\n## 酿造原料\n- 传统：小麦、黑麦、马铃薯\n- 现代：几乎任何含淀粉或糖分的原料\n- 优质伏特加多使用谷物\n\n## 生产工艺\n- 发酵后多次蒸馏（通常3-5次）\n- 使用活性炭或其他物质过滤\n- 追求纯净，去除杂味\n- 加水稀释至适当酒精度（通常40%）\n\n## 著名品牌\n- **俄罗斯**：Stolichnaya（苏联红牌）、Russian Standard\n- **波兰**：Belvedere（雪树）、Chopin（肖邦）\n- **瑞典**：Absolut（绝对伏特加）\n- **法国**：Grey Goose（灰雁）\n\n## 饮用方式\n纯饮（冰镇）、调制鸡尾酒（莫斯科骡子、血腥玛丽、马提尼等）。', 'UNDER_REVIEW', 1, 'demo', '2026-01-03 09:00:00', '2026-01-03 10:49:03');
INSERT INTO `wiki_page` VALUES (17, 'rum', '朗姆酒', '以甘蔗为原料的烈酒，加勒比海的特产，从清淡到浓郁风格多样，是热带鸡尾酒的灵魂。', '# 朗姆酒\n\n## 简介\n朗姆酒（Rum）是以甘蔗汁或糖蜜为原料蒸馏而成的烈酒，起源于加勒比海地区，与航海、海盗文化紧密相连。\n\n## 历史渊源\n17世纪，加勒比地区的甘蔗种植园开始生产朗姆酒，很快成为海盗和水手的最爱，英国皇家海军曾将朗姆酒作为配给。\n\n## 主要类型\n- **白朗姆（White Rum）**：清淡，适合调酒\n- **金朗姆（Gold Rum）**：木桶陈酿，金黄色\n- **黑朗姆（Dark Rum）**：长时间陈酿，颜色深，风味浓\n- **香料朗姆（Spiced Rum）**：添加香料\n- **陈年朗姆（Aged Rum）**：长期陈酿，如干邑般复杂\n\n## 主要产区\n- 古巴、牙买加、波多黎各、巴巴多斯、马提尼克\n\n## 经典鸡尾酒\nMojito（莫吉托）、Daiquiri（黛克瑞）、Piña Colada（椰林飘香）、Mai Tai（迈泰）。', 'PUBLISHED', 1, 'demo', '2026-01-03 10:00:00', '2026-01-03 10:49:04');
INSERT INTO `wiki_page` VALUES (18, 'tequila', '龙舌兰', '墨西哥的国酒，以蓝色龙舌兰植物为原料，独特的烟熏草本风味，玛格丽特的基酒。', '# 龙舌兰\n\n## 概述\n龙舌兰酒（Tequila）是墨西哥的国酒，以蓝色龙舌兰（Blue Agave）植物的鳞茎为原料蒸馏而成，必须产于墨西哥特定地区。\n\n## 产区规定\n- 必须产于墨西哥哈利斯科州及周边特定地区\n- 至少51%的原料必须是蓝色龙舌兰\n- 100% Agave标注表示完全使用龙舌兰\n\n## 生产过程\n1. 收获8-12年的成熟龙舌兰\n2. 去除叶片，保留鳞茎（Piña）\n3. 蒸煮鳞茎，转化淀粉为糖\n4. 榨汁、发酵、蒸馏\n5. 陈酿或直接装瓶\n\n## 类型分级\n- **Blanco（银/白）**：未陈酿或陈酿不超过2个月\n- **Reposado（陈酿）**：陈酿2-12个月\n- **Añejo（特陈）**：陈酿1-3年\n- **Extra Añejo**：陈酿超过3年\n\n## 饮用文化\n传统：盐+龙舌兰+柠檬；现代：品鉴级龙舌兰适合纯饮；调酒：玛格丽特等。', 'PUBLISHED', 1, 'demo', '2026-01-03 11:00:00', '2026-01-03 10:49:05');
INSERT INTO `wiki_page` VALUES (19, 'mojito', '莫吉托', '源自古巴的经典鸡尾酒，清爽的薄荷柠檬香气，白朗姆酒为基底，夏日最受欢迎。', '# 莫吉托\n\n## 简介\nMojito（莫吉托）是一款源自古巴的经典鸡尾酒，以清爽的薄荷和柠檬风味闻名，是夏日最受欢迎的鸡尾酒之一。\n\n## 历史传说\n莫吉托起源于16世纪的古巴哈瓦那，据说海盗弗朗西斯·德雷克的船员们最早调制了这款饮料的雏形，用以掩盖劣质朗姆酒的味道。\n\n## 标准配方\n- 白朗姆酒 45ml\n- 青柠汁 20ml\n- 糖浆 15ml\n- 新鲜薄荷叶 6-8片\n- 苏打水 适量\n- 碎冰\n\n## 调制步骤\n1. 在杯中放入薄荷叶和糖浆，轻轻捣碎（Muddle）\n2. 加入青柠汁和朗姆酒\n3. 加满碎冰，搅拌\n4. 倒入苏打水至满\n5. 薄荷叶和青柠片装饰\n\n## 变体\n草莓莫吉托、百香果莫吉托、无酒精莫吉托（Virgin Mojito）等。\n\n## 名人轶事\n美国作家海明威是莫吉托的忠实粉丝，古巴哈瓦那的La Bodeguita del Medio酒吧因他而闻名。', 'PUBLISHED', 1, 'demo', '2026-01-03 14:00:00', '2026-01-03 10:49:06');
INSERT INTO `wiki_page` VALUES (20, 'margarita', '玛格丽特', '以龙舌兰为基酒的经典鸡尾酒，酸甜平衡，盐边装饰，IBA官方鸡尾酒之一。', '# 玛格丽特\n\n## 概述\nMargarita（玛格丽特）是以龙舌兰为基酒的经典鸡尾酒，以其完美的酸甜平衡和标志性的盐边装饰而闻名，是世界上最受欢迎的鸡尾酒之一。\n\n## 起源传说\n关于玛格丽特的起源有多个版本：\n- **最流行版本**：1938年，墨西哥调酒师为纪念去世的恋人Margarita而创作\n- **另一版本**：1948年，德州社交名媛Margarita Sames在派对上发明\n\n## 经典配方（IBA标准）\n- 龙舌兰酒 50ml（建议使用100% Agave）\n- 橙味力娇酒（Cointreau/Triple Sec）20ml\n- 新鲜青柠汁 15ml\n- 盐边装饰\n\n## 调制方法\n1. 用青柠片湿润杯口，沾上盐形成盐边\n2. 将所有液体材料加冰摇匀（Shake）\n3. 滤冰倒入杯中\n4. 青柠片装饰\n\n## 常见变体\n- **冰沙玛格丽特（Frozen Margarita）**：碎冰机打碎\n- **草莓玛格丽特**：加入新鲜草莓\n- **Tommy\'s Margarita**：用龙舌兰糖浆代替橙酒\n\n## 饮用场合\n派对、墨西哥餐厅、海滩酒吧、夏日聚会。', 'UNDER_REVIEW', 1, 'demo', '2026-01-03 15:30:00', '2026-01-03 10:51:54');

-- ----------------------------
-- Table structure for wiki_revision
-- ----------------------------
DROP TABLE IF EXISTS `wiki_revision`;
CREATE TABLE `wiki_revision`  (
  `id` bigint(20) NOT NULL AUTO_INCREMENT,
  `page_id` bigint(20) NOT NULL,
  `editor_id` bigint(20) NULL DEFAULT NULL,
  `editor_name` varchar(100) CHARACTER SET utf8mb4 COLLATE utf8mb4_unicode_ci NULL DEFAULT NULL,
  `summary` varchar(500) CHARACTER SET utf8mb4 COLLATE utf8mb4_unicode_ci NULL DEFAULT NULL,
  `content` longtext CHARACTER SET utf8mb4 COLLATE utf8mb4_unicode_ci NOT NULL,
  `created_at` timestamp NULL DEFAULT CURRENT_TIMESTAMP,
  PRIMARY KEY (`id`) USING BTREE,
  INDEX `editor_id`(`editor_id` ASC) USING BTREE,
  INDEX `idx_revision_page`(`page_id` ASC) USING BTREE,
  CONSTRAINT `wiki_revision_ibfk_1` FOREIGN KEY (`page_id`) REFERENCES `wiki_page` (`id`) ON DELETE CASCADE ON UPDATE RESTRICT,
  CONSTRAINT `wiki_revision_ibfk_2` FOREIGN KEY (`editor_id`) REFERENCES `user` (`id`) ON DELETE SET NULL ON UPDATE RESTRICT
) ENGINE = InnoDB AUTO_INCREMENT = 64 CHARACTER SET = utf8mb4 COLLATE = utf8mb4_unicode_ci COMMENT = '维基修订历史表' ROW_FORMAT = DYNAMIC;

-- ----------------------------
-- Records of wiki_revision
-- ----------------------------
INSERT INTO `wiki_revision` VALUES (44, 1, 1, 'demo', '创建词条', '# 茅台酒\n\n## 概述\n茅台酒是中国贵州省遵义市仁怀市茅台镇特产，中国国家地理标志产品。茅台酒是大曲酱香型白酒的鼻祖，已有800多年的历史。\n\n## 历史渊源\n茅台酒因产于遵义赤水河畔的茅台镇而得名。据史料记载，早在公元前135年，茅台镇一带就酿造出令汉武帝\"甘美之\"的酒。\n\n## 酿造工艺\n- 采用高温制曲、高温堆积、高温发酵、高温流酒的独特工艺\n- 生产周期长达一年\n- 需要经过九次蒸煮、八次发酵、七次取酒\n- 基酒还要经过至少三年的贮存\n\n## 风味特点\n酱香突出、幽雅细腻、酒体醇厚、回味悠长、空杯留香持久。', '2025-12-28 10:30:00');
INSERT INTO `wiki_revision` VALUES (45, 2, 1, 'demo', '创建词条', '# 五粮液\n\n## 概述\n五粮液是中国浓香型白酒的典型代表，产于四川省宜宾市，以高粱、大米、糯米、小麦和玉米五种粮食为原料酿制而成。\n\n## 历史传承\n五粮液酒的前身可以追溯到宋代的\"姚子雪曲\"，明代形成\"陈氏秘方\"，清代发展为\"杂粮酒\"，1909年正式定名为\"五粮液\"。\n\n## 酿造特色\n- 采用传统的老窖发酵工艺\n- 使用600多年的古窖池群\n- 独特的\"包包曲\"发酵剂\n- 精选五种粮食配比\n\n## 品质特征\n香气悠久、味醇厚、入口甘美、入喉净爽、各味谐调、恰到好处，尤以酒味全面而著称。', '2025-12-29 09:15:00');
INSERT INTO `wiki_revision` VALUES (46, 3, 1, 'demo', '创建词条', '# 剑南春\n\n## 简介\n剑南春产于四川省绵竹市，是唐代著名宫廷御酒\"剑南烧春\"的现代传承，属于浓香型白酒。\n\n## 历史典故\n\"剑南春\"之名源于唐代，当时绵竹地区属剑南道，所产美酒称为\"剑南烧春\"，是唐代宫廷御酒。李白曾为之\"解貂赎酒\"，传为佳话。\n\n## 工艺传统\n- 传承千年酿酒技艺\n- 使用天益老号古窖池群\n- 独特的\"天益老号\"酿造秘方\n- 优质软水和独特气候条件\n\n## 口感特点\n芳香浓郁、纯正典雅、醇厚绵柔、甘冽净爽、余味悠长。', '2025-12-30 14:20:00');
INSERT INTO `wiki_revision` VALUES (47, 4, 1, 'demo', '创建词条', '# 汾酒\n\n## 概述\n汾酒产于山西省汾阳市杏花村，是中国传统名酒，清香型白酒的典型代表，素有\"中国白酒鼻祖\"之称。\n\n## 悠久历史\n汾酒的酿造历史可追溯到约4000年前，南北朝时期已享盛名。唐代诗人杜牧的\"借问酒家何处有，牧童遥指杏花村\"使汾酒名扬天下。\n\n## 酿造工艺\n- 采用传统的\"地缸发酵\"工艺\n- 使用大麦、豌豆制成的\"青茬曲\"\n- 清蒸二次清工艺\n- 优质高粱为原料\n\n## 品质特色\n清香纯正、绵甜柔和、自然协调、余味爽净，是清香型白酒的标杆。', '2025-12-31 11:00:00');
INSERT INTO `wiki_revision` VALUES (48, 5, 1, 'demo', '创建词条', '# 泸州老窖\n\n## 简介\n泸州老窖产于四川省泸州市，是中国浓香型白酒的发源地，拥有始建于明代万历年间（1573年）的老窖池群。\n\n## 窖池传奇\n泸州老窖拥有1573国宝窖池群，连续使用至今已有450余年，是中国建造最早、保存最完好、连续使用时间最长的老窖池群。\n\n## 酿造技艺\n- 使用百年以上老窖发酵\n- 传统固态发酵工艺\n- 精选糯高粱为原料\n- \"千年老窖万年糟\"的独特工艺\n\n## 风味特征\n窖香浓郁、绵甜甘冽、香味协调、尾净余长，具有典型的浓香风格。', '2026-01-01 10:45:00');
INSERT INTO `wiki_revision` VALUES (49, 6, 1, 'demo', '创建词条', '# IPA啤酒\n\n## 定义\nIPA全称India Pale Ale（印度淡色艾尔），是一种以大量酒花酿造、酒花香气浓郁、苦味较重的啤酒风格。\n\n## 历史起源\n18世纪末，英国为了向印度殖民地出口啤酒，在啤酒中加入大量酒花以延长保质期，从而诞生了IPA。经过长途海运，酒花的香气和苦味更加突出。\n\n## 风格分类\n- **英式IPA**：麦芽味突出，酒花苦味适中\n- **美式IPA**：酒花香气浓郁，柑橘和松木香气明显\n- **新英格兰IPA（NEIPA）**：浑浊果汁般，苦味较低\n- **双倍IPA（DIPA）**：酒精度和酒花用量加倍\n\n## 品鉴特点\n酒花香气浓郁（柑橘、松木、热带水果），苦味明显，酒体中等，酒精度通常5-7%。', '2026-01-01 15:30:00');
INSERT INTO `wiki_revision` VALUES (50, 7, 1, 'demo', '创建词条', '# 拉格啤酒\n\n## 概述\n拉格（Lager）啤酒采用下层发酵工艺，在较低温度下（7-13℃）发酵和贮藏，是全球消费量最大的啤酒类型。\n\n## 酿造工艺\n- 使用下层发酵酵母（Saccharomyces pastorianus）\n- 低温发酵（7-13℃）\n- 长时间低温贮藏（Lager在德语中意为\"贮藏\"）\n- 发酵后需要数周至数月的熟成期\n\n## 常见类型\n- **皮尔森（Pilsner）**：金黄色，酒花香气明显\n- **慕尼黑拉格**：麦芽香气突出\n- **维也纳拉格**：琥珀色，麦芽甜味\n- **博克（Bock）**：深色，酒精度较高\n\n## 风味特征\n口感清爽干净、气泡细腻、苦味适中、麦芽香气清新，适合大多数人饮用。', '2026-01-01 16:00:00');
INSERT INTO `wiki_revision` VALUES (51, 8, 1, 'demo', '创建词条', '# 世涛啤酒\n\n## 简介\n世涛（Stout）是一种深色、浓郁的艾尔啤酒，使用烘焙过的麦芽或大麦，呈现深褐色至黑色，带有咖啡、巧克力等风味。\n\n## 历史发展\n世涛起源于18世纪的伦敦，最初是波特啤酒（Porter）的加强版本，称为\"Stout Porter\"（浓烈波特），后来简化为Stout。\n\n## 主要类型\n- **干性世涛（Dry Stout）**：如健力士，苦味突出，酒体轻盈\n- **甜性世涛（Sweet Stout）**：添加乳糖，口感甜润\n- **燕麦世涛（Oatmeal Stout）**：加入燕麦，口感丝滑\n- **帝国世涛（Imperial Stout）**：高酒精度，风味浓郁\n\n## 品鉴要点\n深色泡沫细腻，咖啡、巧克力、焦糖香气，口感醇厚，苦味与甜味平衡。', '2026-01-01 17:00:00');
INSERT INTO `wiki_revision` VALUES (52, 9, 1, 'demo', '创建词条', '# 赤霞珠\n\n## 概述\n赤霞珠（Cabernet Sauvignon）是世界上种植面积最广、最受欢迎的红葡萄品种，起源于法国波尔多地区。\n\n## 品种特性\n- 果粒小、皮厚、籽多\n- 晚熟品种，生长期长\n- 抗病性强，适应性广\n- 单宁和酸度都很高\n\n## 经典产区\n- **法国波尔多**：与梅洛、品丽珠混酿\n- **美国加州纳帕谷**：以纯赤霞珠闻名\n- **智利**：性价比高的新世界产区\n- **澳大利亚库纳瓦拉**：果味浓郁\n\n## 风味特征\n黑醋栗、黑樱桃、青椒、雪松、烟草、皮革等香气，单宁强劲，结构紧实，陈年后发展出更复杂的风味。\n\n## 配餐建议\n适合搭配红肉、烤肉、硬质奶酪等重口味食物。', '2026-01-02 09:00:00');
INSERT INTO `wiki_revision` VALUES (53, 10, 1, 'demo', '创建词条', '# 黑皮诺\n\n## 概述\n黑皮诺（Pinot Noir）是一种古老而高贵的红葡萄品种，以优雅细腻的风格著称，被誉为\"葡萄品种中的公主\"。\n\n## 品种特点\n- 果皮薄，容易受病虫害侵袭\n- 对气候和土壤要求极高\n- 早熟品种\n- 易发生变异，有多个克隆品系\n\n## 著名产区\n- **法国勃艮第**：黑皮诺的精神故乡，顶级产区\n- **新西兰中奥塔哥**：新世界黑皮诺的典范\n- **美国俄勒冈州**：凉爽气候产优质黑皮诺\n- **德国**：称为Spätburgunder\n\n## 风味描述\n红樱桃、草莓、覆盆子、玫瑰、紫罗兰、森林地表、蘑菇等香气，单宁柔和，酸度明亮，酒体轻盈至中等。\n\n## 餐酒搭配\n适合搭配鸭肉、三文鱼、蘑菇、软质奶酪等。', '2026-01-02 10:30:00');
INSERT INTO `wiki_revision` VALUES (54, 11, 1, 'demo', '创建词条', '# 霞多丽\n\n## 简介\n霞多丽（Chardonnay）是世界上种植最广泛的白葡萄品种，起源于法国勃艮第，以其多变的风格和卓越的品质闻名。\n\n## 品种特性\n- 适应性强，几乎可在任何产区种植\n- 早熟品种\n- 产量稳定\n- 本身香气较中性，易受酿酒工艺影响\n\n## 主要产区\n- **法国勃艮第**：如夏布利、默尔索、蒙哈榭\n- **法国香槟区**：香槟的主要混酿品种\n- **美国加州**：浓郁奶油风格\n- **澳大利亚**：果味浓郁的新世界风格\n\n## 风格多样性\n- **未过桶**：柑橘、青苹果、矿物质风味，清爽活泼\n- **过桶**：黄油、香草、烤面包、榛果风味，浓郁圆润\n\n## 配餐建议\n清爽型适合海鲜、沙拉；浓郁型适合烤鸡、奶油酱汁菜肴。', '2026-01-02 11:00:00');
INSERT INTO `wiki_revision` VALUES (55, 12, 1, 'demo', '创建词条', '# 雷司令\n\n## 概述\n雷司令（Riesling）是起源于德国的芳香型白葡萄品种，以其卓越的品质和多样的风格被誉为\"最高贵的白葡萄品种\"之一。\n\n## 品种特征\n- 晚熟品种，生长期长\n- 高酸度，陈年潜力极佳\n- 香气浓郁，品种特征明显\n- 能忠实反映风土特色\n\n## 经典产区\n- **德国摩泽尔**：优雅精致，矿物感强\n- **德国莱茵高**：结构紧实，陈年潜力大\n- **法国阿尔萨斯**：多为干型，酒体饱满\n- **澳大利亚克莱尔谷**：纯净的柑橘风味\n\n## 甜度分级（德国）\n从干到甜：Kabinett < Spätlese < Auslese < Beerenauslese < Trockenbeerenauslese\n\n## 风味特点\n柠檬、青苹果、白桃、杏、蜂蜜、汽油（陈年后），高酸度，风格从清爽到甜美。', '2026-01-02 14:00:00');
INSERT INTO `wiki_revision` VALUES (56, 13, 1, 'demo', '创建词条', '# 苏格兰威士忌\n\n## 定义\n苏格兰威士忌（Scotch Whisky）必须在苏格兰蒸馏和陈年至少三年，使用橡木桶陈酿，酒精度至少40%。\n\n## 五大产区\n- **高地（Highlands）**：风格多样，从轻盈到浓郁\n- **低地（Lowlands）**：温和清淡，花香明显\n- **艾雷岛（Islay）**：重泥煤，海洋气息\n- **斯佩塞（Speyside）**：优雅精致，果香丰富\n- **坎贝尔镇（Campbeltown）**：盐味，复杂\n\n## 主要类型\n- **单一麦芽（Single Malt）**：单一蒸馏厂的麦芽威士忌\n- **调和威士忌（Blended）**：混合多种麦芽和谷物威士忌\n- **单一谷物（Single Grain）**：使用其他谷物\n\n## 风味特征\n泥煤烟熏、麦芽、蜂蜜、香草、果脯、海盐等，口感复杂多层次。', '2026-01-02 15:00:00');
INSERT INTO `wiki_revision` VALUES (57, 14, 1, 'demo', '创建词条', '# 波本威士忌\n\n## 概述\n波本威士忌（Bourbon Whiskey）是美国威士忌的代表，主要产于肯塔基州，以其甜美的口感和香草风味著称。\n\n## 法定要求\n- 原料中至少51%为玉米\n- 必须使用全新烧烤过的美国橡木桶\n- 入桶时酒精度不超过62.5%\n- 装瓶酒精度至少40%\n- 必须在美国生产\n\n## 主要产区\n- **肯塔基州**：95%的波本产于此\n- **田纳西州**：田纳西威士忌是波本的变体\n\n## 著名品牌\n- Jim Beam（占边）\n- Maker\'s Mark（美格）\n- Wild Turkey（野火鸡）\n- Woodford Reserve（伍德福德）\n\n## 风味特点\n焦糖、香草、玉米甜味、橡木、肉桂、坚果，口感圆润甜美，回味温暖。\n\n## 经典饮用方式\n纯饮、加冰、制作Old Fashioned等经典鸡尾酒。', '2026-01-02 16:00:00');
INSERT INTO `wiki_revision` VALUES (58, 15, 1, 'demo', '创建词条', '# 日本威士忌\n\n## 简介\n日本威士忌起源于20世纪初，师从苏格兰传统，融合日本匠人精神，发展出独特的精致优雅风格。\n\n## 发展历史\n- 1923年，竹鹤政孝和鸟井信治郎创建山崎蒸馏厂\n- 1934年，竹鹤创立余市蒸馏厂\n- 21世纪初开始在国际大赛中频频获奖\n- 近年来价格飙升，一瓶难求\n\n## 主要品牌\n- **三得利（Suntory）**：山崎、白州、响\n- **日果（Nikka）**：余市、宫城峡、竹鹤\n- **Mars**：信州蒸馏厂\n- **Chichibu**：秩父蒸馏厂\n\n## 风格特点\n- 注重平衡与和谐\n- 口感细腻精致\n- 泥煤使用较轻\n- 水源纯净\n- 混酿技术高超\n\n## 著名酒款\n响17年、山崎18年、竹鹤17年等在国际大赛中屡获殊荣。', '2026-01-02 17:00:00');
INSERT INTO `wiki_revision` VALUES (59, 16, 1, 'demo', '创建词条', '# 伏特加\n\n## 概述\n伏特加（Vodka）是起源于俄罗斯和波兰的烈性蒸馏酒，以纯净、无色、无明显风味为特征，是世界销量最大的烈酒。\n\n## 酿造原料\n- 传统：小麦、黑麦、马铃薯\n- 现代：几乎任何含淀粉或糖分的原料\n- 优质伏特加多使用谷物\n\n## 生产工艺\n- 发酵后多次蒸馏（通常3-5次）\n- 使用活性炭或其他物质过滤\n- 追求纯净，去除杂味\n- 加水稀释至适当酒精度（通常40%）\n\n## 著名品牌\n- **俄罗斯**：Stolichnaya（苏联红牌）、Russian Standard\n- **波兰**：Belvedere（雪树）、Chopin（肖邦）\n- **瑞典**：Absolut（绝对伏特加）\n- **法国**：Grey Goose（灰雁）\n\n## 饮用方式\n纯饮（冰镇）、调制鸡尾酒（莫斯科骡子、血腥玛丽、马提尼等）。', '2026-01-03 09:00:00');
INSERT INTO `wiki_revision` VALUES (60, 17, 1, 'demo', '创建词条', '# 朗姆酒\n\n## 简介\n朗姆酒（Rum）是以甘蔗汁或糖蜜为原料蒸馏而成的烈酒，起源于加勒比海地区，与航海、海盗文化紧密相连。\n\n## 历史渊源\n17世纪，加勒比地区的甘蔗种植园开始生产朗姆酒，很快成为海盗和水手的最爱，英国皇家海军曾将朗姆酒作为配给。\n\n## 主要类型\n- **白朗姆（White Rum）**：清淡，适合调酒\n- **金朗姆（Gold Rum）**：木桶陈酿，金黄色\n- **黑朗姆（Dark Rum）**：长时间陈酿，颜色深，风味浓\n- **香料朗姆（Spiced Rum）**：添加香料\n- **陈年朗姆（Aged Rum）**：长期陈酿，如干邑般复杂\n\n## 主要产区\n- 古巴、牙买加、波多黎各、巴巴多斯、马提尼克\n\n## 经典鸡尾酒\nMojito（莫吉托）、Daiquiri（黛克瑞）、Piña Colada（椰林飘香）、Mai Tai（迈泰）。', '2026-01-03 10:00:00');
INSERT INTO `wiki_revision` VALUES (61, 18, 1, 'demo', '创建词条', '# 龙舌兰\n\n## 概述\n龙舌兰酒（Tequila）是墨西哥的国酒，以蓝色龙舌兰（Blue Agave）植物的鳞茎为原料蒸馏而成，必须产于墨西哥特定地区。\n\n## 产区规定\n- 必须产于墨西哥哈利斯科州及周边特定地区\n- 至少51%的原料必须是蓝色龙舌兰\n- 100% Agave标注表示完全使用龙舌兰\n\n## 生产过程\n1. 收获8-12年的成熟龙舌兰\n2. 去除叶片，保留鳞茎（Piña）\n3. 蒸煮鳞茎，转化淀粉为糖\n4. 榨汁、发酵、蒸馏\n5. 陈酿或直接装瓶\n\n## 类型分级\n- **Blanco（银/白）**：未陈酿或陈酿不超过2个月\n- **Reposado（陈酿）**：陈酿2-12个月\n- **Añejo（特陈）**：陈酿1-3年\n- **Extra Añejo**：陈酿超过3年\n\n## 饮用文化\n传统：盐+龙舌兰+柠檬；现代：品鉴级龙舌兰适合纯饮；调酒：玛格丽特等。', '2026-01-03 11:00:00');
INSERT INTO `wiki_revision` VALUES (62, 19, 1, 'demo', '创建词条', '# 莫吉托\n\n## 简介\nMojito（莫吉托）是一款源自古巴的经典鸡尾酒，以清爽的薄荷和柠檬风味闻名，是夏日最受欢迎的鸡尾酒之一。\n\n## 历史传说\n莫吉托起源于16世纪的古巴哈瓦那，据说海盗弗朗西斯·德雷克的船员们最早调制了这款饮料的雏形，用以掩盖劣质朗姆酒的味道。\n\n## 标准配方\n- 白朗姆酒 45ml\n- 青柠汁 20ml\n- 糖浆 15ml\n- 新鲜薄荷叶 6-8片\n- 苏打水 适量\n- 碎冰\n\n## 调制步骤\n1. 在杯中放入薄荷叶和糖浆，轻轻捣碎（Muddle）\n2. 加入青柠汁和朗姆酒\n3. 加满碎冰，搅拌\n4. 倒入苏打水至满\n5. 薄荷叶和青柠片装饰\n\n## 变体\n草莓莫吉托、百香果莫吉托、无酒精莫吉托（Virgin Mojito）等。\n\n## 名人轶事\n美国作家海明威是莫吉托的忠实粉丝，古巴哈瓦那的La Bodeguita del Medio酒吧因他而闻名。', '2026-01-03 14:00:00');
INSERT INTO `wiki_revision` VALUES (63, 20, 1, 'demo', '创建词条', '# 玛格丽特\n\n## 概述\nMargarita（玛格丽特）是以龙舌兰为基酒的经典鸡尾酒，以其完美的酸甜平衡和标志性的盐边装饰而闻名，是世界上最受欢迎的鸡尾酒之一。\n\n## 起源传说\n关于玛格丽特的起源有多个版本：\n- **最流行版本**：1938年，墨西哥调酒师为纪念去世的恋人Margarita而创作\n- **另一版本**：1948年，德州社交名媛Margarita Sames在派对上发明\n\n## 经典配方（IBA标准）\n- 龙舌兰酒 50ml（建议使用100% Agave）\n- 橙味力娇酒（Cointreau/Triple Sec）20ml\n- 新鲜青柠汁 15ml\n- 盐边装饰\n\n## 调制方法\n1. 用青柠片湿润杯口，沾上盐形成盐边\n2. 将所有液体材料加冰摇匀（Shake）\n3. 滤冰倒入杯中\n4. 青柠片装饰\n\n## 常见变体\n- **冰沙玛格丽特（Frozen Margarita）**：碎冰机打碎\n- **草莓玛格丽特**：加入新鲜草莓\n- **Tommy\'s Margarita**：用龙舌兰糖浆代替橙酒\n\n## 饮用场合\n派对、墨西哥餐厅、海滩酒吧、夏日聚会。', '2026-01-03 15:30:00');

-- ----------------------------
-- Table structure for activity
-- ----------------------------
DROP TABLE IF EXISTS `activity`;
CREATE TABLE `activity`  (
  `id` bigint(20) NOT NULL AUTO_INCREMENT,
  `organizer_id` bigint(20) NOT NULL COMMENT '发起者ID',
  `activity_time` timestamp NOT NULL COMMENT '活动时间',
  `beverage_id` bigint(20) NULL DEFAULT NULL COMMENT '主要酒类ID（保留用于兼容旧数据）',
  `alcohol_ids` json NULL COMMENT '酒类标签ID列表（JSON格式，最多2个）',
  `bar_id` bigint(20) NULL DEFAULT NULL COMMENT '酒吧ID',
  `max_participants` int(11) NOT NULL COMMENT '参与人数上限',
  `remark` text CHARACTER SET utf8mb4 COLLATE utf8mb4_unicode_ci NULL COMMENT '备注',
  `review_status` enum('PENDING','APPROVED','REJECTED') CHARACTER SET utf8mb4 COLLATE utf8mb4_unicode_ci NULL DEFAULT 'PENDING' COMMENT '审核状态',
  `reviewed_by` bigint(20) NULL DEFAULT NULL COMMENT '审核人ID',
  `reviewed_at` timestamp NULL DEFAULT NULL COMMENT '审核时间',
  `reject_reason` varchar(500) CHARACTER SET utf8mb4 COLLATE utf8mb4_unicode_ci NULL DEFAULT NULL COMMENT '拒绝原因',
  `status` enum('PENDING','APPROVED','REJECTED','ONGOING','FINISHED','CANCELLED') CHARACTER SET utf8mb4 COLLATE utf8mb4_unicode_ci NULL DEFAULT 'PENDING' COMMENT '活动状态',
  `created_at` timestamp NULL DEFAULT CURRENT_TIMESTAMP,
  `updated_at` timestamp NULL DEFAULT CURRENT_TIMESTAMP ON UPDATE CURRENT_TIMESTAMP,
  `is_active` tinyint(1) NULL DEFAULT 1,
  PRIMARY KEY (`id`) USING BTREE,
  INDEX `idx_organizer`(`organizer_id` ASC) USING BTREE,
  INDEX `idx_beverage`(`beverage_id` ASC) USING BTREE,
  INDEX `idx_bar`(`bar_id` ASC) USING BTREE,
  INDEX `idx_review_status`(`review_status` ASC) USING BTREE,
  INDEX `idx_status`(`status` ASC) USING BTREE,
  INDEX `idx_activity_time`(`activity_time` ASC) USING BTREE,
  CONSTRAINT `activity_ibfk_1` FOREIGN KEY (`organizer_id`) REFERENCES `user` (`id`) ON DELETE CASCADE ON UPDATE RESTRICT,
  CONSTRAINT `activity_ibfk_2` FOREIGN KEY (`beverage_id`) REFERENCES `beverage` (`id`) ON DELETE SET NULL ON UPDATE RESTRICT,
  CONSTRAINT `activity_ibfk_3` FOREIGN KEY (`bar_id`) REFERENCES `bar` (`id`) ON DELETE SET NULL ON UPDATE RESTRICT,
  CONSTRAINT `activity_ibfk_4` FOREIGN KEY (`reviewed_by`) REFERENCES `user` (`id`) ON DELETE SET NULL ON UPDATE RESTRICT
) ENGINE = InnoDB AUTO_INCREMENT = 1 CHARACTER SET = utf8mb4 COLLATE = utf8mb4_unicode_ci COMMENT = '活动表' ROW_FORMAT = DYNAMIC;

-- ----------------------------
-- Records of activity
-- ----------------------------

-- ----------------------------
-- Table structure for activity_participant
-- ----------------------------
DROP TABLE IF EXISTS `activity_participant`;
CREATE TABLE `activity_participant`  (
  `id` bigint(20) NOT NULL AUTO_INCREMENT,
  `activity_id` bigint(20) NOT NULL COMMENT '活动ID',
  `user_id` bigint(20) NOT NULL COMMENT '参与者ID',
  `joined_at` timestamp NULL DEFAULT CURRENT_TIMESTAMP COMMENT '参与时间',
  `has_reviewed` tinyint(1) NULL DEFAULT 0 COMMENT '是否已评价',
  PRIMARY KEY (`id`) USING BTREE,
  UNIQUE INDEX `uk_activity_user`(`activity_id` ASC, `user_id` ASC) USING BTREE,
  INDEX `idx_activity`(`activity_id` ASC) USING BTREE,
  INDEX `idx_user`(`user_id` ASC) USING BTREE,
  CONSTRAINT `activity_participant_ibfk_1` FOREIGN KEY (`activity_id`) REFERENCES `activity` (`id`) ON DELETE CASCADE ON UPDATE RESTRICT,
  CONSTRAINT `activity_participant_ibfk_2` FOREIGN KEY (`user_id`) REFERENCES `user` (`id`) ON DELETE CASCADE ON UPDATE RESTRICT
) ENGINE = InnoDB AUTO_INCREMENT = 1 CHARACTER SET = utf8mb4 COLLATE = utf8mb4_unicode_ci COMMENT = '活动参与者表' ROW_FORMAT = DYNAMIC;

-- ----------------------------
-- Records of activity_participant
-- ----------------------------

-- ----------------------------
-- Table structure for alcohol
-- ----------------------------
DROP TABLE IF EXISTS `alcohol`;
CREATE TABLE `alcohol`  (
  `id` bigint(20) NOT NULL AUTO_INCREMENT,
  `name` varchar(100) CHARACTER SET utf8mb4 COLLATE utf8mb4_unicode_ci NOT NULL COMMENT '酒类名称',
  PRIMARY KEY (`id`) USING BTREE,
  UNIQUE INDEX `uk_name`(`name` ASC) USING BTREE,
  INDEX `idx_name`(`name` ASC) USING BTREE
) ENGINE = InnoDB AUTO_INCREMENT = 1 CHARACTER SET = utf8mb4 COLLATE = utf8mb4_unicode_ci COMMENT = '酒类表' ROW_FORMAT = DYNAMIC;

-- ----------------------------
-- Records of alcohol
-- ----------------------------
-- 从bar表的main_beverages字段中提取酒类数据
-- 处理包含顿号"、"分隔的多个酒类，以及单个酒类的情况
INSERT INTO `alcohol` (`name`)
SELECT DISTINCT TRIM(beverage_name) AS name
FROM (
  -- 处理单个酒类（没有顿号）
  SELECT main_beverages AS beverage_name
  FROM `bar`
  WHERE main_beverages IS NOT NULL 
    AND main_beverages != ''
    AND main_beverages NOT LIKE '%、%'
  
  UNION ALL
  
  -- 处理多个酒类（有顿号分隔）
  SELECT SUBSTRING_INDEX(SUBSTRING_INDEX(b.main_beverages, '、', n.n), '、', -1) AS beverage_name
  FROM `bar` b
  CROSS JOIN (
    SELECT 1 AS n UNION ALL SELECT 2 UNION ALL SELECT 3 UNION ALL SELECT 4 UNION ALL SELECT 5 
    UNION ALL SELECT 6 UNION ALL SELECT 7 UNION ALL SELECT 8 UNION ALL SELECT 9 UNION ALL SELECT 10
  ) n
  WHERE b.main_beverages IS NOT NULL 
    AND b.main_beverages != ''
    AND b.main_beverages LIKE '%、%'
    AND CHAR_LENGTH(b.main_beverages) - CHAR_LENGTH(REPLACE(b.main_beverages, '、', '')) >= n.n - 1
) AS extracted
WHERE TRIM(beverage_name) != ''
ORDER BY name;

-- ----------------------------
-- 数据库迁移脚本（用于已存在的数据库）
-- 如果activity表已存在，请执行以下SQL语句进行升级
-- 注意：执行前请先备份数据库
-- 如果字段或约束已存在，执行相应语句会报错，可以安全忽略
-- ----------------------------

-- 注意：如果使用完整的SQL文件创建新数据库，CREATE TABLE activity已经包含了alcohol_ids字段
-- 以下迁移脚本仅适用于已存在的旧数据库，如果字段已存在请注释掉相应语句

-- 1. 为activity表添加alcohol_ids字段
-- 如果字段已存在（例如使用完整SQL文件创建），请注释掉此语句
-- ALTER TABLE `activity` 
-- ADD COLUMN `alcohol_ids` JSON NULL COMMENT '酒类标签ID列表（JSON格式，最多2个）' AFTER `beverage_id`;

-- 2. 修改beverage_id字段为可NULL（兼容旧数据）
-- 如果字段已经是NULL，会报错但可以忽略
ALTER TABLE `activity` 
MODIFY COLUMN `beverage_id` bigint(20) NULL DEFAULT NULL COMMENT '主要酒类ID（保留用于兼容旧数据）';

-- 3. 修改外键约束，允许beverage_id为NULL时删除
-- 3.1 先删除旧的外键约束
-- 如果外键不存在，会报错：Can't DROP FOREIGN KEY 'activity_ibfk_2'; check that it exists，可以忽略
ALTER TABLE `activity` DROP FOREIGN KEY `activity_ibfk_2`;

-- 3.2 重新添加外键约束，允许NULL值
-- 如果外键已存在，会报错：Duplicate foreign key constraint name 'activity_ibfk_2'，可以忽略
ALTER TABLE `activity` 
ADD CONSTRAINT `activity_ibfk_2` FOREIGN KEY (`beverage_id`) REFERENCES `beverage` (`id`) ON DELETE SET NULL ON UPDATE RESTRICT;

-- 4. 为bar表添加主理人字段
-- 注意：如果使用完整的SQL文件创建新数据库，CREATE TABLE bar已经包含了manager_id和manager_name字段
-- 以下迁移脚本仅适用于已存在的旧数据库，如果字段已存在请注释掉相应语句

-- 4.1 添加manager_id字段
-- 如果字段已存在（例如使用完整SQL文件创建），请注释掉此语句
-- ALTER TABLE `bar` 
-- ADD COLUMN `manager_id` bigint(20) NULL DEFAULT NULL COMMENT '主理人ID' AFTER `owner_id`;

-- 4.2 添加manager_name字段
-- 如果字段已存在（例如使用完整SQL文件创建），请注释掉此语句
-- ALTER TABLE `bar` 
-- ADD COLUMN `manager_name` varchar(50) CHARACTER SET utf8mb4 COLLATE utf8mb4_unicode_ci NULL DEFAULT NULL COMMENT '主理人姓名' AFTER `manager_id`;

-- 4.3 添加manager_id索引
-- 如果索引已存在（例如使用完整SQL文件创建），请注释掉此语句
-- ALTER TABLE `bar` 
-- ADD INDEX `manager_id`(`manager_id` ASC) USING BTREE;

-- 4.4 添加manager_id外键约束
-- 如果外键已存在（例如使用完整SQL文件创建），请注释掉此语句
-- ALTER TABLE `bar` 
-- ADD CONSTRAINT `bar_ibfk_3` FOREIGN KEY (`manager_id`) REFERENCES `user` (`id`) ON DELETE SET NULL ON UPDATE RESTRICT;

SET FOREIGN_KEY_CHECKS = 1;
